

Microchip MPLAB XC8 Assembler V3.00 build 20241204225717 
                                                                                               Thu Mar 20 03:19:28 2025

Microchip MPLAB XC8 C Compiler v3.00 (Free license) build 20241204225717 Og1 
     1                           	processor	18F4580
     2                           	fnconf	rparam,??,?,0
     3                           	pagewidth 120
     4                           	opt	flic
     5                           	psect	idataCOMRAM,global,class=CODE,space=0,delta=1,noexec
     6                           	psect	idataBANK0,global,class=CODE,space=0,delta=1,noexec
     7                           	psect	mediumconst,global,reloc=2,class=MEDIUMCONST,space=0,delta=1,noexec
     8                           	psect	cinit,global,reloc=2,class=CODE,space=0,delta=1
     9                           	psect	bssCOMRAM,global,class=COMRAM,space=1,delta=1,lowdata,noexec
    10                           	psect	dataCOMRAM,global,class=COMRAM,space=1,delta=1,lowdata,noexec
    11                           	psect	bssBANK0,global,class=BANK0,space=1,delta=1,lowdata,noexec
    12                           	psect	dataBANK0,global,class=BANK0,space=1,delta=1,lowdata,noexec
    13                           	psect	bssBANK1,global,class=BANK1,space=1,delta=1,lowdata,noexec
    14                           	psect	bssBANK2,global,class=BANK2,space=1,delta=1,lowdata,noexec
    15                           	psect	cstackCOMRAM,global,class=COMRAM,space=1,delta=1,lowdata,noexec
    16                           	psect	text0,global,reloc=2,class=CODE,space=0,delta=1
    17                           	psect	text1,global,reloc=2,class=CODE,space=0,delta=1
    18                           	psect	text2,global,reloc=2,class=CODE,space=0,delta=1
    19                           	psect	text3,global,reloc=2,class=CODE,space=0,delta=1
    20                           	psect	text4,global,reloc=2,class=CODE,space=0,delta=1
    21                           	psect	text5,global,reloc=2,class=CODE,space=0,delta=1
    22                           	psect	text6,global,reloc=2,class=CODE,space=0,delta=1,group=1
    23                           	psect	text7,global,reloc=2,class=CODE,space=0,delta=1,group=1
    24                           	psect	text8,global,reloc=2,class=CODE,space=0,delta=1,group=1
    25                           	psect	text9,global,reloc=2,class=CODE,space=0,delta=1
    26                           	psect	text10,global,reloc=2,class=CODE,space=0,delta=1
    27                           	psect	text11,global,reloc=2,class=CODE,space=0,delta=1,group=1
    28                           	psect	text12,global,reloc=2,class=CODE,space=0,delta=1,group=1
    29                           	psect	text13,global,reloc=2,class=CODE,space=0,delta=1
    30                           	psect	text14,global,reloc=2,class=CODE,space=0,delta=1
    31                           	psect	text15,global,reloc=2,class=CODE,space=0,delta=1
    32                           	psect	text16,global,reloc=2,class=CODE,space=0,delta=1
    33                           	psect	text17,global,reloc=2,class=CODE,space=0,delta=1
    34                           	psect	text18,global,reloc=2,class=CODE,space=0,delta=1
    35                           	psect	text19,global,reloc=2,class=CODE,space=0,delta=1
    36                           	psect	text20,global,reloc=2,class=CODE,space=0,delta=1
    37                           	psect	text21,global,reloc=2,class=CODE,space=0,delta=1
    38                           	psect	text22,global,reloc=2,class=CODE,space=0,delta=1
    39                           	psect	text23,global,reloc=2,class=CODE,space=0,delta=1
    40                           	psect	text24,global,reloc=2,class=CODE,space=0,delta=1
    41                           	psect	text25,global,reloc=2,class=CODE,space=0,delta=1
    42                           	psect	text26,global,reloc=2,class=CODE,space=0,delta=1
    43                           	psect	text27,global,reloc=2,class=CODE,space=0,delta=1
    44                           	psect	text28,global,reloc=2,class=CODE,space=0,delta=1
    45                           	psect	text29,global,reloc=2,class=CODE,space=0,delta=1
    46                           	psect	text30,global,reloc=2,class=CODE,space=0,delta=1
    47                           	psect	text31,global,reloc=2,class=CODE,space=0,delta=1
    48                           	psect	text32,global,reloc=2,class=CODE,space=0,delta=1
    49                           	psect	text33,global,reloc=2,class=CODE,space=0,delta=1
    50                           	psect	text34,global,reloc=2,class=CODE,space=0,delta=1
    51                           	psect	text35,global,reloc=2,class=CODE,space=0,delta=1
    52                           	psect	text36,global,reloc=2,class=CODE,space=0,delta=1
    53                           	psect	text37,global,reloc=2,class=CODE,space=0,delta=1
    54                           	psect	text38,global,reloc=2,class=CODE,space=0,delta=1
    55                           	psect	text39,global,reloc=2,class=CODE,space=0,delta=1
    56                           	psect	text40,global,reloc=2,class=CODE,space=0,delta=1
    57                           	psect	text41,global,reloc=2,class=CODE,space=0,delta=1
    58                           	psect	text42,global,reloc=2,class=CODE,space=0,delta=1
    59                           	psect	text43,global,reloc=2,class=CODE,space=0,delta=1
    60                           	psect	intsave_regs,global,class=BIGRAM,space=1,delta=1,noexec
    61                           	psect	rparam,global,class=COMRAM,space=1,delta=1,noexec
    62                           	psect	idloc,global,abs,ovrld,class=IDLOC,space=5,delta=1,noexec
    63                           	psect	config,global,abs,ovrld,class=CONFIG,space=4,delta=1,noexec
    64   000000                     
    65                           ; Version 2.20
    66                           ; Generated 12/02/2020 GMT
    67                           ; 
    68                           ; Copyright © 2020, Microchip Technology Inc. and its subsidiaries ("Microchip")
    69                           ; All rights reserved.
    70                           ; 
    71                           ; This software is developed by Microchip Technology Inc. and its subsidiaries ("Microch
      +                          ip").
    72                           ; 
    73                           ; Redistribution and use in source and binary forms, with or without modification, are
    74                           ; permitted provided that the following conditions are met:
    75                           ; 
    76                           ;     1. Redistributions of source code must retain the above copyright notice, this lis
      +                          t of
    77                           ;        conditions and the following disclaimer.
    78                           ; 
    79                           ;     2. Redistributions in binary form must reproduce the above copyright notice, this 
      +                          list
    80                           ;        of conditions and the following disclaimer in the documentation and/or other
    81                           ;        materials provided with the distribution.
    82                           ; 
    83                           ;     3. Microchip's name may not be used to endorse or promote products derived from th
      +                          is
    84                           ;        software without specific prior written permission.
    85                           ; 
    86                           ; THIS SOFTWARE IS PROVIDED BY MICROCHIP "AS IS" AND ANY EXPRESS OR IMPLIED WARRANTIES,
    87                           ; INCLUDING, BUT NOT LIMITED TO, THE IMPLIED WARRANTIES OF MERCHANTABILITY AND FITNESS F
      +                          OR
    88                           ; PURPOSE ARE DISCLAIMED.  IN NO EVENT SHALL MICROCHIP BE LIABLE FOR ANY DIRECT, INDIREC
      +                          T,
    89                           ; INCIDENTAL, SPECIAL, EXEMPLARY, OR CONSEQUENTIAL DAMAGES (INCLUDING BUT NOT LIMITED TO
    90                           ; PROCUREMENT OF SUBSTITUTE GOODS OR SERVICES; LOSS OF USE, DATA OR PROFITS; OR BUSINESS
    91                           ; INTERRUPTION) HOWSOEVER CAUSED AND ON ANY THEORY OF LIABILITY, WHETHER IN CONTRACT, ST
      +                          RICT
    92                           ; LIABILITY, OR TORT (INCLUDING NEGLIGENCE OR OTHERWISE) ARISING IN ANY WAY OUT OF THE U
      +                          SE OF
    93                           ; THIS SOFTWARE, EVEN IF ADVISED OF THE POSSIBILITY OF SUCH DAMAGE.
    94                           ; 
    95                           ; 
    96                           ; Code-generator required, PIC18F4580 Definitions
    97                           ; 
    98                           ; SFR Addresses
    99   000FE0                     bsr             equ	4064
   100   000FE9                     fsr0            equ	4073
   101   000FEA                     fsr0h           equ	4074
   102   000FE9                     fsr0l           equ	4073
   103   000FE1                     fsr1            equ	4065
   104   000FE2                     fsr1h           equ	4066
   105   000FE1                     fsr1l           equ	4065
   106   000FD9                     fsr2            equ	4057
   107   000FDA                     fsr2h           equ	4058
   108   000FD9                     fsr2l           equ	4057
   109   000FEF                     indf0           equ	4079
   110   000FE7                     indf1           equ	4071
   111   000FDF                     indf2           equ	4063
   112   000FF2                     intcon          equ	4082
   113   000000                     nvmcon          equ	0
   114   000FF9                     pcl             equ	4089
   115   000FFA                     pclath          equ	4090
   116   000FFB                     pclatu          equ	4091
   117   000FEB                     plusw0          equ	4075
   118   000FE3                     plusw1          equ	4067
   119   000FDB                     plusw2          equ	4059
   120   000FED                     postdec0        equ	4077
   121   000FE5                     postdec1        equ	4069
   122   000FDD                     postdec2        equ	4061
   123   000FEE                     postinc0        equ	4078
   124   000FE6                     postinc1        equ	4070
   125   000FDE                     postinc2        equ	4062
   126   000FEC                     preinc0         equ	4076
   127   000FE4                     preinc1         equ	4068
   128   000FDC                     preinc2         equ	4060
   129   000FF3                     prod            equ	4083
   130   000FF4                     prodh           equ	4084
   131   000FF3                     prodl           equ	4083
   132   000FD8                     status          equ	4056
   133   000FF5                     tablat          equ	4085
   134   000FF6                     tblptr          equ	4086
   135   000FF7                     tblptrh         equ	4087
   136   000FF6                     tblptrl         equ	4086
   137   000FF8                     tblptru         equ	4088
   138   000FFD                     tosl            equ	4093
   139   000FE8                     wreg            equ	4072
   140   000D60                     RXF6SIDH        equ	3424	;# 
   141   000D61                     RXF6SIDL        equ	3425	;# 
   142   000D62                     RXF6EIDH        equ	3426	;# 
   143   000D63                     RXF6EIDL        equ	3427	;# 
   144   000D64                     RXF7SIDH        equ	3428	;# 
   145   000D65                     RXF7SIDL        equ	3429	;# 
   146   000D66                     RXF7EIDH        equ	3430	;# 
   147   000D67                     RXF7EIDL        equ	3431	;# 
   148   000D68                     RXF8SIDH        equ	3432	;# 
   149   000D69                     RXF8SIDL        equ	3433	;# 
   150   000D6A                     RXF8EIDH        equ	3434	;# 
   151   000D6B                     RXF8EIDL        equ	3435	;# 
   152   000D70                     RXF9SIDH        equ	3440	;# 
   153   000D71                     RXF9SIDL        equ	3441	;# 
   154   000D72                     RXF9EIDH        equ	3442	;# 
   155   000D73                     RXF9EIDL        equ	3443	;# 
   156   000D74                     RXF10SIDH       equ	3444	;# 
   157   000D75                     RXF10SIDL       equ	3445	;# 
   158   000D76                     RXF10EIDH       equ	3446	;# 
   159   000D77                     RXF10EIDL       equ	3447	;# 
   160   000D78                     RXF11SIDH       equ	3448	;# 
   161   000D79                     RXF11SIDL       equ	3449	;# 
   162   000D7A                     RXF11EIDH       equ	3450	;# 
   163   000D7B                     RXF11EIDL       equ	3451	;# 
   164   000D80                     RXF12SIDH       equ	3456	;# 
   165   000D81                     RXF12SIDL       equ	3457	;# 
   166   000D82                     RXF12EIDH       equ	3458	;# 
   167   000D83                     RXF12EIDL       equ	3459	;# 
   168   000D84                     RXF13SIDH       equ	3460	;# 
   169   000D85                     RXF13SIDL       equ	3461	;# 
   170   000D86                     RXF13EIDH       equ	3462	;# 
   171   000D87                     RXF13EIDL       equ	3463	;# 
   172   000D88                     RXF14SIDH       equ	3464	;# 
   173   000D89                     RXF14SIDL       equ	3465	;# 
   174   000D8A                     RXF14EIDH       equ	3466	;# 
   175   000D8B                     RXF14EIDL       equ	3467	;# 
   176   000D90                     RXF15SIDH       equ	3472	;# 
   177   000D91                     RXF15SIDL       equ	3473	;# 
   178   000D92                     RXF15EIDH       equ	3474	;# 
   179   000D93                     RXF15EIDL       equ	3475	;# 
   180   000DD4                     RXFCON0         equ	3540	;# 
   181   000DD5                     RXFCON1         equ	3541	;# 
   182   000DD8                     SDFLC           equ	3544	;# 
   183   000DE0                     RXFBCON0        equ	3552	;# 
   184   000DE1                     RXFBCON1        equ	3553	;# 
   185   000DE2                     RXFBCON2        equ	3554	;# 
   186   000DE3                     RXFBCON3        equ	3555	;# 
   187   000DE4                     RXFBCON4        equ	3556	;# 
   188   000DE5                     RXFBCON5        equ	3557	;# 
   189   000DE6                     RXFBCON6        equ	3558	;# 
   190   000DE7                     RXFBCON7        equ	3559	;# 
   191   000DF0                     MSEL0           equ	3568	;# 
   192   000DF1                     MSEL1           equ	3569	;# 
   193   000DF2                     MSEL2           equ	3570	;# 
   194   000DF3                     MSEL3           equ	3571	;# 
   195   000DF8                     BSEL0           equ	3576	;# 
   196   000DFA                     BIE0            equ	3578	;# 
   197   000DFC                     TXBIE           equ	3580	;# 
   198   000E20                     B0CON           equ	3616	;# 
   199   000E21                     B0SIDH          equ	3617	;# 
   200   000E22                     B0SIDL          equ	3618	;# 
   201   000E23                     B0EIDH          equ	3619	;# 
   202   000E24                     B0EIDL          equ	3620	;# 
   203   000E25                     B0DLC           equ	3621	;# 
   204   000E26                     B0D0            equ	3622	;# 
   205   000E27                     B0D1            equ	3623	;# 
   206   000E28                     B0D2            equ	3624	;# 
   207   000E29                     B0D3            equ	3625	;# 
   208   000E2A                     B0D4            equ	3626	;# 
   209   000E2B                     B0D5            equ	3627	;# 
   210   000E2C                     B0D6            equ	3628	;# 
   211   000E2D                     B0D7            equ	3629	;# 
   212   000E2E                     CANSTAT_RO9     equ	3630	;# 
   213   000E2F                     CANCON_RO9      equ	3631	;# 
   214   000E30                     B1CON           equ	3632	;# 
   215   000E31                     B1SIDH          equ	3633	;# 
   216   000E32                     B1SIDL          equ	3634	;# 
   217   000E33                     B1EIDH          equ	3635	;# 
   218   000E34                     B1EIDL          equ	3636	;# 
   219   000E35                     B1DLC           equ	3637	;# 
   220   000E36                     B1D0            equ	3638	;# 
   221   000E37                     B1D1            equ	3639	;# 
   222   000E38                     B1D2            equ	3640	;# 
   223   000E39                     B1D3            equ	3641	;# 
   224   000E3A                     B1D4            equ	3642	;# 
   225   000E3B                     B1D5            equ	3643	;# 
   226   000E3C                     B1D6            equ	3644	;# 
   227   000E3D                     B1D7            equ	3645	;# 
   228   000E3E                     CANSTAT_RO8     equ	3646	;# 
   229   000E3F                     CANCON_RO8      equ	3647	;# 
   230   000E40                     B2CON           equ	3648	;# 
   231   000E41                     B2SIDH          equ	3649	;# 
   232   000E42                     B2SIDL          equ	3650	;# 
   233   000E43                     B2EIDH          equ	3651	;# 
   234   000E44                     B2EIDL          equ	3652	;# 
   235   000E45                     B2DLC           equ	3653	;# 
   236   000E46                     B2D0            equ	3654	;# 
   237   000E47                     B2D1            equ	3655	;# 
   238   000E48                     B2D2            equ	3656	;# 
   239   000E49                     B2D3            equ	3657	;# 
   240   000E4A                     B2D4            equ	3658	;# 
   241   000E4B                     B2D5            equ	3659	;# 
   242   000E4C                     B2D6            equ	3660	;# 
   243   000E4D                     B2D7            equ	3661	;# 
   244   000E4E                     CANSTAT_RO7     equ	3662	;# 
   245   000E4F                     CANCON_RO7      equ	3663	;# 
   246   000E50                     B3CON           equ	3664	;# 
   247   000E51                     B3SIDH          equ	3665	;# 
   248   000E52                     B3SIDL          equ	3666	;# 
   249   000E53                     B3EIDH          equ	3667	;# 
   250   000E54                     B3EIDL          equ	3668	;# 
   251   000E55                     B3DLC           equ	3669	;# 
   252   000E56                     B3D0            equ	3670	;# 
   253   000E57                     B3D1            equ	3671	;# 
   254   000E58                     B3D2            equ	3672	;# 
   255   000E59                     B3D3            equ	3673	;# 
   256   000E5A                     B3D4            equ	3674	;# 
   257   000E5B                     B3D5            equ	3675	;# 
   258   000E5C                     B3D6            equ	3676	;# 
   259   000E5D                     B3D7            equ	3677	;# 
   260   000E5E                     CANSTAT_RO6     equ	3678	;# 
   261   000E5F                     CANCON_RO6      equ	3679	;# 
   262   000E60                     B4CON           equ	3680	;# 
   263   000E61                     B4SIDH          equ	3681	;# 
   264   000E62                     B4SIDL          equ	3682	;# 
   265   000E63                     B4EIDH          equ	3683	;# 
   266   000E64                     B4EIDL          equ	3684	;# 
   267   000E65                     B4DLC           equ	3685	;# 
   268   000E66                     B4D0            equ	3686	;# 
   269   000E67                     B4D1            equ	3687	;# 
   270   000E68                     B4D2            equ	3688	;# 
   271   000E69                     B4D3            equ	3689	;# 
   272   000E6A                     B4D4            equ	3690	;# 
   273   000E6B                     B4D5            equ	3691	;# 
   274   000E6C                     B4D6            equ	3692	;# 
   275   000E6D                     B4D7            equ	3693	;# 
   276   000E6E                     CANSTAT_RO5     equ	3694	;# 
   277   000E6F                     CANCON_RO5      equ	3695	;# 
   278   000E70                     B5CON           equ	3696	;# 
   279   000E71                     B5SIDH          equ	3697	;# 
   280   000E72                     B5SIDL          equ	3698	;# 
   281   000E73                     B5EIDH          equ	3699	;# 
   282   000E74                     B5EIDL          equ	3700	;# 
   283   000E75                     B5DLC           equ	3701	;# 
   284   000E76                     B5D0            equ	3702	;# 
   285   000E77                     B5D1            equ	3703	;# 
   286   000E78                     B5D2            equ	3704	;# 
   287   000E79                     B5D3            equ	3705	;# 
   288   000E7A                     B5D4            equ	3706	;# 
   289   000E7B                     B5D5            equ	3707	;# 
   290   000E7C                     B5D6            equ	3708	;# 
   291   000E7D                     B5D7            equ	3709	;# 
   292   000E7E                     CANSTAT_RO4     equ	3710	;# 
   293   000E7F                     CANCON_RO4      equ	3711	;# 
   294   000F00                     RXF0SIDH        equ	3840	;# 
   295   000F01                     RXF0SIDL        equ	3841	;# 
   296   000F02                     RXF0EIDH        equ	3842	;# 
   297   000F03                     RXF0EIDL        equ	3843	;# 
   298   000F04                     RXF1SIDH        equ	3844	;# 
   299   000F05                     RXF1SIDL        equ	3845	;# 
   300   000F06                     RXF1EIDH        equ	3846	;# 
   301   000F07                     RXF1EIDL        equ	3847	;# 
   302   000F08                     RXF2SIDH        equ	3848	;# 
   303   000F09                     RXF2SIDL        equ	3849	;# 
   304   000F0A                     RXF2EIDH        equ	3850	;# 
   305   000F0B                     RXF2EIDL        equ	3851	;# 
   306   000F0C                     RXF3SIDH        equ	3852	;# 
   307   000F0D                     RXF3SIDL        equ	3853	;# 
   308   000F0E                     RXF3EIDH        equ	3854	;# 
   309   000F0F                     RXF3EIDL        equ	3855	;# 
   310   000F10                     RXF4SIDH        equ	3856	;# 
   311   000F11                     RXF4SIDL        equ	3857	;# 
   312   000F12                     RXF4EIDH        equ	3858	;# 
   313   000F13                     RXF4EIDL        equ	3859	;# 
   314   000F14                     RXF5SIDH        equ	3860	;# 
   315   000F15                     RXF5SIDL        equ	3861	;# 
   316   000F16                     RXF5EIDH        equ	3862	;# 
   317   000F17                     RXF5EIDL        equ	3863	;# 
   318   000F18                     RXM0SIDH        equ	3864	;# 
   319   000F19                     RXM0SIDL        equ	3865	;# 
   320   000F1A                     RXM0EIDH        equ	3866	;# 
   321   000F1B                     RXM0EIDL        equ	3867	;# 
   322   000F1C                     RXM1SIDH        equ	3868	;# 
   323   000F1D                     RXM1SIDL        equ	3869	;# 
   324   000F1E                     RXM1EIDH        equ	3870	;# 
   325   000F1F                     RXM1EIDL        equ	3871	;# 
   326   000F20                     TXB2CON         equ	3872	;# 
   327   000F21                     TXB2SIDH        equ	3873	;# 
   328   000F22                     TXB2SIDL        equ	3874	;# 
   329   000F23                     TXB2EIDH        equ	3875	;# 
   330   000F24                     TXB2EIDL        equ	3876	;# 
   331   000F25                     TXB2DLC         equ	3877	;# 
   332   000F26                     TXB2D0          equ	3878	;# 
   333   000F27                     TXB2D1          equ	3879	;# 
   334   000F28                     TXB2D2          equ	3880	;# 
   335   000F29                     TXB2D3          equ	3881	;# 
   336   000F2A                     TXB2D4          equ	3882	;# 
   337   000F2B                     TXB2D5          equ	3883	;# 
   338   000F2C                     TXB2D6          equ	3884	;# 
   339   000F2D                     TXB2D7          equ	3885	;# 
   340   000F2E                     CANSTAT_RO3     equ	3886	;# 
   341   000F2F                     CANCON_RO3      equ	3887	;# 
   342   000F30                     TXB1CON         equ	3888	;# 
   343   000F31                     TXB1SIDH        equ	3889	;# 
   344   000F32                     TXB1SIDL        equ	3890	;# 
   345   000F33                     TXB1EIDH        equ	3891	;# 
   346   000F34                     TXB1EIDL        equ	3892	;# 
   347   000F35                     TXB1DLC         equ	3893	;# 
   348   000F36                     TXB1D0          equ	3894	;# 
   349   000F37                     TXB1D1          equ	3895	;# 
   350   000F38                     TXB1D2          equ	3896	;# 
   351   000F39                     TXB1D3          equ	3897	;# 
   352   000F3A                     TXB1D4          equ	3898	;# 
   353   000F3B                     TXB1D5          equ	3899	;# 
   354   000F3C                     TXB1D6          equ	3900	;# 
   355   000F3D                     TXB1D7          equ	3901	;# 
   356   000F3E                     CANSTAT_RO2     equ	3902	;# 
   357   000F3F                     CANCON_RO2      equ	3903	;# 
   358   000F40                     TXB0CON         equ	3904	;# 
   359   000F41                     TXB0SIDH        equ	3905	;# 
   360   000F42                     TXB0SIDL        equ	3906	;# 
   361   000F43                     TXB0EIDH        equ	3907	;# 
   362   000F44                     TXB0EIDL        equ	3908	;# 
   363   000F45                     TXB0DLC         equ	3909	;# 
   364   000F46                     TXB0D0          equ	3910	;# 
   365   000F47                     TXB0D1          equ	3911	;# 
   366   000F48                     TXB0D2          equ	3912	;# 
   367   000F49                     TXB0D3          equ	3913	;# 
   368   000F4A                     TXB0D4          equ	3914	;# 
   369   000F4B                     TXB0D5          equ	3915	;# 
   370   000F4C                     TXB0D6          equ	3916	;# 
   371   000F4D                     TXB0D7          equ	3917	;# 
   372   000F4E                     CANSTAT_RO1     equ	3918	;# 
   373   000F4F                     CANCON_RO1      equ	3919	;# 
   374   000F50                     RXB1CON         equ	3920	;# 
   375   000F51                     RXB1SIDH        equ	3921	;# 
   376   000F52                     RXB1SIDL        equ	3922	;# 
   377   000F53                     RXB1EIDH        equ	3923	;# 
   378   000F54                     RXB1EIDL        equ	3924	;# 
   379   000F55                     RXB1DLC         equ	3925	;# 
   380   000F56                     RXB1D0          equ	3926	;# 
   381   000F57                     RXB1D1          equ	3927	;# 
   382   000F58                     RXB1D2          equ	3928	;# 
   383   000F59                     RXB1D3          equ	3929	;# 
   384   000F5A                     RXB1D4          equ	3930	;# 
   385   000F5B                     RXB1D5          equ	3931	;# 
   386   000F5C                     RXB1D6          equ	3932	;# 
   387   000F5D                     RXB1D7          equ	3933	;# 
   388   000F5E                     CANSTAT_RO0     equ	3934	;# 
   389   000F5F                     CANCON_RO0      equ	3935	;# 
   390   000F60                     RXB0CON         equ	3936	;# 
   391   000F61                     RXB0SIDH        equ	3937	;# 
   392   000F62                     RXB0SIDL        equ	3938	;# 
   393   000F63                     RXB0EIDH        equ	3939	;# 
   394   000F64                     RXB0EIDL        equ	3940	;# 
   395   000F65                     RXB0DLC         equ	3941	;# 
   396   000F66                     RXB0D0          equ	3942	;# 
   397   000F67                     RXB0D1          equ	3943	;# 
   398   000F68                     RXB0D2          equ	3944	;# 
   399   000F69                     RXB0D3          equ	3945	;# 
   400   000F6A                     RXB0D4          equ	3946	;# 
   401   000F6B                     RXB0D5          equ	3947	;# 
   402   000F6C                     RXB0D6          equ	3948	;# 
   403   000F6D                     RXB0D7          equ	3949	;# 
   404   000F6E                     CANSTAT         equ	3950	;# 
   405   000F6F                     CANCON          equ	3951	;# 
   406   000F70                     BRGCON1         equ	3952	;# 
   407   000F71                     BRGCON2         equ	3953	;# 
   408   000F72                     BRGCON3         equ	3954	;# 
   409   000F73                     CIOCON          equ	3955	;# 
   410   000F74                     COMSTAT         equ	3956	;# 
   411   000F75                     RXERRCNT        equ	3957	;# 
   412   000F76                     TXERRCNT        equ	3958	;# 
   413   000F77                     ECANCON         equ	3959	;# 
   414   000F80                     PORTA           equ	3968	;# 
   415   000F81                     PORTB           equ	3969	;# 
   416   000F82                     PORTC           equ	3970	;# 
   417   000F83                     PORTD           equ	3971	;# 
   418   000F84                     PORTE           equ	3972	;# 
   419   000F89                     LATA            equ	3977	;# 
   420   000F8A                     LATB            equ	3978	;# 
   421   000F8B                     LATC            equ	3979	;# 
   422   000F8C                     LATD            equ	3980	;# 
   423   000F8D                     LATE            equ	3981	;# 
   424   000F92                     TRISA           equ	3986	;# 
   425   000F92                     DDRA            equ	3986	;# 
   426   000F93                     TRISB           equ	3987	;# 
   427   000F93                     DDRB            equ	3987	;# 
   428   000F94                     TRISC           equ	3988	;# 
   429   000F94                     DDRC            equ	3988	;# 
   430   000F95                     TRISD           equ	3989	;# 
   431   000F95                     DDRD            equ	3989	;# 
   432   000F96                     TRISE           equ	3990	;# 
   433   000F96                     DDRE            equ	3990	;# 
   434   000F9B                     OSCTUNE         equ	3995	;# 
   435   000F9D                     PIE1            equ	3997	;# 
   436   000F9E                     PIR1            equ	3998	;# 
   437   000F9F                     IPR1            equ	3999	;# 
   438   000FA0                     PIE2            equ	4000	;# 
   439   000FA1                     PIR2            equ	4001	;# 
   440   000FA2                     IPR2            equ	4002	;# 
   441   000FA3                     PIE3            equ	4003	;# 
   442   000FA4                     PIR3            equ	4004	;# 
   443   000FA5                     IPR3            equ	4005	;# 
   444   000FA6                     EECON1          equ	4006	;# 
   445   000FA7                     EECON2          equ	4007	;# 
   446   000FA8                     EEDATA          equ	4008	;# 
   447   000FA9                     EEADR           equ	4009	;# 
   448   000FAB                     RCSTA           equ	4011	;# 
   449   000FAB                     RCSTA1          equ	4011	;# 
   450   000FAC                     TXSTA           equ	4012	;# 
   451   000FAC                     TXSTA1          equ	4012	;# 
   452   000FAD                     TXREG           equ	4013	;# 
   453   000FAD                     TXREG1          equ	4013	;# 
   454   000FAE                     RCREG           equ	4014	;# 
   455   000FAE                     RCREG1          equ	4014	;# 
   456   000FAF                     SPBRG           equ	4015	;# 
   457   000FAF                     SPBRG1          equ	4015	;# 
   458   000FB0                     SPBRGH          equ	4016	;# 
   459   000FB1                     T3CON           equ	4017	;# 
   460   000FB2                     TMR3            equ	4018	;# 
   461   000FB2                     TMR3L           equ	4018	;# 
   462   000FB3                     TMR3H           equ	4019	;# 
   463   000FB4                     CMCON           equ	4020	;# 
   464   000FB5                     CVRCON          equ	4021	;# 
   465   000FB6                     ECCP1AS         equ	4022	;# 
   466   000FB7                     ECCP1DEL        equ	4023	;# 
   467   000FB8                     BAUDCON         equ	4024	;# 
   468   000FB8                     BAUDCTL         equ	4024	;# 
   469   000FBA                     ECCP1CON        equ	4026	;# 
   470   000FBB                     ECCPR1          equ	4027	;# 
   471   000FBB                     ECCPR1L         equ	4027	;# 
   472   000FBC                     ECCPR1H         equ	4028	;# 
   473   000FBD                     CCP1CON         equ	4029	;# 
   474   000FBE                     CCPR1           equ	4030	;# 
   475   000FBE                     CCPR1L          equ	4030	;# 
   476   000FBF                     CCPR1H          equ	4031	;# 
   477   000FC0                     ADCON2          equ	4032	;# 
   478   000FC1                     ADCON1          equ	4033	;# 
   479   000FC2                     ADCON0          equ	4034	;# 
   480   000FC3                     ADRES           equ	4035	;# 
   481   000FC3                     ADRESL          equ	4035	;# 
   482   000FC4                     ADRESH          equ	4036	;# 
   483   000FC5                     SSPCON2         equ	4037	;# 
   484   000FC6                     SSPCON1         equ	4038	;# 
   485   000FC7                     SSPSTAT         equ	4039	;# 
   486   000FC8                     SSPADD          equ	4040	;# 
   487   000FC9                     SSPBUF          equ	4041	;# 
   488   000FCA                     T2CON           equ	4042	;# 
   489   000FCB                     PR2             equ	4043	;# 
   490   000FCB                     MEMCON          equ	4043	;# 
   491   000FCC                     TMR2            equ	4044	;# 
   492   000FCD                     T1CON           equ	4045	;# 
   493   000FCE                     TMR1            equ	4046	;# 
   494   000FCE                     TMR1L           equ	4046	;# 
   495   000FCF                     TMR1H           equ	4047	;# 
   496   000FD0                     RCON            equ	4048	;# 
   497   000FD1                     WDTCON          equ	4049	;# 
   498   000FD2                     HLVDCON         equ	4050	;# 
   499   000FD2                     LVDCON          equ	4050	;# 
   500   000FD3                     OSCCON          equ	4051	;# 
   501   000FD5                     T0CON           equ	4053	;# 
   502   000FD6                     TMR0            equ	4054	;# 
   503   000FD6                     TMR0L           equ	4054	;# 
   504   000FD7                     TMR0H           equ	4055	;# 
   505   000FD8                     STATUS          equ	4056	;# 
   506   000FD9                     FSR2            equ	4057	;# 
   507   000FD9                     FSR2L           equ	4057	;# 
   508   000FDA                     FSR2H           equ	4058	;# 
   509   000FDB                     PLUSW2          equ	4059	;# 
   510   000FDC                     PREINC2         equ	4060	;# 
   511   000FDD                     POSTDEC2        equ	4061	;# 
   512   000FDE                     POSTINC2        equ	4062	;# 
   513   000FDF                     INDF2           equ	4063	;# 
   514   000FE0                     BSR             equ	4064	;# 
   515   000FE1                     FSR1            equ	4065	;# 
   516   000FE1                     FSR1L           equ	4065	;# 
   517   000FE2                     FSR1H           equ	4066	;# 
   518   000FE3                     PLUSW1          equ	4067	;# 
   519   000FE4                     PREINC1         equ	4068	;# 
   520   000FE5                     POSTDEC1        equ	4069	;# 
   521   000FE6                     POSTINC1        equ	4070	;# 
   522   000FE7                     INDF1           equ	4071	;# 
   523   000FE8                     WREG            equ	4072	;# 
   524   000FE9                     FSR0            equ	4073	;# 
   525   000FE9                     FSR0L           equ	4073	;# 
   526   000FEA                     FSR0H           equ	4074	;# 
   527   000FEB                     PLUSW0          equ	4075	;# 
   528   000FEC                     PREINC0         equ	4076	;# 
   529   000FED                     POSTDEC0        equ	4077	;# 
   530   000FEE                     POSTINC0        equ	4078	;# 
   531   000FEF                     INDF0           equ	4079	;# 
   532   000FF0                     INTCON3         equ	4080	;# 
   533   000FF1                     INTCON2         equ	4081	;# 
   534   000FF2                     INTCON          equ	4082	;# 
   535   000FF3                     PROD            equ	4083	;# 
   536   000FF3                     PRODL           equ	4083	;# 
   537   000FF4                     PRODH           equ	4084	;# 
   538   000FF5                     TABLAT          equ	4085	;# 
   539   000FF6                     TBLPTR          equ	4086	;# 
   540   000FF6                     TBLPTRL         equ	4086	;# 
   541   000FF7                     TBLPTRH         equ	4087	;# 
   542   000FF8                     TBLPTRU         equ	4088	;# 
   543   000FF9                     PCLAT           equ	4089	;# 
   544   000FF9                     PC              equ	4089	;# 
   545   000FF9                     PCL             equ	4089	;# 
   546   000FFA                     PCLATH          equ	4090	;# 
   547   000FFB                     PCLATU          equ	4091	;# 
   548   000FFC                     STKPTR          equ	4092	;# 
   549   000FFD                     TOS             equ	4093	;# 
   550   000FFD                     TOSL            equ	4093	;# 
   551   000FFE                     TOSH            equ	4094	;# 
   552   000FFF                     TOSU            equ	4095	;# 
   553   000D60                     RXF6SIDH        equ	3424	;# 
   554   000D61                     RXF6SIDL        equ	3425	;# 
   555   000D62                     RXF6EIDH        equ	3426	;# 
   556   000D63                     RXF6EIDL        equ	3427	;# 
   557   000D64                     RXF7SIDH        equ	3428	;# 
   558   000D65                     RXF7SIDL        equ	3429	;# 
   559   000D66                     RXF7EIDH        equ	3430	;# 
   560   000D67                     RXF7EIDL        equ	3431	;# 
   561   000D68                     RXF8SIDH        equ	3432	;# 
   562   000D69                     RXF8SIDL        equ	3433	;# 
   563   000D6A                     RXF8EIDH        equ	3434	;# 
   564   000D6B                     RXF8EIDL        equ	3435	;# 
   565   000D70                     RXF9SIDH        equ	3440	;# 
   566   000D71                     RXF9SIDL        equ	3441	;# 
   567   000D72                     RXF9EIDH        equ	3442	;# 
   568   000D73                     RXF9EIDL        equ	3443	;# 
   569   000D74                     RXF10SIDH       equ	3444	;# 
   570   000D75                     RXF10SIDL       equ	3445	;# 
   571   000D76                     RXF10EIDH       equ	3446	;# 
   572   000D77                     RXF10EIDL       equ	3447	;# 
   573   000D78                     RXF11SIDH       equ	3448	;# 
   574   000D79                     RXF11SIDL       equ	3449	;# 
   575   000D7A                     RXF11EIDH       equ	3450	;# 
   576   000D7B                     RXF11EIDL       equ	3451	;# 
   577   000D80                     RXF12SIDH       equ	3456	;# 
   578   000D81                     RXF12SIDL       equ	3457	;# 
   579   000D82                     RXF12EIDH       equ	3458	;# 
   580   000D83                     RXF12EIDL       equ	3459	;# 
   581   000D84                     RXF13SIDH       equ	3460	;# 
   582   000D85                     RXF13SIDL       equ	3461	;# 
   583   000D86                     RXF13EIDH       equ	3462	;# 
   584   000D87                     RXF13EIDL       equ	3463	;# 
   585   000D88                     RXF14SIDH       equ	3464	;# 
   586   000D89                     RXF14SIDL       equ	3465	;# 
   587   000D8A                     RXF14EIDH       equ	3466	;# 
   588   000D8B                     RXF14EIDL       equ	3467	;# 
   589   000D90                     RXF15SIDH       equ	3472	;# 
   590   000D91                     RXF15SIDL       equ	3473	;# 
   591   000D92                     RXF15EIDH       equ	3474	;# 
   592   000D93                     RXF15EIDL       equ	3475	;# 
   593   000DD4                     RXFCON0         equ	3540	;# 
   594   000DD5                     RXFCON1         equ	3541	;# 
   595   000DD8                     SDFLC           equ	3544	;# 
   596   000DE0                     RXFBCON0        equ	3552	;# 
   597   000DE1                     RXFBCON1        equ	3553	;# 
   598   000DE2                     RXFBCON2        equ	3554	;# 
   599   000DE3                     RXFBCON3        equ	3555	;# 
   600   000DE4                     RXFBCON4        equ	3556	;# 
   601   000DE5                     RXFBCON5        equ	3557	;# 
   602   000DE6                     RXFBCON6        equ	3558	;# 
   603   000DE7                     RXFBCON7        equ	3559	;# 
   604   000DF0                     MSEL0           equ	3568	;# 
   605   000DF1                     MSEL1           equ	3569	;# 
   606   000DF2                     MSEL2           equ	3570	;# 
   607   000DF3                     MSEL3           equ	3571	;# 
   608   000DF8                     BSEL0           equ	3576	;# 
   609   000DFA                     BIE0            equ	3578	;# 
   610   000DFC                     TXBIE           equ	3580	;# 
   611   000E20                     B0CON           equ	3616	;# 
   612   000E21                     B0SIDH          equ	3617	;# 
   613   000E22                     B0SIDL          equ	3618	;# 
   614   000E23                     B0EIDH          equ	3619	;# 
   615   000E24                     B0EIDL          equ	3620	;# 
   616   000E25                     B0DLC           equ	3621	;# 
   617   000E26                     B0D0            equ	3622	;# 
   618   000E27                     B0D1            equ	3623	;# 
   619   000E28                     B0D2            equ	3624	;# 
   620   000E29                     B0D3            equ	3625	;# 
   621   000E2A                     B0D4            equ	3626	;# 
   622   000E2B                     B0D5            equ	3627	;# 
   623   000E2C                     B0D6            equ	3628	;# 
   624   000E2D                     B0D7            equ	3629	;# 
   625   000E2E                     CANSTAT_RO9     equ	3630	;# 
   626   000E2F                     CANCON_RO9      equ	3631	;# 
   627   000E30                     B1CON           equ	3632	;# 
   628   000E31                     B1SIDH          equ	3633	;# 
   629   000E32                     B1SIDL          equ	3634	;# 
   630   000E33                     B1EIDH          equ	3635	;# 
   631   000E34                     B1EIDL          equ	3636	;# 
   632   000E35                     B1DLC           equ	3637	;# 
   633   000E36                     B1D0            equ	3638	;# 
   634   000E37                     B1D1            equ	3639	;# 
   635   000E38                     B1D2            equ	3640	;# 
   636   000E39                     B1D3            equ	3641	;# 
   637   000E3A                     B1D4            equ	3642	;# 
   638   000E3B                     B1D5            equ	3643	;# 
   639   000E3C                     B1D6            equ	3644	;# 
   640   000E3D                     B1D7            equ	3645	;# 
   641   000E3E                     CANSTAT_RO8     equ	3646	;# 
   642   000E3F                     CANCON_RO8      equ	3647	;# 
   643   000E40                     B2CON           equ	3648	;# 
   644   000E41                     B2SIDH          equ	3649	;# 
   645   000E42                     B2SIDL          equ	3650	;# 
   646   000E43                     B2EIDH          equ	3651	;# 
   647   000E44                     B2EIDL          equ	3652	;# 
   648   000E45                     B2DLC           equ	3653	;# 
   649   000E46                     B2D0            equ	3654	;# 
   650   000E47                     B2D1            equ	3655	;# 
   651   000E48                     B2D2            equ	3656	;# 
   652   000E49                     B2D3            equ	3657	;# 
   653   000E4A                     B2D4            equ	3658	;# 
   654   000E4B                     B2D5            equ	3659	;# 
   655   000E4C                     B2D6            equ	3660	;# 
   656   000E4D                     B2D7            equ	3661	;# 
   657   000E4E                     CANSTAT_RO7     equ	3662	;# 
   658   000E4F                     CANCON_RO7      equ	3663	;# 
   659   000E50                     B3CON           equ	3664	;# 
   660   000E51                     B3SIDH          equ	3665	;# 
   661   000E52                     B3SIDL          equ	3666	;# 
   662   000E53                     B3EIDH          equ	3667	;# 
   663   000E54                     B3EIDL          equ	3668	;# 
   664   000E55                     B3DLC           equ	3669	;# 
   665   000E56                     B3D0            equ	3670	;# 
   666   000E57                     B3D1            equ	3671	;# 
   667   000E58                     B3D2            equ	3672	;# 
   668   000E59                     B3D3            equ	3673	;# 
   669   000E5A                     B3D4            equ	3674	;# 
   670   000E5B                     B3D5            equ	3675	;# 
   671   000E5C                     B3D6            equ	3676	;# 
   672   000E5D                     B3D7            equ	3677	;# 
   673   000E5E                     CANSTAT_RO6     equ	3678	;# 
   674   000E5F                     CANCON_RO6      equ	3679	;# 
   675   000E60                     B4CON           equ	3680	;# 
   676   000E61                     B4SIDH          equ	3681	;# 
   677   000E62                     B4SIDL          equ	3682	;# 
   678   000E63                     B4EIDH          equ	3683	;# 
   679   000E64                     B4EIDL          equ	3684	;# 
   680   000E65                     B4DLC           equ	3685	;# 
   681   000E66                     B4D0            equ	3686	;# 
   682   000E67                     B4D1            equ	3687	;# 
   683   000E68                     B4D2            equ	3688	;# 
   684   000E69                     B4D3            equ	3689	;# 
   685   000E6A                     B4D4            equ	3690	;# 
   686   000E6B                     B4D5            equ	3691	;# 
   687   000E6C                     B4D6            equ	3692	;# 
   688   000E6D                     B4D7            equ	3693	;# 
   689   000E6E                     CANSTAT_RO5     equ	3694	;# 
   690   000E6F                     CANCON_RO5      equ	3695	;# 
   691   000E70                     B5CON           equ	3696	;# 
   692   000E71                     B5SIDH          equ	3697	;# 
   693   000E72                     B5SIDL          equ	3698	;# 
   694   000E73                     B5EIDH          equ	3699	;# 
   695   000E74                     B5EIDL          equ	3700	;# 
   696   000E75                     B5DLC           equ	3701	;# 
   697   000E76                     B5D0            equ	3702	;# 
   698   000E77                     B5D1            equ	3703	;# 
   699   000E78                     B5D2            equ	3704	;# 
   700   000E79                     B5D3            equ	3705	;# 
   701   000E7A                     B5D4            equ	3706	;# 
   702   000E7B                     B5D5            equ	3707	;# 
   703   000E7C                     B5D6            equ	3708	;# 
   704   000E7D                     B5D7            equ	3709	;# 
   705   000E7E                     CANSTAT_RO4     equ	3710	;# 
   706   000E7F                     CANCON_RO4      equ	3711	;# 
   707   000F00                     RXF0SIDH        equ	3840	;# 
   708   000F01                     RXF0SIDL        equ	3841	;# 
   709   000F02                     RXF0EIDH        equ	3842	;# 
   710   000F03                     RXF0EIDL        equ	3843	;# 
   711   000F04                     RXF1SIDH        equ	3844	;# 
   712   000F05                     RXF1SIDL        equ	3845	;# 
   713   000F06                     RXF1EIDH        equ	3846	;# 
   714   000F07                     RXF1EIDL        equ	3847	;# 
   715   000F08                     RXF2SIDH        equ	3848	;# 
   716   000F09                     RXF2SIDL        equ	3849	;# 
   717   000F0A                     RXF2EIDH        equ	3850	;# 
   718   000F0B                     RXF2EIDL        equ	3851	;# 
   719   000F0C                     RXF3SIDH        equ	3852	;# 
   720   000F0D                     RXF3SIDL        equ	3853	;# 
   721   000F0E                     RXF3EIDH        equ	3854	;# 
   722   000F0F                     RXF3EIDL        equ	3855	;# 
   723   000F10                     RXF4SIDH        equ	3856	;# 
   724   000F11                     RXF4SIDL        equ	3857	;# 
   725   000F12                     RXF4EIDH        equ	3858	;# 
   726   000F13                     RXF4EIDL        equ	3859	;# 
   727   000F14                     RXF5SIDH        equ	3860	;# 
   728   000F15                     RXF5SIDL        equ	3861	;# 
   729   000F16                     RXF5EIDH        equ	3862	;# 
   730   000F17                     RXF5EIDL        equ	3863	;# 
   731   000F18                     RXM0SIDH        equ	3864	;# 
   732   000F19                     RXM0SIDL        equ	3865	;# 
   733   000F1A                     RXM0EIDH        equ	3866	;# 
   734   000F1B                     RXM0EIDL        equ	3867	;# 
   735   000F1C                     RXM1SIDH        equ	3868	;# 
   736   000F1D                     RXM1SIDL        equ	3869	;# 
   737   000F1E                     RXM1EIDH        equ	3870	;# 
   738   000F1F                     RXM1EIDL        equ	3871	;# 
   739   000F20                     TXB2CON         equ	3872	;# 
   740   000F21                     TXB2SIDH        equ	3873	;# 
   741   000F22                     TXB2SIDL        equ	3874	;# 
   742   000F23                     TXB2EIDH        equ	3875	;# 
   743   000F24                     TXB2EIDL        equ	3876	;# 
   744   000F25                     TXB2DLC         equ	3877	;# 
   745   000F26                     TXB2D0          equ	3878	;# 
   746   000F27                     TXB2D1          equ	3879	;# 
   747   000F28                     TXB2D2          equ	3880	;# 
   748   000F29                     TXB2D3          equ	3881	;# 
   749   000F2A                     TXB2D4          equ	3882	;# 
   750   000F2B                     TXB2D5          equ	3883	;# 
   751   000F2C                     TXB2D6          equ	3884	;# 
   752   000F2D                     TXB2D7          equ	3885	;# 
   753   000F2E                     CANSTAT_RO3     equ	3886	;# 
   754   000F2F                     CANCON_RO3      equ	3887	;# 
   755   000F30                     TXB1CON         equ	3888	;# 
   756   000F31                     TXB1SIDH        equ	3889	;# 
   757   000F32                     TXB1SIDL        equ	3890	;# 
   758   000F33                     TXB1EIDH        equ	3891	;# 
   759   000F34                     TXB1EIDL        equ	3892	;# 
   760   000F35                     TXB1DLC         equ	3893	;# 
   761   000F36                     TXB1D0          equ	3894	;# 
   762   000F37                     TXB1D1          equ	3895	;# 
   763   000F38                     TXB1D2          equ	3896	;# 
   764   000F39                     TXB1D3          equ	3897	;# 
   765   000F3A                     TXB1D4          equ	3898	;# 
   766   000F3B                     TXB1D5          equ	3899	;# 
   767   000F3C                     TXB1D6          equ	3900	;# 
   768   000F3D                     TXB1D7          equ	3901	;# 
   769   000F3E                     CANSTAT_RO2     equ	3902	;# 
   770   000F3F                     CANCON_RO2      equ	3903	;# 
   771   000F40                     TXB0CON         equ	3904	;# 
   772   000F41                     TXB0SIDH        equ	3905	;# 
   773   000F42                     TXB0SIDL        equ	3906	;# 
   774   000F43                     TXB0EIDH        equ	3907	;# 
   775   000F44                     TXB0EIDL        equ	3908	;# 
   776   000F45                     TXB0DLC         equ	3909	;# 
   777   000F46                     TXB0D0          equ	3910	;# 
   778   000F47                     TXB0D1          equ	3911	;# 
   779   000F48                     TXB0D2          equ	3912	;# 
   780   000F49                     TXB0D3          equ	3913	;# 
   781   000F4A                     TXB0D4          equ	3914	;# 
   782   000F4B                     TXB0D5          equ	3915	;# 
   783   000F4C                     TXB0D6          equ	3916	;# 
   784   000F4D                     TXB0D7          equ	3917	;# 
   785   000F4E                     CANSTAT_RO1     equ	3918	;# 
   786   000F4F                     CANCON_RO1      equ	3919	;# 
   787   000F50                     RXB1CON         equ	3920	;# 
   788   000F51                     RXB1SIDH        equ	3921	;# 
   789   000F52                     RXB1SIDL        equ	3922	;# 
   790   000F53                     RXB1EIDH        equ	3923	;# 
   791   000F54                     RXB1EIDL        equ	3924	;# 
   792   000F55                     RXB1DLC         equ	3925	;# 
   793   000F56                     RXB1D0          equ	3926	;# 
   794   000F57                     RXB1D1          equ	3927	;# 
   795   000F58                     RXB1D2          equ	3928	;# 
   796   000F59                     RXB1D3          equ	3929	;# 
   797   000F5A                     RXB1D4          equ	3930	;# 
   798   000F5B                     RXB1D5          equ	3931	;# 
   799   000F5C                     RXB1D6          equ	3932	;# 
   800   000F5D                     RXB1D7          equ	3933	;# 
   801   000F5E                     CANSTAT_RO0     equ	3934	;# 
   802   000F5F                     CANCON_RO0      equ	3935	;# 
   803   000F60                     RXB0CON         equ	3936	;# 
   804   000F61                     RXB0SIDH        equ	3937	;# 
   805   000F62                     RXB0SIDL        equ	3938	;# 
   806   000F63                     RXB0EIDH        equ	3939	;# 
   807   000F64                     RXB0EIDL        equ	3940	;# 
   808   000F65                     RXB0DLC         equ	3941	;# 
   809   000F66                     RXB0D0          equ	3942	;# 
   810   000F67                     RXB0D1          equ	3943	;# 
   811   000F68                     RXB0D2          equ	3944	;# 
   812   000F69                     RXB0D3          equ	3945	;# 
   813   000F6A                     RXB0D4          equ	3946	;# 
   814   000F6B                     RXB0D5          equ	3947	;# 
   815   000F6C                     RXB0D6          equ	3948	;# 
   816   000F6D                     RXB0D7          equ	3949	;# 
   817   000F6E                     CANSTAT         equ	3950	;# 
   818   000F6F                     CANCON          equ	3951	;# 
   819   000F70                     BRGCON1         equ	3952	;# 
   820   000F71                     BRGCON2         equ	3953	;# 
   821   000F72                     BRGCON3         equ	3954	;# 
   822   000F73                     CIOCON          equ	3955	;# 
   823   000F74                     COMSTAT         equ	3956	;# 
   824   000F75                     RXERRCNT        equ	3957	;# 
   825   000F76                     TXERRCNT        equ	3958	;# 
   826   000F77                     ECANCON         equ	3959	;# 
   827   000F80                     PORTA           equ	3968	;# 
   828   000F81                     PORTB           equ	3969	;# 
   829   000F82                     PORTC           equ	3970	;# 
   830   000F83                     PORTD           equ	3971	;# 
   831   000F84                     PORTE           equ	3972	;# 
   832   000F89                     LATA            equ	3977	;# 
   833   000F8A                     LATB            equ	3978	;# 
   834   000F8B                     LATC            equ	3979	;# 
   835   000F8C                     LATD            equ	3980	;# 
   836   000F8D                     LATE            equ	3981	;# 
   837   000F92                     TRISA           equ	3986	;# 
   838   000F92                     DDRA            equ	3986	;# 
   839   000F93                     TRISB           equ	3987	;# 
   840   000F93                     DDRB            equ	3987	;# 
   841   000F94                     TRISC           equ	3988	;# 
   842   000F94                     DDRC            equ	3988	;# 
   843   000F95                     TRISD           equ	3989	;# 
   844   000F95                     DDRD            equ	3989	;# 
   845   000F96                     TRISE           equ	3990	;# 
   846   000F96                     DDRE            equ	3990	;# 
   847   000F9B                     OSCTUNE         equ	3995	;# 
   848   000F9D                     PIE1            equ	3997	;# 
   849   000F9E                     PIR1            equ	3998	;# 
   850   000F9F                     IPR1            equ	3999	;# 
   851   000FA0                     PIE2            equ	4000	;# 
   852   000FA1                     PIR2            equ	4001	;# 
   853   000FA2                     IPR2            equ	4002	;# 
   854   000FA3                     PIE3            equ	4003	;# 
   855   000FA4                     PIR3            equ	4004	;# 
   856   000FA5                     IPR3            equ	4005	;# 
   857   000FA6                     EECON1          equ	4006	;# 
   858   000FA7                     EECON2          equ	4007	;# 
   859   000FA8                     EEDATA          equ	4008	;# 
   860   000FA9                     EEADR           equ	4009	;# 
   861   000FAB                     RCSTA           equ	4011	;# 
   862   000FAB                     RCSTA1          equ	4011	;# 
   863   000FAC                     TXSTA           equ	4012	;# 
   864   000FAC                     TXSTA1          equ	4012	;# 
   865   000FAD                     TXREG           equ	4013	;# 
   866   000FAD                     TXREG1          equ	4013	;# 
   867   000FAE                     RCREG           equ	4014	;# 
   868   000FAE                     RCREG1          equ	4014	;# 
   869   000FAF                     SPBRG           equ	4015	;# 
   870   000FAF                     SPBRG1          equ	4015	;# 
   871   000FB0                     SPBRGH          equ	4016	;# 
   872   000FB1                     T3CON           equ	4017	;# 
   873   000FB2                     TMR3            equ	4018	;# 
   874   000FB2                     TMR3L           equ	4018	;# 
   875   000FB3                     TMR3H           equ	4019	;# 
   876   000FB4                     CMCON           equ	4020	;# 
   877   000FB5                     CVRCON          equ	4021	;# 
   878   000FB6                     ECCP1AS         equ	4022	;# 
   879   000FB7                     ECCP1DEL        equ	4023	;# 
   880   000FB8                     BAUDCON         equ	4024	;# 
   881   000FB8                     BAUDCTL         equ	4024	;# 
   882   000FBA                     ECCP1CON        equ	4026	;# 
   883   000FBB                     ECCPR1          equ	4027	;# 
   884   000FBB                     ECCPR1L         equ	4027	;# 
   885   000FBC                     ECCPR1H         equ	4028	;# 
   886   000FBD                     CCP1CON         equ	4029	;# 
   887   000FBE                     CCPR1           equ	4030	;# 
   888   000FBE                     CCPR1L          equ	4030	;# 
   889   000FBF                     CCPR1H          equ	4031	;# 
   890   000FC0                     ADCON2          equ	4032	;# 
   891   000FC1                     ADCON1          equ	4033	;# 
   892   000FC2                     ADCON0          equ	4034	;# 
   893   000FC3                     ADRES           equ	4035	;# 
   894   000FC3                     ADRESL          equ	4035	;# 
   895   000FC4                     ADRESH          equ	4036	;# 
   896   000FC5                     SSPCON2         equ	4037	;# 
   897   000FC6                     SSPCON1         equ	4038	;# 
   898   000FC7                     SSPSTAT         equ	4039	;# 
   899   000FC8                     SSPADD          equ	4040	;# 
   900   000FC9                     SSPBUF          equ	4041	;# 
   901   000FCA                     T2CON           equ	4042	;# 
   902   000FCB                     PR2             equ	4043	;# 
   903   000FCB                     MEMCON          equ	4043	;# 
   904   000FCC                     TMR2            equ	4044	;# 
   905   000FCD                     T1CON           equ	4045	;# 
   906   000FCE                     TMR1            equ	4046	;# 
   907   000FCE                     TMR1L           equ	4046	;# 
   908   000FCF                     TMR1H           equ	4047	;# 
   909   000FD0                     RCON            equ	4048	;# 
   910   000FD1                     WDTCON          equ	4049	;# 
   911   000FD2                     HLVDCON         equ	4050	;# 
   912   000FD2                     LVDCON          equ	4050	;# 
   913   000FD3                     OSCCON          equ	4051	;# 
   914   000FD5                     T0CON           equ	4053	;# 
   915   000FD6                     TMR0            equ	4054	;# 
   916   000FD6                     TMR0L           equ	4054	;# 
   917   000FD7                     TMR0H           equ	4055	;# 
   918   000FD8                     STATUS          equ	4056	;# 
   919   000FD9                     FSR2            equ	4057	;# 
   920   000FD9                     FSR2L           equ	4057	;# 
   921   000FDA                     FSR2H           equ	4058	;# 
   922   000FDB                     PLUSW2          equ	4059	;# 
   923   000FDC                     PREINC2         equ	4060	;# 
   924   000FDD                     POSTDEC2        equ	4061	;# 
   925   000FDE                     POSTINC2        equ	4062	;# 
   926   000FDF                     INDF2           equ	4063	;# 
   927   000FE0                     BSR             equ	4064	;# 
   928   000FE1                     FSR1            equ	4065	;# 
   929   000FE1                     FSR1L           equ	4065	;# 
   930   000FE2                     FSR1H           equ	4066	;# 
   931   000FE3                     PLUSW1          equ	4067	;# 
   932   000FE4                     PREINC1         equ	4068	;# 
   933   000FE5                     POSTDEC1        equ	4069	;# 
   934   000FE6                     POSTINC1        equ	4070	;# 
   935   000FE7                     INDF1           equ	4071	;# 
   936   000FE8                     WREG            equ	4072	;# 
   937   000FE9                     FSR0            equ	4073	;# 
   938   000FE9                     FSR0L           equ	4073	;# 
   939   000FEA                     FSR0H           equ	4074	;# 
   940   000FEB                     PLUSW0          equ	4075	;# 
   941   000FEC                     PREINC0         equ	4076	;# 
   942   000FED                     POSTDEC0        equ	4077	;# 
   943   000FEE                     POSTINC0        equ	4078	;# 
   944   000FEF                     INDF0           equ	4079	;# 
   945   000FF0                     INTCON3         equ	4080	;# 
   946   000FF1                     INTCON2         equ	4081	;# 
   947   000FF2                     INTCON          equ	4082	;# 
   948   000FF3                     PROD            equ	4083	;# 
   949   000FF3                     PRODL           equ	4083	;# 
   950   000FF4                     PRODH           equ	4084	;# 
   951   000FF5                     TABLAT          equ	4085	;# 
   952   000FF6                     TBLPTR          equ	4086	;# 
   953   000FF6                     TBLPTRL         equ	4086	;# 
   954   000FF7                     TBLPTRH         equ	4087	;# 
   955   000FF8                     TBLPTRU         equ	4088	;# 
   956   000FF9                     PCLAT           equ	4089	;# 
   957   000FF9                     PC              equ	4089	;# 
   958   000FF9                     PCL             equ	4089	;# 
   959   000FFA                     PCLATH          equ	4090	;# 
   960   000FFB                     PCLATU          equ	4091	;# 
   961   000FFC                     STKPTR          equ	4092	;# 
   962   000FFD                     TOS             equ	4093	;# 
   963   000FFD                     TOSL            equ	4093	;# 
   964   000FFE                     TOSH            equ	4094	;# 
   965   000FFF                     TOSU            equ	4095	;# 
   966   000D60                     RXF6SIDH        equ	3424	;# 
   967   000D61                     RXF6SIDL        equ	3425	;# 
   968   000D62                     RXF6EIDH        equ	3426	;# 
   969   000D63                     RXF6EIDL        equ	3427	;# 
   970   000D64                     RXF7SIDH        equ	3428	;# 
   971   000D65                     RXF7SIDL        equ	3429	;# 
   972   000D66                     RXF7EIDH        equ	3430	;# 
   973   000D67                     RXF7EIDL        equ	3431	;# 
   974   000D68                     RXF8SIDH        equ	3432	;# 
   975   000D69                     RXF8SIDL        equ	3433	;# 
   976   000D6A                     RXF8EIDH        equ	3434	;# 
   977   000D6B                     RXF8EIDL        equ	3435	;# 
   978   000D70                     RXF9SIDH        equ	3440	;# 
   979   000D71                     RXF9SIDL        equ	3441	;# 
   980   000D72                     RXF9EIDH        equ	3442	;# 
   981   000D73                     RXF9EIDL        equ	3443	;# 
   982   000D74                     RXF10SIDH       equ	3444	;# 
   983   000D75                     RXF10SIDL       equ	3445	;# 
   984   000D76                     RXF10EIDH       equ	3446	;# 
   985   000D77                     RXF10EIDL       equ	3447	;# 
   986   000D78                     RXF11SIDH       equ	3448	;# 
   987   000D79                     RXF11SIDL       equ	3449	;# 
   988   000D7A                     RXF11EIDH       equ	3450	;# 
   989   000D7B                     RXF11EIDL       equ	3451	;# 
   990   000D80                     RXF12SIDH       equ	3456	;# 
   991   000D81                     RXF12SIDL       equ	3457	;# 
   992   000D82                     RXF12EIDH       equ	3458	;# 
   993   000D83                     RXF12EIDL       equ	3459	;# 
   994   000D84                     RXF13SIDH       equ	3460	;# 
   995   000D85                     RXF13SIDL       equ	3461	;# 
   996   000D86                     RXF13EIDH       equ	3462	;# 
   997   000D87                     RXF13EIDL       equ	3463	;# 
   998   000D88                     RXF14SIDH       equ	3464	;# 
   999   000D89                     RXF14SIDL       equ	3465	;# 
  1000   000D8A                     RXF14EIDH       equ	3466	;# 
  1001   000D8B                     RXF14EIDL       equ	3467	;# 
  1002   000D90                     RXF15SIDH       equ	3472	;# 
  1003   000D91                     RXF15SIDL       equ	3473	;# 
  1004   000D92                     RXF15EIDH       equ	3474	;# 
  1005   000D93                     RXF15EIDL       equ	3475	;# 
  1006   000DD4                     RXFCON0         equ	3540	;# 
  1007   000DD5                     RXFCON1         equ	3541	;# 
  1008   000DD8                     SDFLC           equ	3544	;# 
  1009   000DE0                     RXFBCON0        equ	3552	;# 
  1010   000DE1                     RXFBCON1        equ	3553	;# 
  1011   000DE2                     RXFBCON2        equ	3554	;# 
  1012   000DE3                     RXFBCON3        equ	3555	;# 
  1013   000DE4                     RXFBCON4        equ	3556	;# 
  1014   000DE5                     RXFBCON5        equ	3557	;# 
  1015   000DE6                     RXFBCON6        equ	3558	;# 
  1016   000DE7                     RXFBCON7        equ	3559	;# 
  1017   000DF0                     MSEL0           equ	3568	;# 
  1018   000DF1                     MSEL1           equ	3569	;# 
  1019   000DF2                     MSEL2           equ	3570	;# 
  1020   000DF3                     MSEL3           equ	3571	;# 
  1021   000DF8                     BSEL0           equ	3576	;# 
  1022   000DFA                     BIE0            equ	3578	;# 
  1023   000DFC                     TXBIE           equ	3580	;# 
  1024   000E20                     B0CON           equ	3616	;# 
  1025   000E21                     B0SIDH          equ	3617	;# 
  1026   000E22                     B0SIDL          equ	3618	;# 
  1027   000E23                     B0EIDH          equ	3619	;# 
  1028   000E24                     B0EIDL          equ	3620	;# 
  1029   000E25                     B0DLC           equ	3621	;# 
  1030   000E26                     B0D0            equ	3622	;# 
  1031   000E27                     B0D1            equ	3623	;# 
  1032   000E28                     B0D2            equ	3624	;# 
  1033   000E29                     B0D3            equ	3625	;# 
  1034   000E2A                     B0D4            equ	3626	;# 
  1035   000E2B                     B0D5            equ	3627	;# 
  1036   000E2C                     B0D6            equ	3628	;# 
  1037   000E2D                     B0D7            equ	3629	;# 
  1038   000E2E                     CANSTAT_RO9     equ	3630	;# 
  1039   000E2F                     CANCON_RO9      equ	3631	;# 
  1040   000E30                     B1CON           equ	3632	;# 
  1041   000E31                     B1SIDH          equ	3633	;# 
  1042   000E32                     B1SIDL          equ	3634	;# 
  1043   000E33                     B1EIDH          equ	3635	;# 
  1044   000E34                     B1EIDL          equ	3636	;# 
  1045   000E35                     B1DLC           equ	3637	;# 
  1046   000E36                     B1D0            equ	3638	;# 
  1047   000E37                     B1D1            equ	3639	;# 
  1048   000E38                     B1D2            equ	3640	;# 
  1049   000E39                     B1D3            equ	3641	;# 
  1050   000E3A                     B1D4            equ	3642	;# 
  1051   000E3B                     B1D5            equ	3643	;# 
  1052   000E3C                     B1D6            equ	3644	;# 
  1053   000E3D                     B1D7            equ	3645	;# 
  1054   000E3E                     CANSTAT_RO8     equ	3646	;# 
  1055   000E3F                     CANCON_RO8      equ	3647	;# 
  1056   000E40                     B2CON           equ	3648	;# 
  1057   000E41                     B2SIDH          equ	3649	;# 
  1058   000E42                     B2SIDL          equ	3650	;# 
  1059   000E43                     B2EIDH          equ	3651	;# 
  1060   000E44                     B2EIDL          equ	3652	;# 
  1061   000E45                     B2DLC           equ	3653	;# 
  1062   000E46                     B2D0            equ	3654	;# 
  1063   000E47                     B2D1            equ	3655	;# 
  1064   000E48                     B2D2            equ	3656	;# 
  1065   000E49                     B2D3            equ	3657	;# 
  1066   000E4A                     B2D4            equ	3658	;# 
  1067   000E4B                     B2D5            equ	3659	;# 
  1068   000E4C                     B2D6            equ	3660	;# 
  1069   000E4D                     B2D7            equ	3661	;# 
  1070   000E4E                     CANSTAT_RO7     equ	3662	;# 
  1071   000E4F                     CANCON_RO7      equ	3663	;# 
  1072   000E50                     B3CON           equ	3664	;# 
  1073   000E51                     B3SIDH          equ	3665	;# 
  1074   000E52                     B3SIDL          equ	3666	;# 
  1075   000E53                     B3EIDH          equ	3667	;# 
  1076   000E54                     B3EIDL          equ	3668	;# 
  1077   000E55                     B3DLC           equ	3669	;# 
  1078   000E56                     B3D0            equ	3670	;# 
  1079   000E57                     B3D1            equ	3671	;# 
  1080   000E58                     B3D2            equ	3672	;# 
  1081   000E59                     B3D3            equ	3673	;# 
  1082   000E5A                     B3D4            equ	3674	;# 
  1083   000E5B                     B3D5            equ	3675	;# 
  1084   000E5C                     B3D6            equ	3676	;# 
  1085   000E5D                     B3D7            equ	3677	;# 
  1086   000E5E                     CANSTAT_RO6     equ	3678	;# 
  1087   000E5F                     CANCON_RO6      equ	3679	;# 
  1088   000E60                     B4CON           equ	3680	;# 
  1089   000E61                     B4SIDH          equ	3681	;# 
  1090   000E62                     B4SIDL          equ	3682	;# 
  1091   000E63                     B4EIDH          equ	3683	;# 
  1092   000E64                     B4EIDL          equ	3684	;# 
  1093   000E65                     B4DLC           equ	3685	;# 
  1094   000E66                     B4D0            equ	3686	;# 
  1095   000E67                     B4D1            equ	3687	;# 
  1096   000E68                     B4D2            equ	3688	;# 
  1097   000E69                     B4D3            equ	3689	;# 
  1098   000E6A                     B4D4            equ	3690	;# 
  1099   000E6B                     B4D5            equ	3691	;# 
  1100   000E6C                     B4D6            equ	3692	;# 
  1101   000E6D                     B4D7            equ	3693	;# 
  1102   000E6E                     CANSTAT_RO5     equ	3694	;# 
  1103   000E6F                     CANCON_RO5      equ	3695	;# 
  1104   000E70                     B5CON           equ	3696	;# 
  1105   000E71                     B5SIDH          equ	3697	;# 
  1106   000E72                     B5SIDL          equ	3698	;# 
  1107   000E73                     B5EIDH          equ	3699	;# 
  1108   000E74                     B5EIDL          equ	3700	;# 
  1109   000E75                     B5DLC           equ	3701	;# 
  1110   000E76                     B5D0            equ	3702	;# 
  1111   000E77                     B5D1            equ	3703	;# 
  1112   000E78                     B5D2            equ	3704	;# 
  1113   000E79                     B5D3            equ	3705	;# 
  1114   000E7A                     B5D4            equ	3706	;# 
  1115   000E7B                     B5D5            equ	3707	;# 
  1116   000E7C                     B5D6            equ	3708	;# 
  1117   000E7D                     B5D7            equ	3709	;# 
  1118   000E7E                     CANSTAT_RO4     equ	3710	;# 
  1119   000E7F                     CANCON_RO4      equ	3711	;# 
  1120   000F00                     RXF0SIDH        equ	3840	;# 
  1121   000F01                     RXF0SIDL        equ	3841	;# 
  1122   000F02                     RXF0EIDH        equ	3842	;# 
  1123   000F03                     RXF0EIDL        equ	3843	;# 
  1124   000F04                     RXF1SIDH        equ	3844	;# 
  1125   000F05                     RXF1SIDL        equ	3845	;# 
  1126   000F06                     RXF1EIDH        equ	3846	;# 
  1127   000F07                     RXF1EIDL        equ	3847	;# 
  1128   000F08                     RXF2SIDH        equ	3848	;# 
  1129   000F09                     RXF2SIDL        equ	3849	;# 
  1130   000F0A                     RXF2EIDH        equ	3850	;# 
  1131   000F0B                     RXF2EIDL        equ	3851	;# 
  1132   000F0C                     RXF3SIDH        equ	3852	;# 
  1133   000F0D                     RXF3SIDL        equ	3853	;# 
  1134   000F0E                     RXF3EIDH        equ	3854	;# 
  1135   000F0F                     RXF3EIDL        equ	3855	;# 
  1136   000F10                     RXF4SIDH        equ	3856	;# 
  1137   000F11                     RXF4SIDL        equ	3857	;# 
  1138   000F12                     RXF4EIDH        equ	3858	;# 
  1139   000F13                     RXF4EIDL        equ	3859	;# 
  1140   000F14                     RXF5SIDH        equ	3860	;# 
  1141   000F15                     RXF5SIDL        equ	3861	;# 
  1142   000F16                     RXF5EIDH        equ	3862	;# 
  1143   000F17                     RXF5EIDL        equ	3863	;# 
  1144   000F18                     RXM0SIDH        equ	3864	;# 
  1145   000F19                     RXM0SIDL        equ	3865	;# 
  1146   000F1A                     RXM0EIDH        equ	3866	;# 
  1147   000F1B                     RXM0EIDL        equ	3867	;# 
  1148   000F1C                     RXM1SIDH        equ	3868	;# 
  1149   000F1D                     RXM1SIDL        equ	3869	;# 
  1150   000F1E                     RXM1EIDH        equ	3870	;# 
  1151   000F1F                     RXM1EIDL        equ	3871	;# 
  1152   000F20                     TXB2CON         equ	3872	;# 
  1153   000F21                     TXB2SIDH        equ	3873	;# 
  1154   000F22                     TXB2SIDL        equ	3874	;# 
  1155   000F23                     TXB2EIDH        equ	3875	;# 
  1156   000F24                     TXB2EIDL        equ	3876	;# 
  1157   000F25                     TXB2DLC         equ	3877	;# 
  1158   000F26                     TXB2D0          equ	3878	;# 
  1159   000F27                     TXB2D1          equ	3879	;# 
  1160   000F28                     TXB2D2          equ	3880	;# 
  1161   000F29                     TXB2D3          equ	3881	;# 
  1162   000F2A                     TXB2D4          equ	3882	;# 
  1163   000F2B                     TXB2D5          equ	3883	;# 
  1164   000F2C                     TXB2D6          equ	3884	;# 
  1165   000F2D                     TXB2D7          equ	3885	;# 
  1166   000F2E                     CANSTAT_RO3     equ	3886	;# 
  1167   000F2F                     CANCON_RO3      equ	3887	;# 
  1168   000F30                     TXB1CON         equ	3888	;# 
  1169   000F31                     TXB1SIDH        equ	3889	;# 
  1170   000F32                     TXB1SIDL        equ	3890	;# 
  1171   000F33                     TXB1EIDH        equ	3891	;# 
  1172   000F34                     TXB1EIDL        equ	3892	;# 
  1173   000F35                     TXB1DLC         equ	3893	;# 
  1174   000F36                     TXB1D0          equ	3894	;# 
  1175   000F37                     TXB1D1          equ	3895	;# 
  1176   000F38                     TXB1D2          equ	3896	;# 
  1177   000F39                     TXB1D3          equ	3897	;# 
  1178   000F3A                     TXB1D4          equ	3898	;# 
  1179   000F3B                     TXB1D5          equ	3899	;# 
  1180   000F3C                     TXB1D6          equ	3900	;# 
  1181   000F3D                     TXB1D7          equ	3901	;# 
  1182   000F3E                     CANSTAT_RO2     equ	3902	;# 
  1183   000F3F                     CANCON_RO2      equ	3903	;# 
  1184   000F40                     TXB0CON         equ	3904	;# 
  1185   000F41                     TXB0SIDH        equ	3905	;# 
  1186   000F42                     TXB0SIDL        equ	3906	;# 
  1187   000F43                     TXB0EIDH        equ	3907	;# 
  1188   000F44                     TXB0EIDL        equ	3908	;# 
  1189   000F45                     TXB0DLC         equ	3909	;# 
  1190   000F46                     TXB0D0          equ	3910	;# 
  1191   000F47                     TXB0D1          equ	3911	;# 
  1192   000F48                     TXB0D2          equ	3912	;# 
  1193   000F49                     TXB0D3          equ	3913	;# 
  1194   000F4A                     TXB0D4          equ	3914	;# 
  1195   000F4B                     TXB0D5          equ	3915	;# 
  1196   000F4C                     TXB0D6          equ	3916	;# 
  1197   000F4D                     TXB0D7          equ	3917	;# 
  1198   000F4E                     CANSTAT_RO1     equ	3918	;# 
  1199   000F4F                     CANCON_RO1      equ	3919	;# 
  1200   000F50                     RXB1CON         equ	3920	;# 
  1201   000F51                     RXB1SIDH        equ	3921	;# 
  1202   000F52                     RXB1SIDL        equ	3922	;# 
  1203   000F53                     RXB1EIDH        equ	3923	;# 
  1204   000F54                     RXB1EIDL        equ	3924	;# 
  1205   000F55                     RXB1DLC         equ	3925	;# 
  1206   000F56                     RXB1D0          equ	3926	;# 
  1207   000F57                     RXB1D1          equ	3927	;# 
  1208   000F58                     RXB1D2          equ	3928	;# 
  1209   000F59                     RXB1D3          equ	3929	;# 
  1210   000F5A                     RXB1D4          equ	3930	;# 
  1211   000F5B                     RXB1D5          equ	3931	;# 
  1212   000F5C                     RXB1D6          equ	3932	;# 
  1213   000F5D                     RXB1D7          equ	3933	;# 
  1214   000F5E                     CANSTAT_RO0     equ	3934	;# 
  1215   000F5F                     CANCON_RO0      equ	3935	;# 
  1216   000F60                     RXB0CON         equ	3936	;# 
  1217   000F61                     RXB0SIDH        equ	3937	;# 
  1218   000F62                     RXB0SIDL        equ	3938	;# 
  1219   000F63                     RXB0EIDH        equ	3939	;# 
  1220   000F64                     RXB0EIDL        equ	3940	;# 
  1221   000F65                     RXB0DLC         equ	3941	;# 
  1222   000F66                     RXB0D0          equ	3942	;# 
  1223   000F67                     RXB0D1          equ	3943	;# 
  1224   000F68                     RXB0D2          equ	3944	;# 
  1225   000F69                     RXB0D3          equ	3945	;# 
  1226   000F6A                     RXB0D4          equ	3946	;# 
  1227   000F6B                     RXB0D5          equ	3947	;# 
  1228   000F6C                     RXB0D6          equ	3948	;# 
  1229   000F6D                     RXB0D7          equ	3949	;# 
  1230   000F6E                     CANSTAT         equ	3950	;# 
  1231   000F6F                     CANCON          equ	3951	;# 
  1232   000F70                     BRGCON1         equ	3952	;# 
  1233   000F71                     BRGCON2         equ	3953	;# 
  1234   000F72                     BRGCON3         equ	3954	;# 
  1235   000F73                     CIOCON          equ	3955	;# 
  1236   000F74                     COMSTAT         equ	3956	;# 
  1237   000F75                     RXERRCNT        equ	3957	;# 
  1238   000F76                     TXERRCNT        equ	3958	;# 
  1239   000F77                     ECANCON         equ	3959	;# 
  1240   000F80                     PORTA           equ	3968	;# 
  1241   000F81                     PORTB           equ	3969	;# 
  1242   000F82                     PORTC           equ	3970	;# 
  1243   000F83                     PORTD           equ	3971	;# 
  1244   000F84                     PORTE           equ	3972	;# 
  1245   000F89                     LATA            equ	3977	;# 
  1246   000F8A                     LATB            equ	3978	;# 
  1247   000F8B                     LATC            equ	3979	;# 
  1248   000F8C                     LATD            equ	3980	;# 
  1249   000F8D                     LATE            equ	3981	;# 
  1250   000F92                     TRISA           equ	3986	;# 
  1251   000F92                     DDRA            equ	3986	;# 
  1252   000F93                     TRISB           equ	3987	;# 
  1253   000F93                     DDRB            equ	3987	;# 
  1254   000F94                     TRISC           equ	3988	;# 
  1255   000F94                     DDRC            equ	3988	;# 
  1256   000F95                     TRISD           equ	3989	;# 
  1257   000F95                     DDRD            equ	3989	;# 
  1258   000F96                     TRISE           equ	3990	;# 
  1259   000F96                     DDRE            equ	3990	;# 
  1260   000F9B                     OSCTUNE         equ	3995	;# 
  1261   000F9D                     PIE1            equ	3997	;# 
  1262   000F9E                     PIR1            equ	3998	;# 
  1263   000F9F                     IPR1            equ	3999	;# 
  1264   000FA0                     PIE2            equ	4000	;# 
  1265   000FA1                     PIR2            equ	4001	;# 
  1266   000FA2                     IPR2            equ	4002	;# 
  1267   000FA3                     PIE3            equ	4003	;# 
  1268   000FA4                     PIR3            equ	4004	;# 
  1269   000FA5                     IPR3            equ	4005	;# 
  1270   000FA6                     EECON1          equ	4006	;# 
  1271   000FA7                     EECON2          equ	4007	;# 
  1272   000FA8                     EEDATA          equ	4008	;# 
  1273   000FA9                     EEADR           equ	4009	;# 
  1274   000FAB                     RCSTA           equ	4011	;# 
  1275   000FAB                     RCSTA1          equ	4011	;# 
  1276   000FAC                     TXSTA           equ	4012	;# 
  1277   000FAC                     TXSTA1          equ	4012	;# 
  1278   000FAD                     TXREG           equ	4013	;# 
  1279   000FAD                     TXREG1          equ	4013	;# 
  1280   000FAE                     RCREG           equ	4014	;# 
  1281   000FAE                     RCREG1          equ	4014	;# 
  1282   000FAF                     SPBRG           equ	4015	;# 
  1283   000FAF                     SPBRG1          equ	4015	;# 
  1284   000FB0                     SPBRGH          equ	4016	;# 
  1285   000FB1                     T3CON           equ	4017	;# 
  1286   000FB2                     TMR3            equ	4018	;# 
  1287   000FB2                     TMR3L           equ	4018	;# 
  1288   000FB3                     TMR3H           equ	4019	;# 
  1289   000FB4                     CMCON           equ	4020	;# 
  1290   000FB5                     CVRCON          equ	4021	;# 
  1291   000FB6                     ECCP1AS         equ	4022	;# 
  1292   000FB7                     ECCP1DEL        equ	4023	;# 
  1293   000FB8                     BAUDCON         equ	4024	;# 
  1294   000FB8                     BAUDCTL         equ	4024	;# 
  1295   000FBA                     ECCP1CON        equ	4026	;# 
  1296   000FBB                     ECCPR1          equ	4027	;# 
  1297   000FBB                     ECCPR1L         equ	4027	;# 
  1298   000FBC                     ECCPR1H         equ	4028	;# 
  1299   000FBD                     CCP1CON         equ	4029	;# 
  1300   000FBE                     CCPR1           equ	4030	;# 
  1301   000FBE                     CCPR1L          equ	4030	;# 
  1302   000FBF                     CCPR1H          equ	4031	;# 
  1303   000FC0                     ADCON2          equ	4032	;# 
  1304   000FC1                     ADCON1          equ	4033	;# 
  1305   000FC2                     ADCON0          equ	4034	;# 
  1306   000FC3                     ADRES           equ	4035	;# 
  1307   000FC3                     ADRESL          equ	4035	;# 
  1308   000FC4                     ADRESH          equ	4036	;# 
  1309   000FC5                     SSPCON2         equ	4037	;# 
  1310   000FC6                     SSPCON1         equ	4038	;# 
  1311   000FC7                     SSPSTAT         equ	4039	;# 
  1312   000FC8                     SSPADD          equ	4040	;# 
  1313   000FC9                     SSPBUF          equ	4041	;# 
  1314   000FCA                     T2CON           equ	4042	;# 
  1315   000FCB                     PR2             equ	4043	;# 
  1316   000FCB                     MEMCON          equ	4043	;# 
  1317   000FCC                     TMR2            equ	4044	;# 
  1318   000FCD                     T1CON           equ	4045	;# 
  1319   000FCE                     TMR1            equ	4046	;# 
  1320   000FCE                     TMR1L           equ	4046	;# 
  1321   000FCF                     TMR1H           equ	4047	;# 
  1322   000FD0                     RCON            equ	4048	;# 
  1323   000FD1                     WDTCON          equ	4049	;# 
  1324   000FD2                     HLVDCON         equ	4050	;# 
  1325   000FD2                     LVDCON          equ	4050	;# 
  1326   000FD3                     OSCCON          equ	4051	;# 
  1327   000FD5                     T0CON           equ	4053	;# 
  1328   000FD6                     TMR0            equ	4054	;# 
  1329   000FD6                     TMR0L           equ	4054	;# 
  1330   000FD7                     TMR0H           equ	4055	;# 
  1331   000FD8                     STATUS          equ	4056	;# 
  1332   000FD9                     FSR2            equ	4057	;# 
  1333   000FD9                     FSR2L           equ	4057	;# 
  1334   000FDA                     FSR2H           equ	4058	;# 
  1335   000FDB                     PLUSW2          equ	4059	;# 
  1336   000FDC                     PREINC2         equ	4060	;# 
  1337   000FDD                     POSTDEC2        equ	4061	;# 
  1338   000FDE                     POSTINC2        equ	4062	;# 
  1339   000FDF                     INDF2           equ	4063	;# 
  1340   000FE0                     BSR             equ	4064	;# 
  1341   000FE1                     FSR1            equ	4065	;# 
  1342   000FE1                     FSR1L           equ	4065	;# 
  1343   000FE2                     FSR1H           equ	4066	;# 
  1344   000FE3                     PLUSW1          equ	4067	;# 
  1345   000FE4                     PREINC1         equ	4068	;# 
  1346   000FE5                     POSTDEC1        equ	4069	;# 
  1347   000FE6                     POSTINC1        equ	4070	;# 
  1348   000FE7                     INDF1           equ	4071	;# 
  1349   000FE8                     WREG            equ	4072	;# 
  1350   000FE9                     FSR0            equ	4073	;# 
  1351   000FE9                     FSR0L           equ	4073	;# 
  1352   000FEA                     FSR0H           equ	4074	;# 
  1353   000FEB                     PLUSW0          equ	4075	;# 
  1354   000FEC                     PREINC0         equ	4076	;# 
  1355   000FED                     POSTDEC0        equ	4077	;# 
  1356   000FEE                     POSTINC0        equ	4078	;# 
  1357   000FEF                     INDF0           equ	4079	;# 
  1358   000FF0                     INTCON3         equ	4080	;# 
  1359   000FF1                     INTCON2         equ	4081	;# 
  1360   000FF2                     INTCON          equ	4082	;# 
  1361   000FF3                     PROD            equ	4083	;# 
  1362   000FF3                     PRODL           equ	4083	;# 
  1363   000FF4                     PRODH           equ	4084	;# 
  1364   000FF5                     TABLAT          equ	4085	;# 
  1365   000FF6                     TBLPTR          equ	4086	;# 
  1366   000FF6                     TBLPTRL         equ	4086	;# 
  1367   000FF7                     TBLPTRH         equ	4087	;# 
  1368   000FF8                     TBLPTRU         equ	4088	;# 
  1369   000FF9                     PCLAT           equ	4089	;# 
  1370   000FF9                     PC              equ	4089	;# 
  1371   000FF9                     PCL             equ	4089	;# 
  1372   000FFA                     PCLATH          equ	4090	;# 
  1373   000FFB                     PCLATU          equ	4091	;# 
  1374   000FFC                     STKPTR          equ	4092	;# 
  1375   000FFD                     TOS             equ	4093	;# 
  1376   000FFD                     TOSL            equ	4093	;# 
  1377   000FFE                     TOSH            equ	4094	;# 
  1378   000FFF                     TOSU            equ	4095	;# 
  1379   000D60                     RXF6SIDH        equ	3424	;# 
  1380   000D61                     RXF6SIDL        equ	3425	;# 
  1381   000D62                     RXF6EIDH        equ	3426	;# 
  1382   000D63                     RXF6EIDL        equ	3427	;# 
  1383   000D64                     RXF7SIDH        equ	3428	;# 
  1384   000D65                     RXF7SIDL        equ	3429	;# 
  1385   000D66                     RXF7EIDH        equ	3430	;# 
  1386   000D67                     RXF7EIDL        equ	3431	;# 
  1387   000D68                     RXF8SIDH        equ	3432	;# 
  1388   000D69                     RXF8SIDL        equ	3433	;# 
  1389   000D6A                     RXF8EIDH        equ	3434	;# 
  1390   000D6B                     RXF8EIDL        equ	3435	;# 
  1391   000D70                     RXF9SIDH        equ	3440	;# 
  1392   000D71                     RXF9SIDL        equ	3441	;# 
  1393   000D72                     RXF9EIDH        equ	3442	;# 
  1394   000D73                     RXF9EIDL        equ	3443	;# 
  1395   000D74                     RXF10SIDH       equ	3444	;# 
  1396   000D75                     RXF10SIDL       equ	3445	;# 
  1397   000D76                     RXF10EIDH       equ	3446	;# 
  1398   000D77                     RXF10EIDL       equ	3447	;# 
  1399   000D78                     RXF11SIDH       equ	3448	;# 
  1400   000D79                     RXF11SIDL       equ	3449	;# 
  1401   000D7A                     RXF11EIDH       equ	3450	;# 
  1402   000D7B                     RXF11EIDL       equ	3451	;# 
  1403   000D80                     RXF12SIDH       equ	3456	;# 
  1404   000D81                     RXF12SIDL       equ	3457	;# 
  1405   000D82                     RXF12EIDH       equ	3458	;# 
  1406   000D83                     RXF12EIDL       equ	3459	;# 
  1407   000D84                     RXF13SIDH       equ	3460	;# 
  1408   000D85                     RXF13SIDL       equ	3461	;# 
  1409   000D86                     RXF13EIDH       equ	3462	;# 
  1410   000D87                     RXF13EIDL       equ	3463	;# 
  1411   000D88                     RXF14SIDH       equ	3464	;# 
  1412   000D89                     RXF14SIDL       equ	3465	;# 
  1413   000D8A                     RXF14EIDH       equ	3466	;# 
  1414   000D8B                     RXF14EIDL       equ	3467	;# 
  1415   000D90                     RXF15SIDH       equ	3472	;# 
  1416   000D91                     RXF15SIDL       equ	3473	;# 
  1417   000D92                     RXF15EIDH       equ	3474	;# 
  1418   000D93                     RXF15EIDL       equ	3475	;# 
  1419   000DD4                     RXFCON0         equ	3540	;# 
  1420   000DD5                     RXFCON1         equ	3541	;# 
  1421   000DD8                     SDFLC           equ	3544	;# 
  1422   000DE0                     RXFBCON0        equ	3552	;# 
  1423   000DE1                     RXFBCON1        equ	3553	;# 
  1424   000DE2                     RXFBCON2        equ	3554	;# 
  1425   000DE3                     RXFBCON3        equ	3555	;# 
  1426   000DE4                     RXFBCON4        equ	3556	;# 
  1427   000DE5                     RXFBCON5        equ	3557	;# 
  1428   000DE6                     RXFBCON6        equ	3558	;# 
  1429   000DE7                     RXFBCON7        equ	3559	;# 
  1430   000DF0                     MSEL0           equ	3568	;# 
  1431   000DF1                     MSEL1           equ	3569	;# 
  1432   000DF2                     MSEL2           equ	3570	;# 
  1433   000DF3                     MSEL3           equ	3571	;# 
  1434   000DF8                     BSEL0           equ	3576	;# 
  1435   000DFA                     BIE0            equ	3578	;# 
  1436   000DFC                     TXBIE           equ	3580	;# 
  1437   000E20                     B0CON           equ	3616	;# 
  1438   000E21                     B0SIDH          equ	3617	;# 
  1439   000E22                     B0SIDL          equ	3618	;# 
  1440   000E23                     B0EIDH          equ	3619	;# 
  1441   000E24                     B0EIDL          equ	3620	;# 
  1442   000E25                     B0DLC           equ	3621	;# 
  1443   000E26                     B0D0            equ	3622	;# 
  1444   000E27                     B0D1            equ	3623	;# 
  1445   000E28                     B0D2            equ	3624	;# 
  1446   000E29                     B0D3            equ	3625	;# 
  1447   000E2A                     B0D4            equ	3626	;# 
  1448   000E2B                     B0D5            equ	3627	;# 
  1449   000E2C                     B0D6            equ	3628	;# 
  1450   000E2D                     B0D7            equ	3629	;# 
  1451   000E2E                     CANSTAT_RO9     equ	3630	;# 
  1452   000E2F                     CANCON_RO9      equ	3631	;# 
  1453   000E30                     B1CON           equ	3632	;# 
  1454   000E31                     B1SIDH          equ	3633	;# 
  1455   000E32                     B1SIDL          equ	3634	;# 
  1456   000E33                     B1EIDH          equ	3635	;# 
  1457   000E34                     B1EIDL          equ	3636	;# 
  1458   000E35                     B1DLC           equ	3637	;# 
  1459   000E36                     B1D0            equ	3638	;# 
  1460   000E37                     B1D1            equ	3639	;# 
  1461   000E38                     B1D2            equ	3640	;# 
  1462   000E39                     B1D3            equ	3641	;# 
  1463   000E3A                     B1D4            equ	3642	;# 
  1464   000E3B                     B1D5            equ	3643	;# 
  1465   000E3C                     B1D6            equ	3644	;# 
  1466   000E3D                     B1D7            equ	3645	;# 
  1467   000E3E                     CANSTAT_RO8     equ	3646	;# 
  1468   000E3F                     CANCON_RO8      equ	3647	;# 
  1469   000E40                     B2CON           equ	3648	;# 
  1470   000E41                     B2SIDH          equ	3649	;# 
  1471   000E42                     B2SIDL          equ	3650	;# 
  1472   000E43                     B2EIDH          equ	3651	;# 
  1473   000E44                     B2EIDL          equ	3652	;# 
  1474   000E45                     B2DLC           equ	3653	;# 
  1475   000E46                     B2D0            equ	3654	;# 
  1476   000E47                     B2D1            equ	3655	;# 
  1477   000E48                     B2D2            equ	3656	;# 
  1478   000E49                     B2D3            equ	3657	;# 
  1479   000E4A                     B2D4            equ	3658	;# 
  1480   000E4B                     B2D5            equ	3659	;# 
  1481   000E4C                     B2D6            equ	3660	;# 
  1482   000E4D                     B2D7            equ	3661	;# 
  1483   000E4E                     CANSTAT_RO7     equ	3662	;# 
  1484   000E4F                     CANCON_RO7      equ	3663	;# 
  1485   000E50                     B3CON           equ	3664	;# 
  1486   000E51                     B3SIDH          equ	3665	;# 
  1487   000E52                     B3SIDL          equ	3666	;# 
  1488   000E53                     B3EIDH          equ	3667	;# 
  1489   000E54                     B3EIDL          equ	3668	;# 
  1490   000E55                     B3DLC           equ	3669	;# 
  1491   000E56                     B3D0            equ	3670	;# 
  1492   000E57                     B3D1            equ	3671	;# 
  1493   000E58                     B3D2            equ	3672	;# 
  1494   000E59                     B3D3            equ	3673	;# 
  1495   000E5A                     B3D4            equ	3674	;# 
  1496   000E5B                     B3D5            equ	3675	;# 
  1497   000E5C                     B3D6            equ	3676	;# 
  1498   000E5D                     B3D7            equ	3677	;# 
  1499   000E5E                     CANSTAT_RO6     equ	3678	;# 
  1500   000E5F                     CANCON_RO6      equ	3679	;# 
  1501   000E60                     B4CON           equ	3680	;# 
  1502   000E61                     B4SIDH          equ	3681	;# 
  1503   000E62                     B4SIDL          equ	3682	;# 
  1504   000E63                     B4EIDH          equ	3683	;# 
  1505   000E64                     B4EIDL          equ	3684	;# 
  1506   000E65                     B4DLC           equ	3685	;# 
  1507   000E66                     B4D0            equ	3686	;# 
  1508   000E67                     B4D1            equ	3687	;# 
  1509   000E68                     B4D2            equ	3688	;# 
  1510   000E69                     B4D3            equ	3689	;# 
  1511   000E6A                     B4D4            equ	3690	;# 
  1512   000E6B                     B4D5            equ	3691	;# 
  1513   000E6C                     B4D6            equ	3692	;# 
  1514   000E6D                     B4D7            equ	3693	;# 
  1515   000E6E                     CANSTAT_RO5     equ	3694	;# 
  1516   000E6F                     CANCON_RO5      equ	3695	;# 
  1517   000E70                     B5CON           equ	3696	;# 
  1518   000E71                     B5SIDH          equ	3697	;# 
  1519   000E72                     B5SIDL          equ	3698	;# 
  1520   000E73                     B5EIDH          equ	3699	;# 
  1521   000E74                     B5EIDL          equ	3700	;# 
  1522   000E75                     B5DLC           equ	3701	;# 
  1523   000E76                     B5D0            equ	3702	;# 
  1524   000E77                     B5D1            equ	3703	;# 
  1525   000E78                     B5D2            equ	3704	;# 
  1526   000E79                     B5D3            equ	3705	;# 
  1527   000E7A                     B5D4            equ	3706	;# 
  1528   000E7B                     B5D5            equ	3707	;# 
  1529   000E7C                     B5D6            equ	3708	;# 
  1530   000E7D                     B5D7            equ	3709	;# 
  1531   000E7E                     CANSTAT_RO4     equ	3710	;# 
  1532   000E7F                     CANCON_RO4      equ	3711	;# 
  1533   000F00                     RXF0SIDH        equ	3840	;# 
  1534   000F01                     RXF0SIDL        equ	3841	;# 
  1535   000F02                     RXF0EIDH        equ	3842	;# 
  1536   000F03                     RXF0EIDL        equ	3843	;# 
  1537   000F04                     RXF1SIDH        equ	3844	;# 
  1538   000F05                     RXF1SIDL        equ	3845	;# 
  1539   000F06                     RXF1EIDH        equ	3846	;# 
  1540   000F07                     RXF1EIDL        equ	3847	;# 
  1541   000F08                     RXF2SIDH        equ	3848	;# 
  1542   000F09                     RXF2SIDL        equ	3849	;# 
  1543   000F0A                     RXF2EIDH        equ	3850	;# 
  1544   000F0B                     RXF2EIDL        equ	3851	;# 
  1545   000F0C                     RXF3SIDH        equ	3852	;# 
  1546   000F0D                     RXF3SIDL        equ	3853	;# 
  1547   000F0E                     RXF3EIDH        equ	3854	;# 
  1548   000F0F                     RXF3EIDL        equ	3855	;# 
  1549   000F10                     RXF4SIDH        equ	3856	;# 
  1550   000F11                     RXF4SIDL        equ	3857	;# 
  1551   000F12                     RXF4EIDH        equ	3858	;# 
  1552   000F13                     RXF4EIDL        equ	3859	;# 
  1553   000F14                     RXF5SIDH        equ	3860	;# 
  1554   000F15                     RXF5SIDL        equ	3861	;# 
  1555   000F16                     RXF5EIDH        equ	3862	;# 
  1556   000F17                     RXF5EIDL        equ	3863	;# 
  1557   000F18                     RXM0SIDH        equ	3864	;# 
  1558   000F19                     RXM0SIDL        equ	3865	;# 
  1559   000F1A                     RXM0EIDH        equ	3866	;# 
  1560   000F1B                     RXM0EIDL        equ	3867	;# 
  1561   000F1C                     RXM1SIDH        equ	3868	;# 
  1562   000F1D                     RXM1SIDL        equ	3869	;# 
  1563   000F1E                     RXM1EIDH        equ	3870	;# 
  1564   000F1F                     RXM1EIDL        equ	3871	;# 
  1565   000F20                     TXB2CON         equ	3872	;# 
  1566   000F21                     TXB2SIDH        equ	3873	;# 
  1567   000F22                     TXB2SIDL        equ	3874	;# 
  1568   000F23                     TXB2EIDH        equ	3875	;# 
  1569   000F24                     TXB2EIDL        equ	3876	;# 
  1570   000F25                     TXB2DLC         equ	3877	;# 
  1571   000F26                     TXB2D0          equ	3878	;# 
  1572   000F27                     TXB2D1          equ	3879	;# 
  1573   000F28                     TXB2D2          equ	3880	;# 
  1574   000F29                     TXB2D3          equ	3881	;# 
  1575   000F2A                     TXB2D4          equ	3882	;# 
  1576   000F2B                     TXB2D5          equ	3883	;# 
  1577   000F2C                     TXB2D6          equ	3884	;# 
  1578   000F2D                     TXB2D7          equ	3885	;# 
  1579   000F2E                     CANSTAT_RO3     equ	3886	;# 
  1580   000F2F                     CANCON_RO3      equ	3887	;# 
  1581   000F30                     TXB1CON         equ	3888	;# 
  1582   000F31                     TXB1SIDH        equ	3889	;# 
  1583   000F32                     TXB1SIDL        equ	3890	;# 
  1584   000F33                     TXB1EIDH        equ	3891	;# 
  1585   000F34                     TXB1EIDL        equ	3892	;# 
  1586   000F35                     TXB1DLC         equ	3893	;# 
  1587   000F36                     TXB1D0          equ	3894	;# 
  1588   000F37                     TXB1D1          equ	3895	;# 
  1589   000F38                     TXB1D2          equ	3896	;# 
  1590   000F39                     TXB1D3          equ	3897	;# 
  1591   000F3A                     TXB1D4          equ	3898	;# 
  1592   000F3B                     TXB1D5          equ	3899	;# 
  1593   000F3C                     TXB1D6          equ	3900	;# 
  1594   000F3D                     TXB1D7          equ	3901	;# 
  1595   000F3E                     CANSTAT_RO2     equ	3902	;# 
  1596   000F3F                     CANCON_RO2      equ	3903	;# 
  1597   000F40                     TXB0CON         equ	3904	;# 
  1598   000F41                     TXB0SIDH        equ	3905	;# 
  1599   000F42                     TXB0SIDL        equ	3906	;# 
  1600   000F43                     TXB0EIDH        equ	3907	;# 
  1601   000F44                     TXB0EIDL        equ	3908	;# 
  1602   000F45                     TXB0DLC         equ	3909	;# 
  1603   000F46                     TXB0D0          equ	3910	;# 
  1604   000F47                     TXB0D1          equ	3911	;# 
  1605   000F48                     TXB0D2          equ	3912	;# 
  1606   000F49                     TXB0D3          equ	3913	;# 
  1607   000F4A                     TXB0D4          equ	3914	;# 
  1608   000F4B                     TXB0D5          equ	3915	;# 
  1609   000F4C                     TXB0D6          equ	3916	;# 
  1610   000F4D                     TXB0D7          equ	3917	;# 
  1611   000F4E                     CANSTAT_RO1     equ	3918	;# 
  1612   000F4F                     CANCON_RO1      equ	3919	;# 
  1613   000F50                     RXB1CON         equ	3920	;# 
  1614   000F51                     RXB1SIDH        equ	3921	;# 
  1615   000F52                     RXB1SIDL        equ	3922	;# 
  1616   000F53                     RXB1EIDH        equ	3923	;# 
  1617   000F54                     RXB1EIDL        equ	3924	;# 
  1618   000F55                     RXB1DLC         equ	3925	;# 
  1619   000F56                     RXB1D0          equ	3926	;# 
  1620   000F57                     RXB1D1          equ	3927	;# 
  1621   000F58                     RXB1D2          equ	3928	;# 
  1622   000F59                     RXB1D3          equ	3929	;# 
  1623   000F5A                     RXB1D4          equ	3930	;# 
  1624   000F5B                     RXB1D5          equ	3931	;# 
  1625   000F5C                     RXB1D6          equ	3932	;# 
  1626   000F5D                     RXB1D7          equ	3933	;# 
  1627   000F5E                     CANSTAT_RO0     equ	3934	;# 
  1628   000F5F                     CANCON_RO0      equ	3935	;# 
  1629   000F60                     RXB0CON         equ	3936	;# 
  1630   000F61                     RXB0SIDH        equ	3937	;# 
  1631   000F62                     RXB0SIDL        equ	3938	;# 
  1632   000F63                     RXB0EIDH        equ	3939	;# 
  1633   000F64                     RXB0EIDL        equ	3940	;# 
  1634   000F65                     RXB0DLC         equ	3941	;# 
  1635   000F66                     RXB0D0          equ	3942	;# 
  1636   000F67                     RXB0D1          equ	3943	;# 
  1637   000F68                     RXB0D2          equ	3944	;# 
  1638   000F69                     RXB0D3          equ	3945	;# 
  1639   000F6A                     RXB0D4          equ	3946	;# 
  1640   000F6B                     RXB0D5          equ	3947	;# 
  1641   000F6C                     RXB0D6          equ	3948	;# 
  1642   000F6D                     RXB0D7          equ	3949	;# 
  1643   000F6E                     CANSTAT         equ	3950	;# 
  1644   000F6F                     CANCON          equ	3951	;# 
  1645   000F70                     BRGCON1         equ	3952	;# 
  1646   000F71                     BRGCON2         equ	3953	;# 
  1647   000F72                     BRGCON3         equ	3954	;# 
  1648   000F73                     CIOCON          equ	3955	;# 
  1649   000F74                     COMSTAT         equ	3956	;# 
  1650   000F75                     RXERRCNT        equ	3957	;# 
  1651   000F76                     TXERRCNT        equ	3958	;# 
  1652   000F77                     ECANCON         equ	3959	;# 
  1653   000F80                     PORTA           equ	3968	;# 
  1654   000F81                     PORTB           equ	3969	;# 
  1655   000F82                     PORTC           equ	3970	;# 
  1656   000F83                     PORTD           equ	3971	;# 
  1657   000F84                     PORTE           equ	3972	;# 
  1658   000F89                     LATA            equ	3977	;# 
  1659   000F8A                     LATB            equ	3978	;# 
  1660   000F8B                     LATC            equ	3979	;# 
  1661   000F8C                     LATD            equ	3980	;# 
  1662   000F8D                     LATE            equ	3981	;# 
  1663   000F92                     TRISA           equ	3986	;# 
  1664   000F92                     DDRA            equ	3986	;# 
  1665   000F93                     TRISB           equ	3987	;# 
  1666   000F93                     DDRB            equ	3987	;# 
  1667   000F94                     TRISC           equ	3988	;# 
  1668   000F94                     DDRC            equ	3988	;# 
  1669   000F95                     TRISD           equ	3989	;# 
  1670   000F95                     DDRD            equ	3989	;# 
  1671   000F96                     TRISE           equ	3990	;# 
  1672   000F96                     DDRE            equ	3990	;# 
  1673   000F9B                     OSCTUNE         equ	3995	;# 
  1674   000F9D                     PIE1            equ	3997	;# 
  1675   000F9E                     PIR1            equ	3998	;# 
  1676   000F9F                     IPR1            equ	3999	;# 
  1677   000FA0                     PIE2            equ	4000	;# 
  1678   000FA1                     PIR2            equ	4001	;# 
  1679   000FA2                     IPR2            equ	4002	;# 
  1680   000FA3                     PIE3            equ	4003	;# 
  1681   000FA4                     PIR3            equ	4004	;# 
  1682   000FA5                     IPR3            equ	4005	;# 
  1683   000FA6                     EECON1          equ	4006	;# 
  1684   000FA7                     EECON2          equ	4007	;# 
  1685   000FA8                     EEDATA          equ	4008	;# 
  1686   000FA9                     EEADR           equ	4009	;# 
  1687   000FAB                     RCSTA           equ	4011	;# 
  1688   000FAB                     RCSTA1          equ	4011	;# 
  1689   000FAC                     TXSTA           equ	4012	;# 
  1690   000FAC                     TXSTA1          equ	4012	;# 
  1691   000FAD                     TXREG           equ	4013	;# 
  1692   000FAD                     TXREG1          equ	4013	;# 
  1693   000FAE                     RCREG           equ	4014	;# 
  1694   000FAE                     RCREG1          equ	4014	;# 
  1695   000FAF                     SPBRG           equ	4015	;# 
  1696   000FAF                     SPBRG1          equ	4015	;# 
  1697   000FB0                     SPBRGH          equ	4016	;# 
  1698   000FB1                     T3CON           equ	4017	;# 
  1699   000FB2                     TMR3            equ	4018	;# 
  1700   000FB2                     TMR3L           equ	4018	;# 
  1701   000FB3                     TMR3H           equ	4019	;# 
  1702   000FB4                     CMCON           equ	4020	;# 
  1703   000FB5                     CVRCON          equ	4021	;# 
  1704   000FB6                     ECCP1AS         equ	4022	;# 
  1705   000FB7                     ECCP1DEL        equ	4023	;# 
  1706   000FB8                     BAUDCON         equ	4024	;# 
  1707   000FB8                     BAUDCTL         equ	4024	;# 
  1708   000FBA                     ECCP1CON        equ	4026	;# 
  1709   000FBB                     ECCPR1          equ	4027	;# 
  1710   000FBB                     ECCPR1L         equ	4027	;# 
  1711   000FBC                     ECCPR1H         equ	4028	;# 
  1712   000FBD                     CCP1CON         equ	4029	;# 
  1713   000FBE                     CCPR1           equ	4030	;# 
  1714   000FBE                     CCPR1L          equ	4030	;# 
  1715   000FBF                     CCPR1H          equ	4031	;# 
  1716   000FC0                     ADCON2          equ	4032	;# 
  1717   000FC1                     ADCON1          equ	4033	;# 
  1718   000FC2                     ADCON0          equ	4034	;# 
  1719   000FC3                     ADRES           equ	4035	;# 
  1720   000FC3                     ADRESL          equ	4035	;# 
  1721   000FC4                     ADRESH          equ	4036	;# 
  1722   000FC5                     SSPCON2         equ	4037	;# 
  1723   000FC6                     SSPCON1         equ	4038	;# 
  1724   000FC7                     SSPSTAT         equ	4039	;# 
  1725   000FC8                     SSPADD          equ	4040	;# 
  1726   000FC9                     SSPBUF          equ	4041	;# 
  1727   000FCA                     T2CON           equ	4042	;# 
  1728   000FCB                     PR2             equ	4043	;# 
  1729   000FCB                     MEMCON          equ	4043	;# 
  1730   000FCC                     TMR2            equ	4044	;# 
  1731   000FCD                     T1CON           equ	4045	;# 
  1732   000FCE                     TMR1            equ	4046	;# 
  1733   000FCE                     TMR1L           equ	4046	;# 
  1734   000FCF                     TMR1H           equ	4047	;# 
  1735   000FD0                     RCON            equ	4048	;# 
  1736   000FD1                     WDTCON          equ	4049	;# 
  1737   000FD2                     HLVDCON         equ	4050	;# 
  1738   000FD2                     LVDCON          equ	4050	;# 
  1739   000FD3                     OSCCON          equ	4051	;# 
  1740   000FD5                     T0CON           equ	4053	;# 
  1741   000FD6                     TMR0            equ	4054	;# 
  1742   000FD6                     TMR0L           equ	4054	;# 
  1743   000FD7                     TMR0H           equ	4055	;# 
  1744   000FD8                     STATUS          equ	4056	;# 
  1745   000FD9                     FSR2            equ	4057	;# 
  1746   000FD9                     FSR2L           equ	4057	;# 
  1747   000FDA                     FSR2H           equ	4058	;# 
  1748   000FDB                     PLUSW2          equ	4059	;# 
  1749   000FDC                     PREINC2         equ	4060	;# 
  1750   000FDD                     POSTDEC2        equ	4061	;# 
  1751   000FDE                     POSTINC2        equ	4062	;# 
  1752   000FDF                     INDF2           equ	4063	;# 
  1753   000FE0                     BSR             equ	4064	;# 
  1754   000FE1                     FSR1            equ	4065	;# 
  1755   000FE1                     FSR1L           equ	4065	;# 
  1756   000FE2                     FSR1H           equ	4066	;# 
  1757   000FE3                     PLUSW1          equ	4067	;# 
  1758   000FE4                     PREINC1         equ	4068	;# 
  1759   000FE5                     POSTDEC1        equ	4069	;# 
  1760   000FE6                     POSTINC1        equ	4070	;# 
  1761   000FE7                     INDF1           equ	4071	;# 
  1762   000FE8                     WREG            equ	4072	;# 
  1763   000FE9                     FSR0            equ	4073	;# 
  1764   000FE9                     FSR0L           equ	4073	;# 
  1765   000FEA                     FSR0H           equ	4074	;# 
  1766   000FEB                     PLUSW0          equ	4075	;# 
  1767   000FEC                     PREINC0         equ	4076	;# 
  1768   000FED                     POSTDEC0        equ	4077	;# 
  1769   000FEE                     POSTINC0        equ	4078	;# 
  1770   000FEF                     INDF0           equ	4079	;# 
  1771   000FF0                     INTCON3         equ	4080	;# 
  1772   000FF1                     INTCON2         equ	4081	;# 
  1773   000FF2                     INTCON          equ	4082	;# 
  1774   000FF3                     PROD            equ	4083	;# 
  1775   000FF3                     PRODL           equ	4083	;# 
  1776   000FF4                     PRODH           equ	4084	;# 
  1777   000FF5                     TABLAT          equ	4085	;# 
  1778   000FF6                     TBLPTR          equ	4086	;# 
  1779   000FF6                     TBLPTRL         equ	4086	;# 
  1780   000FF7                     TBLPTRH         equ	4087	;# 
  1781   000FF8                     TBLPTRU         equ	4088	;# 
  1782   000FF9                     PCLAT           equ	4089	;# 
  1783   000FF9                     PC              equ	4089	;# 
  1784   000FF9                     PCL             equ	4089	;# 
  1785   000FFA                     PCLATH          equ	4090	;# 
  1786   000FFB                     PCLATU          equ	4091	;# 
  1787   000FFC                     STKPTR          equ	4092	;# 
  1788   000FFD                     TOS             equ	4093	;# 
  1789   000FFD                     TOSL            equ	4093	;# 
  1790   000FFE                     TOSH            equ	4094	;# 
  1791   000FFF                     TOSU            equ	4095	;# 
  1792   000D60                     RXF6SIDH        equ	3424	;# 
  1793   000D61                     RXF6SIDL        equ	3425	;# 
  1794   000D62                     RXF6EIDH        equ	3426	;# 
  1795   000D63                     RXF6EIDL        equ	3427	;# 
  1796   000D64                     RXF7SIDH        equ	3428	;# 
  1797   000D65                     RXF7SIDL        equ	3429	;# 
  1798   000D66                     RXF7EIDH        equ	3430	;# 
  1799   000D67                     RXF7EIDL        equ	3431	;# 
  1800   000D68                     RXF8SIDH        equ	3432	;# 
  1801   000D69                     RXF8SIDL        equ	3433	;# 
  1802   000D6A                     RXF8EIDH        equ	3434	;# 
  1803   000D6B                     RXF8EIDL        equ	3435	;# 
  1804   000D70                     RXF9SIDH        equ	3440	;# 
  1805   000D71                     RXF9SIDL        equ	3441	;# 
  1806   000D72                     RXF9EIDH        equ	3442	;# 
  1807   000D73                     RXF9EIDL        equ	3443	;# 
  1808   000D74                     RXF10SIDH       equ	3444	;# 
  1809   000D75                     RXF10SIDL       equ	3445	;# 
  1810   000D76                     RXF10EIDH       equ	3446	;# 
  1811   000D77                     RXF10EIDL       equ	3447	;# 
  1812   000D78                     RXF11SIDH       equ	3448	;# 
  1813   000D79                     RXF11SIDL       equ	3449	;# 
  1814   000D7A                     RXF11EIDH       equ	3450	;# 
  1815   000D7B                     RXF11EIDL       equ	3451	;# 
  1816   000D80                     RXF12SIDH       equ	3456	;# 
  1817   000D81                     RXF12SIDL       equ	3457	;# 
  1818   000D82                     RXF12EIDH       equ	3458	;# 
  1819   000D83                     RXF12EIDL       equ	3459	;# 
  1820   000D84                     RXF13SIDH       equ	3460	;# 
  1821   000D85                     RXF13SIDL       equ	3461	;# 
  1822   000D86                     RXF13EIDH       equ	3462	;# 
  1823   000D87                     RXF13EIDL       equ	3463	;# 
  1824   000D88                     RXF14SIDH       equ	3464	;# 
  1825   000D89                     RXF14SIDL       equ	3465	;# 
  1826   000D8A                     RXF14EIDH       equ	3466	;# 
  1827   000D8B                     RXF14EIDL       equ	3467	;# 
  1828   000D90                     RXF15SIDH       equ	3472	;# 
  1829   000D91                     RXF15SIDL       equ	3473	;# 
  1830   000D92                     RXF15EIDH       equ	3474	;# 
  1831   000D93                     RXF15EIDL       equ	3475	;# 
  1832   000DD4                     RXFCON0         equ	3540	;# 
  1833   000DD5                     RXFCON1         equ	3541	;# 
  1834   000DD8                     SDFLC           equ	3544	;# 
  1835   000DE0                     RXFBCON0        equ	3552	;# 
  1836   000DE1                     RXFBCON1        equ	3553	;# 
  1837   000DE2                     RXFBCON2        equ	3554	;# 
  1838   000DE3                     RXFBCON3        equ	3555	;# 
  1839   000DE4                     RXFBCON4        equ	3556	;# 
  1840   000DE5                     RXFBCON5        equ	3557	;# 
  1841   000DE6                     RXFBCON6        equ	3558	;# 
  1842   000DE7                     RXFBCON7        equ	3559	;# 
  1843   000DF0                     MSEL0           equ	3568	;# 
  1844   000DF1                     MSEL1           equ	3569	;# 
  1845   000DF2                     MSEL2           equ	3570	;# 
  1846   000DF3                     MSEL3           equ	3571	;# 
  1847   000DF8                     BSEL0           equ	3576	;# 
  1848   000DFA                     BIE0            equ	3578	;# 
  1849   000DFC                     TXBIE           equ	3580	;# 
  1850   000E20                     B0CON           equ	3616	;# 
  1851   000E21                     B0SIDH          equ	3617	;# 
  1852   000E22                     B0SIDL          equ	3618	;# 
  1853   000E23                     B0EIDH          equ	3619	;# 
  1854   000E24                     B0EIDL          equ	3620	;# 
  1855   000E25                     B0DLC           equ	3621	;# 
  1856   000E26                     B0D0            equ	3622	;# 
  1857   000E27                     B0D1            equ	3623	;# 
  1858   000E28                     B0D2            equ	3624	;# 
  1859   000E29                     B0D3            equ	3625	;# 
  1860   000E2A                     B0D4            equ	3626	;# 
  1861   000E2B                     B0D5            equ	3627	;# 
  1862   000E2C                     B0D6            equ	3628	;# 
  1863   000E2D                     B0D7            equ	3629	;# 
  1864   000E2E                     CANSTAT_RO9     equ	3630	;# 
  1865   000E2F                     CANCON_RO9      equ	3631	;# 
  1866   000E30                     B1CON           equ	3632	;# 
  1867   000E31                     B1SIDH          equ	3633	;# 
  1868   000E32                     B1SIDL          equ	3634	;# 
  1869   000E33                     B1EIDH          equ	3635	;# 
  1870   000E34                     B1EIDL          equ	3636	;# 
  1871   000E35                     B1DLC           equ	3637	;# 
  1872   000E36                     B1D0            equ	3638	;# 
  1873   000E37                     B1D1            equ	3639	;# 
  1874   000E38                     B1D2            equ	3640	;# 
  1875   000E39                     B1D3            equ	3641	;# 
  1876   000E3A                     B1D4            equ	3642	;# 
  1877   000E3B                     B1D5            equ	3643	;# 
  1878   000E3C                     B1D6            equ	3644	;# 
  1879   000E3D                     B1D7            equ	3645	;# 
  1880   000E3E                     CANSTAT_RO8     equ	3646	;# 
  1881   000E3F                     CANCON_RO8      equ	3647	;# 
  1882   000E40                     B2CON           equ	3648	;# 
  1883   000E41                     B2SIDH          equ	3649	;# 
  1884   000E42                     B2SIDL          equ	3650	;# 
  1885   000E43                     B2EIDH          equ	3651	;# 
  1886   000E44                     B2EIDL          equ	3652	;# 
  1887   000E45                     B2DLC           equ	3653	;# 
  1888   000E46                     B2D0            equ	3654	;# 
  1889   000E47                     B2D1            equ	3655	;# 
  1890   000E48                     B2D2            equ	3656	;# 
  1891   000E49                     B2D3            equ	3657	;# 
  1892   000E4A                     B2D4            equ	3658	;# 
  1893   000E4B                     B2D5            equ	3659	;# 
  1894   000E4C                     B2D6            equ	3660	;# 
  1895   000E4D                     B2D7            equ	3661	;# 
  1896   000E4E                     CANSTAT_RO7     equ	3662	;# 
  1897   000E4F                     CANCON_RO7      equ	3663	;# 
  1898   000E50                     B3CON           equ	3664	;# 
  1899   000E51                     B3SIDH          equ	3665	;# 
  1900   000E52                     B3SIDL          equ	3666	;# 
  1901   000E53                     B3EIDH          equ	3667	;# 
  1902   000E54                     B3EIDL          equ	3668	;# 
  1903   000E55                     B3DLC           equ	3669	;# 
  1904   000E56                     B3D0            equ	3670	;# 
  1905   000E57                     B3D1            equ	3671	;# 
  1906   000E58                     B3D2            equ	3672	;# 
  1907   000E59                     B3D3            equ	3673	;# 
  1908   000E5A                     B3D4            equ	3674	;# 
  1909   000E5B                     B3D5            equ	3675	;# 
  1910   000E5C                     B3D6            equ	3676	;# 
  1911   000E5D                     B3D7            equ	3677	;# 
  1912   000E5E                     CANSTAT_RO6     equ	3678	;# 
  1913   000E5F                     CANCON_RO6      equ	3679	;# 
  1914   000E60                     B4CON           equ	3680	;# 
  1915   000E61                     B4SIDH          equ	3681	;# 
  1916   000E62                     B4SIDL          equ	3682	;# 
  1917   000E63                     B4EIDH          equ	3683	;# 
  1918   000E64                     B4EIDL          equ	3684	;# 
  1919   000E65                     B4DLC           equ	3685	;# 
  1920   000E66                     B4D0            equ	3686	;# 
  1921   000E67                     B4D1            equ	3687	;# 
  1922   000E68                     B4D2            equ	3688	;# 
  1923   000E69                     B4D3            equ	3689	;# 
  1924   000E6A                     B4D4            equ	3690	;# 
  1925   000E6B                     B4D5            equ	3691	;# 
  1926   000E6C                     B4D6            equ	3692	;# 
  1927   000E6D                     B4D7            equ	3693	;# 
  1928   000E6E                     CANSTAT_RO5     equ	3694	;# 
  1929   000E6F                     CANCON_RO5      equ	3695	;# 
  1930   000E70                     B5CON           equ	3696	;# 
  1931   000E71                     B5SIDH          equ	3697	;# 
  1932   000E72                     B5SIDL          equ	3698	;# 
  1933   000E73                     B5EIDH          equ	3699	;# 
  1934   000E74                     B5EIDL          equ	3700	;# 
  1935   000E75                     B5DLC           equ	3701	;# 
  1936   000E76                     B5D0            equ	3702	;# 
  1937   000E77                     B5D1            equ	3703	;# 
  1938   000E78                     B5D2            equ	3704	;# 
  1939   000E79                     B5D3            equ	3705	;# 
  1940   000E7A                     B5D4            equ	3706	;# 
  1941   000E7B                     B5D5            equ	3707	;# 
  1942   000E7C                     B5D6            equ	3708	;# 
  1943   000E7D                     B5D7            equ	3709	;# 
  1944   000E7E                     CANSTAT_RO4     equ	3710	;# 
  1945   000E7F                     CANCON_RO4      equ	3711	;# 
  1946   000F00                     RXF0SIDH        equ	3840	;# 
  1947   000F01                     RXF0SIDL        equ	3841	;# 
  1948   000F02                     RXF0EIDH        equ	3842	;# 
  1949   000F03                     RXF0EIDL        equ	3843	;# 
  1950   000F04                     RXF1SIDH        equ	3844	;# 
  1951   000F05                     RXF1SIDL        equ	3845	;# 
  1952   000F06                     RXF1EIDH        equ	3846	;# 
  1953   000F07                     RXF1EIDL        equ	3847	;# 
  1954   000F08                     RXF2SIDH        equ	3848	;# 
  1955   000F09                     RXF2SIDL        equ	3849	;# 
  1956   000F0A                     RXF2EIDH        equ	3850	;# 
  1957   000F0B                     RXF2EIDL        equ	3851	;# 
  1958   000F0C                     RXF3SIDH        equ	3852	;# 
  1959   000F0D                     RXF3SIDL        equ	3853	;# 
  1960   000F0E                     RXF3EIDH        equ	3854	;# 
  1961   000F0F                     RXF3EIDL        equ	3855	;# 
  1962   000F10                     RXF4SIDH        equ	3856	;# 
  1963   000F11                     RXF4SIDL        equ	3857	;# 
  1964   000F12                     RXF4EIDH        equ	3858	;# 
  1965   000F13                     RXF4EIDL        equ	3859	;# 
  1966   000F14                     RXF5SIDH        equ	3860	;# 
  1967   000F15                     RXF5SIDL        equ	3861	;# 
  1968   000F16                     RXF5EIDH        equ	3862	;# 
  1969   000F17                     RXF5EIDL        equ	3863	;# 
  1970   000F18                     RXM0SIDH        equ	3864	;# 
  1971   000F19                     RXM0SIDL        equ	3865	;# 
  1972   000F1A                     RXM0EIDH        equ	3866	;# 
  1973   000F1B                     RXM0EIDL        equ	3867	;# 
  1974   000F1C                     RXM1SIDH        equ	3868	;# 
  1975   000F1D                     RXM1SIDL        equ	3869	;# 
  1976   000F1E                     RXM1EIDH        equ	3870	;# 
  1977   000F1F                     RXM1EIDL        equ	3871	;# 
  1978   000F20                     TXB2CON         equ	3872	;# 
  1979   000F21                     TXB2SIDH        equ	3873	;# 
  1980   000F22                     TXB2SIDL        equ	3874	;# 
  1981   000F23                     TXB2EIDH        equ	3875	;# 
  1982   000F24                     TXB2EIDL        equ	3876	;# 
  1983   000F25                     TXB2DLC         equ	3877	;# 
  1984   000F26                     TXB2D0          equ	3878	;# 
  1985   000F27                     TXB2D1          equ	3879	;# 
  1986   000F28                     TXB2D2          equ	3880	;# 
  1987   000F29                     TXB2D3          equ	3881	;# 
  1988   000F2A                     TXB2D4          equ	3882	;# 
  1989   000F2B                     TXB2D5          equ	3883	;# 
  1990   000F2C                     TXB2D6          equ	3884	;# 
  1991   000F2D                     TXB2D7          equ	3885	;# 
  1992   000F2E                     CANSTAT_RO3     equ	3886	;# 
  1993   000F2F                     CANCON_RO3      equ	3887	;# 
  1994   000F30                     TXB1CON         equ	3888	;# 
  1995   000F31                     TXB1SIDH        equ	3889	;# 
  1996   000F32                     TXB1SIDL        equ	3890	;# 
  1997   000F33                     TXB1EIDH        equ	3891	;# 
  1998   000F34                     TXB1EIDL        equ	3892	;# 
  1999   000F35                     TXB1DLC         equ	3893	;# 
  2000   000F36                     TXB1D0          equ	3894	;# 
  2001   000F37                     TXB1D1          equ	3895	;# 
  2002   000F38                     TXB1D2          equ	3896	;# 
  2003   000F39                     TXB1D3          equ	3897	;# 
  2004   000F3A                     TXB1D4          equ	3898	;# 
  2005   000F3B                     TXB1D5          equ	3899	;# 
  2006   000F3C                     TXB1D6          equ	3900	;# 
  2007   000F3D                     TXB1D7          equ	3901	;# 
  2008   000F3E                     CANSTAT_RO2     equ	3902	;# 
  2009   000F3F                     CANCON_RO2      equ	3903	;# 
  2010   000F40                     TXB0CON         equ	3904	;# 
  2011   000F41                     TXB0SIDH        equ	3905	;# 
  2012   000F42                     TXB0SIDL        equ	3906	;# 
  2013   000F43                     TXB0EIDH        equ	3907	;# 
  2014   000F44                     TXB0EIDL        equ	3908	;# 
  2015   000F45                     TXB0DLC         equ	3909	;# 
  2016   000F46                     TXB0D0          equ	3910	;# 
  2017   000F47                     TXB0D1          equ	3911	;# 
  2018   000F48                     TXB0D2          equ	3912	;# 
  2019   000F49                     TXB0D3          equ	3913	;# 
  2020   000F4A                     TXB0D4          equ	3914	;# 
  2021   000F4B                     TXB0D5          equ	3915	;# 
  2022   000F4C                     TXB0D6          equ	3916	;# 
  2023   000F4D                     TXB0D7          equ	3917	;# 
  2024   000F4E                     CANSTAT_RO1     equ	3918	;# 
  2025   000F4F                     CANCON_RO1      equ	3919	;# 
  2026   000F50                     RXB1CON         equ	3920	;# 
  2027   000F51                     RXB1SIDH        equ	3921	;# 
  2028   000F52                     RXB1SIDL        equ	3922	;# 
  2029   000F53                     RXB1EIDH        equ	3923	;# 
  2030   000F54                     RXB1EIDL        equ	3924	;# 
  2031   000F55                     RXB1DLC         equ	3925	;# 
  2032   000F56                     RXB1D0          equ	3926	;# 
  2033   000F57                     RXB1D1          equ	3927	;# 
  2034   000F58                     RXB1D2          equ	3928	;# 
  2035   000F59                     RXB1D3          equ	3929	;# 
  2036   000F5A                     RXB1D4          equ	3930	;# 
  2037   000F5B                     RXB1D5          equ	3931	;# 
  2038   000F5C                     RXB1D6          equ	3932	;# 
  2039   000F5D                     RXB1D7          equ	3933	;# 
  2040   000F5E                     CANSTAT_RO0     equ	3934	;# 
  2041   000F5F                     CANCON_RO0      equ	3935	;# 
  2042   000F60                     RXB0CON         equ	3936	;# 
  2043   000F61                     RXB0SIDH        equ	3937	;# 
  2044   000F62                     RXB0SIDL        equ	3938	;# 
  2045   000F63                     RXB0EIDH        equ	3939	;# 
  2046   000F64                     RXB0EIDL        equ	3940	;# 
  2047   000F65                     RXB0DLC         equ	3941	;# 
  2048   000F66                     RXB0D0          equ	3942	;# 
  2049   000F67                     RXB0D1          equ	3943	;# 
  2050   000F68                     RXB0D2          equ	3944	;# 
  2051   000F69                     RXB0D3          equ	3945	;# 
  2052   000F6A                     RXB0D4          equ	3946	;# 
  2053   000F6B                     RXB0D5          equ	3947	;# 
  2054   000F6C                     RXB0D6          equ	3948	;# 
  2055   000F6D                     RXB0D7          equ	3949	;# 
  2056   000F6E                     CANSTAT         equ	3950	;# 
  2057   000F6F                     CANCON          equ	3951	;# 
  2058   000F70                     BRGCON1         equ	3952	;# 
  2059   000F71                     BRGCON2         equ	3953	;# 
  2060   000F72                     BRGCON3         equ	3954	;# 
  2061   000F73                     CIOCON          equ	3955	;# 
  2062   000F74                     COMSTAT         equ	3956	;# 
  2063   000F75                     RXERRCNT        equ	3957	;# 
  2064   000F76                     TXERRCNT        equ	3958	;# 
  2065   000F77                     ECANCON         equ	3959	;# 
  2066   000F80                     PORTA           equ	3968	;# 
  2067   000F81                     PORTB           equ	3969	;# 
  2068   000F82                     PORTC           equ	3970	;# 
  2069   000F83                     PORTD           equ	3971	;# 
  2070   000F84                     PORTE           equ	3972	;# 
  2071   000F89                     LATA            equ	3977	;# 
  2072   000F8A                     LATB            equ	3978	;# 
  2073   000F8B                     LATC            equ	3979	;# 
  2074   000F8C                     LATD            equ	3980	;# 
  2075   000F8D                     LATE            equ	3981	;# 
  2076   000F92                     TRISA           equ	3986	;# 
  2077   000F92                     DDRA            equ	3986	;# 
  2078   000F93                     TRISB           equ	3987	;# 
  2079   000F93                     DDRB            equ	3987	;# 
  2080   000F94                     TRISC           equ	3988	;# 
  2081   000F94                     DDRC            equ	3988	;# 
  2082   000F95                     TRISD           equ	3989	;# 
  2083   000F95                     DDRD            equ	3989	;# 
  2084   000F96                     TRISE           equ	3990	;# 
  2085   000F96                     DDRE            equ	3990	;# 
  2086   000F9B                     OSCTUNE         equ	3995	;# 
  2087   000F9D                     PIE1            equ	3997	;# 
  2088   000F9E                     PIR1            equ	3998	;# 
  2089   000F9F                     IPR1            equ	3999	;# 
  2090   000FA0                     PIE2            equ	4000	;# 
  2091   000FA1                     PIR2            equ	4001	;# 
  2092   000FA2                     IPR2            equ	4002	;# 
  2093   000FA3                     PIE3            equ	4003	;# 
  2094   000FA4                     PIR3            equ	4004	;# 
  2095   000FA5                     IPR3            equ	4005	;# 
  2096   000FA6                     EECON1          equ	4006	;# 
  2097   000FA7                     EECON2          equ	4007	;# 
  2098   000FA8                     EEDATA          equ	4008	;# 
  2099   000FA9                     EEADR           equ	4009	;# 
  2100   000FAB                     RCSTA           equ	4011	;# 
  2101   000FAB                     RCSTA1          equ	4011	;# 
  2102   000FAC                     TXSTA           equ	4012	;# 
  2103   000FAC                     TXSTA1          equ	4012	;# 
  2104   000FAD                     TXREG           equ	4013	;# 
  2105   000FAD                     TXREG1          equ	4013	;# 
  2106   000FAE                     RCREG           equ	4014	;# 
  2107   000FAE                     RCREG1          equ	4014	;# 
  2108   000FAF                     SPBRG           equ	4015	;# 
  2109   000FAF                     SPBRG1          equ	4015	;# 
  2110   000FB0                     SPBRGH          equ	4016	;# 
  2111   000FB1                     T3CON           equ	4017	;# 
  2112   000FB2                     TMR3            equ	4018	;# 
  2113   000FB2                     TMR3L           equ	4018	;# 
  2114   000FB3                     TMR3H           equ	4019	;# 
  2115   000FB4                     CMCON           equ	4020	;# 
  2116   000FB5                     CVRCON          equ	4021	;# 
  2117   000FB6                     ECCP1AS         equ	4022	;# 
  2118   000FB7                     ECCP1DEL        equ	4023	;# 
  2119   000FB8                     BAUDCON         equ	4024	;# 
  2120   000FB8                     BAUDCTL         equ	4024	;# 
  2121   000FBA                     ECCP1CON        equ	4026	;# 
  2122   000FBB                     ECCPR1          equ	4027	;# 
  2123   000FBB                     ECCPR1L         equ	4027	;# 
  2124   000FBC                     ECCPR1H         equ	4028	;# 
  2125   000FBD                     CCP1CON         equ	4029	;# 
  2126   000FBE                     CCPR1           equ	4030	;# 
  2127   000FBE                     CCPR1L          equ	4030	;# 
  2128   000FBF                     CCPR1H          equ	4031	;# 
  2129   000FC0                     ADCON2          equ	4032	;# 
  2130   000FC1                     ADCON1          equ	4033	;# 
  2131   000FC2                     ADCON0          equ	4034	;# 
  2132   000FC3                     ADRES           equ	4035	;# 
  2133   000FC3                     ADRESL          equ	4035	;# 
  2134   000FC4                     ADRESH          equ	4036	;# 
  2135   000FC5                     SSPCON2         equ	4037	;# 
  2136   000FC6                     SSPCON1         equ	4038	;# 
  2137   000FC7                     SSPSTAT         equ	4039	;# 
  2138   000FC8                     SSPADD          equ	4040	;# 
  2139   000FC9                     SSPBUF          equ	4041	;# 
  2140   000FCA                     T2CON           equ	4042	;# 
  2141   000FCB                     PR2             equ	4043	;# 
  2142   000FCB                     MEMCON          equ	4043	;# 
  2143   000FCC                     TMR2            equ	4044	;# 
  2144   000FCD                     T1CON           equ	4045	;# 
  2145   000FCE                     TMR1            equ	4046	;# 
  2146   000FCE                     TMR1L           equ	4046	;# 
  2147   000FCF                     TMR1H           equ	4047	;# 
  2148   000FD0                     RCON            equ	4048	;# 
  2149   000FD1                     WDTCON          equ	4049	;# 
  2150   000FD2                     HLVDCON         equ	4050	;# 
  2151   000FD2                     LVDCON          equ	4050	;# 
  2152   000FD3                     OSCCON          equ	4051	;# 
  2153   000FD5                     T0CON           equ	4053	;# 
  2154   000FD6                     TMR0            equ	4054	;# 
  2155   000FD6                     TMR0L           equ	4054	;# 
  2156   000FD7                     TMR0H           equ	4055	;# 
  2157   000FD8                     STATUS          equ	4056	;# 
  2158   000FD9                     FSR2            equ	4057	;# 
  2159   000FD9                     FSR2L           equ	4057	;# 
  2160   000FDA                     FSR2H           equ	4058	;# 
  2161   000FDB                     PLUSW2          equ	4059	;# 
  2162   000FDC                     PREINC2         equ	4060	;# 
  2163   000FDD                     POSTDEC2        equ	4061	;# 
  2164   000FDE                     POSTINC2        equ	4062	;# 
  2165   000FDF                     INDF2           equ	4063	;# 
  2166   000FE0                     BSR             equ	4064	;# 
  2167   000FE1                     FSR1            equ	4065	;# 
  2168   000FE1                     FSR1L           equ	4065	;# 
  2169   000FE2                     FSR1H           equ	4066	;# 
  2170   000FE3                     PLUSW1          equ	4067	;# 
  2171   000FE4                     PREINC1         equ	4068	;# 
  2172   000FE5                     POSTDEC1        equ	4069	;# 
  2173   000FE6                     POSTINC1        equ	4070	;# 
  2174   000FE7                     INDF1           equ	4071	;# 
  2175   000FE8                     WREG            equ	4072	;# 
  2176   000FE9                     FSR0            equ	4073	;# 
  2177   000FE9                     FSR0L           equ	4073	;# 
  2178   000FEA                     FSR0H           equ	4074	;# 
  2179   000FEB                     PLUSW0          equ	4075	;# 
  2180   000FEC                     PREINC0         equ	4076	;# 
  2181   000FED                     POSTDEC0        equ	4077	;# 
  2182   000FEE                     POSTINC0        equ	4078	;# 
  2183   000FEF                     INDF0           equ	4079	;# 
  2184   000FF0                     INTCON3         equ	4080	;# 
  2185   000FF1                     INTCON2         equ	4081	;# 
  2186   000FF2                     INTCON          equ	4082	;# 
  2187   000FF3                     PROD            equ	4083	;# 
  2188   000FF3                     PRODL           equ	4083	;# 
  2189   000FF4                     PRODH           equ	4084	;# 
  2190   000FF5                     TABLAT          equ	4085	;# 
  2191   000FF6                     TBLPTR          equ	4086	;# 
  2192   000FF6                     TBLPTRL         equ	4086	;# 
  2193   000FF7                     TBLPTRH         equ	4087	;# 
  2194   000FF8                     TBLPTRU         equ	4088	;# 
  2195   000FF9                     PCLAT           equ	4089	;# 
  2196   000FF9                     PC              equ	4089	;# 
  2197   000FF9                     PCL             equ	4089	;# 
  2198   000FFA                     PCLATH          equ	4090	;# 
  2199   000FFB                     PCLATU          equ	4091	;# 
  2200   000FFC                     STKPTR          equ	4092	;# 
  2201   000FFD                     TOS             equ	4093	;# 
  2202   000FFD                     TOSL            equ	4093	;# 
  2203   000FFE                     TOSH            equ	4094	;# 
  2204   000FFF                     TOSU            equ	4095	;# 
  2205   000D60                     RXF6SIDH        equ	3424	;# 
  2206   000D61                     RXF6SIDL        equ	3425	;# 
  2207   000D62                     RXF6EIDH        equ	3426	;# 
  2208   000D63                     RXF6EIDL        equ	3427	;# 
  2209   000D64                     RXF7SIDH        equ	3428	;# 
  2210   000D65                     RXF7SIDL        equ	3429	;# 
  2211   000D66                     RXF7EIDH        equ	3430	;# 
  2212   000D67                     RXF7EIDL        equ	3431	;# 
  2213   000D68                     RXF8SIDH        equ	3432	;# 
  2214   000D69                     RXF8SIDL        equ	3433	;# 
  2215   000D6A                     RXF8EIDH        equ	3434	;# 
  2216   000D6B                     RXF8EIDL        equ	3435	;# 
  2217   000D70                     RXF9SIDH        equ	3440	;# 
  2218   000D71                     RXF9SIDL        equ	3441	;# 
  2219   000D72                     RXF9EIDH        equ	3442	;# 
  2220   000D73                     RXF9EIDL        equ	3443	;# 
  2221   000D74                     RXF10SIDH       equ	3444	;# 
  2222   000D75                     RXF10SIDL       equ	3445	;# 
  2223   000D76                     RXF10EIDH       equ	3446	;# 
  2224   000D77                     RXF10EIDL       equ	3447	;# 
  2225   000D78                     RXF11SIDH       equ	3448	;# 
  2226   000D79                     RXF11SIDL       equ	3449	;# 
  2227   000D7A                     RXF11EIDH       equ	3450	;# 
  2228   000D7B                     RXF11EIDL       equ	3451	;# 
  2229   000D80                     RXF12SIDH       equ	3456	;# 
  2230   000D81                     RXF12SIDL       equ	3457	;# 
  2231   000D82                     RXF12EIDH       equ	3458	;# 
  2232   000D83                     RXF12EIDL       equ	3459	;# 
  2233   000D84                     RXF13SIDH       equ	3460	;# 
  2234   000D85                     RXF13SIDL       equ	3461	;# 
  2235   000D86                     RXF13EIDH       equ	3462	;# 
  2236   000D87                     RXF13EIDL       equ	3463	;# 
  2237   000D88                     RXF14SIDH       equ	3464	;# 
  2238   000D89                     RXF14SIDL       equ	3465	;# 
  2239   000D8A                     RXF14EIDH       equ	3466	;# 
  2240   000D8B                     RXF14EIDL       equ	3467	;# 
  2241   000D90                     RXF15SIDH       equ	3472	;# 
  2242   000D91                     RXF15SIDL       equ	3473	;# 
  2243   000D92                     RXF15EIDH       equ	3474	;# 
  2244   000D93                     RXF15EIDL       equ	3475	;# 
  2245   000DD4                     RXFCON0         equ	3540	;# 
  2246   000DD5                     RXFCON1         equ	3541	;# 
  2247   000DD8                     SDFLC           equ	3544	;# 
  2248   000DE0                     RXFBCON0        equ	3552	;# 
  2249   000DE1                     RXFBCON1        equ	3553	;# 
  2250   000DE2                     RXFBCON2        equ	3554	;# 
  2251   000DE3                     RXFBCON3        equ	3555	;# 
  2252   000DE4                     RXFBCON4        equ	3556	;# 
  2253   000DE5                     RXFBCON5        equ	3557	;# 
  2254   000DE6                     RXFBCON6        equ	3558	;# 
  2255   000DE7                     RXFBCON7        equ	3559	;# 
  2256   000DF0                     MSEL0           equ	3568	;# 
  2257   000DF1                     MSEL1           equ	3569	;# 
  2258   000DF2                     MSEL2           equ	3570	;# 
  2259   000DF3                     MSEL3           equ	3571	;# 
  2260   000DF8                     BSEL0           equ	3576	;# 
  2261   000DFA                     BIE0            equ	3578	;# 
  2262   000DFC                     TXBIE           equ	3580	;# 
  2263   000E20                     B0CON           equ	3616	;# 
  2264   000E21                     B0SIDH          equ	3617	;# 
  2265   000E22                     B0SIDL          equ	3618	;# 
  2266   000E23                     B0EIDH          equ	3619	;# 
  2267   000E24                     B0EIDL          equ	3620	;# 
  2268   000E25                     B0DLC           equ	3621	;# 
  2269   000E26                     B0D0            equ	3622	;# 
  2270   000E27                     B0D1            equ	3623	;# 
  2271   000E28                     B0D2            equ	3624	;# 
  2272   000E29                     B0D3            equ	3625	;# 
  2273   000E2A                     B0D4            equ	3626	;# 
  2274   000E2B                     B0D5            equ	3627	;# 
  2275   000E2C                     B0D6            equ	3628	;# 
  2276   000E2D                     B0D7            equ	3629	;# 
  2277   000E2E                     CANSTAT_RO9     equ	3630	;# 
  2278   000E2F                     CANCON_RO9      equ	3631	;# 
  2279   000E30                     B1CON           equ	3632	;# 
  2280   000E31                     B1SIDH          equ	3633	;# 
  2281   000E32                     B1SIDL          equ	3634	;# 
  2282   000E33                     B1EIDH          equ	3635	;# 
  2283   000E34                     B1EIDL          equ	3636	;# 
  2284   000E35                     B1DLC           equ	3637	;# 
  2285   000E36                     B1D0            equ	3638	;# 
  2286   000E37                     B1D1            equ	3639	;# 
  2287   000E38                     B1D2            equ	3640	;# 
  2288   000E39                     B1D3            equ	3641	;# 
  2289   000E3A                     B1D4            equ	3642	;# 
  2290   000E3B                     B1D5            equ	3643	;# 
  2291   000E3C                     B1D6            equ	3644	;# 
  2292   000E3D                     B1D7            equ	3645	;# 
  2293   000E3E                     CANSTAT_RO8     equ	3646	;# 
  2294   000E3F                     CANCON_RO8      equ	3647	;# 
  2295   000E40                     B2CON           equ	3648	;# 
  2296   000E41                     B2SIDH          equ	3649	;# 
  2297   000E42                     B2SIDL          equ	3650	;# 
  2298   000E43                     B2EIDH          equ	3651	;# 
  2299   000E44                     B2EIDL          equ	3652	;# 
  2300   000E45                     B2DLC           equ	3653	;# 
  2301   000E46                     B2D0            equ	3654	;# 
  2302   000E47                     B2D1            equ	3655	;# 
  2303   000E48                     B2D2            equ	3656	;# 
  2304   000E49                     B2D3            equ	3657	;# 
  2305   000E4A                     B2D4            equ	3658	;# 
  2306   000E4B                     B2D5            equ	3659	;# 
  2307   000E4C                     B2D6            equ	3660	;# 
  2308   000E4D                     B2D7            equ	3661	;# 
  2309   000E4E                     CANSTAT_RO7     equ	3662	;# 
  2310   000E4F                     CANCON_RO7      equ	3663	;# 
  2311   000E50                     B3CON           equ	3664	;# 
  2312   000E51                     B3SIDH          equ	3665	;# 
  2313   000E52                     B3SIDL          equ	3666	;# 
  2314   000E53                     B3EIDH          equ	3667	;# 
  2315   000E54                     B3EIDL          equ	3668	;# 
  2316   000E55                     B3DLC           equ	3669	;# 
  2317   000E56                     B3D0            equ	3670	;# 
  2318   000E57                     B3D1            equ	3671	;# 
  2319   000E58                     B3D2            equ	3672	;# 
  2320   000E59                     B3D3            equ	3673	;# 
  2321   000E5A                     B3D4            equ	3674	;# 
  2322   000E5B                     B3D5            equ	3675	;# 
  2323   000E5C                     B3D6            equ	3676	;# 
  2324   000E5D                     B3D7            equ	3677	;# 
  2325   000E5E                     CANSTAT_RO6     equ	3678	;# 
  2326   000E5F                     CANCON_RO6      equ	3679	;# 
  2327   000E60                     B4CON           equ	3680	;# 
  2328   000E61                     B4SIDH          equ	3681	;# 
  2329   000E62                     B4SIDL          equ	3682	;# 
  2330   000E63                     B4EIDH          equ	3683	;# 
  2331   000E64                     B4EIDL          equ	3684	;# 
  2332   000E65                     B4DLC           equ	3685	;# 
  2333   000E66                     B4D0            equ	3686	;# 
  2334   000E67                     B4D1            equ	3687	;# 
  2335   000E68                     B4D2            equ	3688	;# 
  2336   000E69                     B4D3            equ	3689	;# 
  2337   000E6A                     B4D4            equ	3690	;# 
  2338   000E6B                     B4D5            equ	3691	;# 
  2339   000E6C                     B4D6            equ	3692	;# 
  2340   000E6D                     B4D7            equ	3693	;# 
  2341   000E6E                     CANSTAT_RO5     equ	3694	;# 
  2342   000E6F                     CANCON_RO5      equ	3695	;# 
  2343   000E70                     B5CON           equ	3696	;# 
  2344   000E71                     B5SIDH          equ	3697	;# 
  2345   000E72                     B5SIDL          equ	3698	;# 
  2346   000E73                     B5EIDH          equ	3699	;# 
  2347   000E74                     B5EIDL          equ	3700	;# 
  2348   000E75                     B5DLC           equ	3701	;# 
  2349   000E76                     B5D0            equ	3702	;# 
  2350   000E77                     B5D1            equ	3703	;# 
  2351   000E78                     B5D2            equ	3704	;# 
  2352   000E79                     B5D3            equ	3705	;# 
  2353   000E7A                     B5D4            equ	3706	;# 
  2354   000E7B                     B5D5            equ	3707	;# 
  2355   000E7C                     B5D6            equ	3708	;# 
  2356   000E7D                     B5D7            equ	3709	;# 
  2357   000E7E                     CANSTAT_RO4     equ	3710	;# 
  2358   000E7F                     CANCON_RO4      equ	3711	;# 
  2359   000F00                     RXF0SIDH        equ	3840	;# 
  2360   000F01                     RXF0SIDL        equ	3841	;# 
  2361   000F02                     RXF0EIDH        equ	3842	;# 
  2362   000F03                     RXF0EIDL        equ	3843	;# 
  2363   000F04                     RXF1SIDH        equ	3844	;# 
  2364   000F05                     RXF1SIDL        equ	3845	;# 
  2365   000F06                     RXF1EIDH        equ	3846	;# 
  2366   000F07                     RXF1EIDL        equ	3847	;# 
  2367   000F08                     RXF2SIDH        equ	3848	;# 
  2368   000F09                     RXF2SIDL        equ	3849	;# 
  2369   000F0A                     RXF2EIDH        equ	3850	;# 
  2370   000F0B                     RXF2EIDL        equ	3851	;# 
  2371   000F0C                     RXF3SIDH        equ	3852	;# 
  2372   000F0D                     RXF3SIDL        equ	3853	;# 
  2373   000F0E                     RXF3EIDH        equ	3854	;# 
  2374   000F0F                     RXF3EIDL        equ	3855	;# 
  2375   000F10                     RXF4SIDH        equ	3856	;# 
  2376   000F11                     RXF4SIDL        equ	3857	;# 
  2377   000F12                     RXF4EIDH        equ	3858	;# 
  2378   000F13                     RXF4EIDL        equ	3859	;# 
  2379   000F14                     RXF5SIDH        equ	3860	;# 
  2380   000F15                     RXF5SIDL        equ	3861	;# 
  2381   000F16                     RXF5EIDH        equ	3862	;# 
  2382   000F17                     RXF5EIDL        equ	3863	;# 
  2383   000F18                     RXM0SIDH        equ	3864	;# 
  2384   000F19                     RXM0SIDL        equ	3865	;# 
  2385   000F1A                     RXM0EIDH        equ	3866	;# 
  2386   000F1B                     RXM0EIDL        equ	3867	;# 
  2387   000F1C                     RXM1SIDH        equ	3868	;# 
  2388   000F1D                     RXM1SIDL        equ	3869	;# 
  2389   000F1E                     RXM1EIDH        equ	3870	;# 
  2390   000F1F                     RXM1EIDL        equ	3871	;# 
  2391   000F20                     TXB2CON         equ	3872	;# 
  2392   000F21                     TXB2SIDH        equ	3873	;# 
  2393   000F22                     TXB2SIDL        equ	3874	;# 
  2394   000F23                     TXB2EIDH        equ	3875	;# 
  2395   000F24                     TXB2EIDL        equ	3876	;# 
  2396   000F25                     TXB2DLC         equ	3877	;# 
  2397   000F26                     TXB2D0          equ	3878	;# 
  2398   000F27                     TXB2D1          equ	3879	;# 
  2399   000F28                     TXB2D2          equ	3880	;# 
  2400   000F29                     TXB2D3          equ	3881	;# 
  2401   000F2A                     TXB2D4          equ	3882	;# 
  2402   000F2B                     TXB2D5          equ	3883	;# 
  2403   000F2C                     TXB2D6          equ	3884	;# 
  2404   000F2D                     TXB2D7          equ	3885	;# 
  2405   000F2E                     CANSTAT_RO3     equ	3886	;# 
  2406   000F2F                     CANCON_RO3      equ	3887	;# 
  2407   000F30                     TXB1CON         equ	3888	;# 
  2408   000F31                     TXB1SIDH        equ	3889	;# 
  2409   000F32                     TXB1SIDL        equ	3890	;# 
  2410   000F33                     TXB1EIDH        equ	3891	;# 
  2411   000F34                     TXB1EIDL        equ	3892	;# 
  2412   000F35                     TXB1DLC         equ	3893	;# 
  2413   000F36                     TXB1D0          equ	3894	;# 
  2414   000F37                     TXB1D1          equ	3895	;# 
  2415   000F38                     TXB1D2          equ	3896	;# 
  2416   000F39                     TXB1D3          equ	3897	;# 
  2417   000F3A                     TXB1D4          equ	3898	;# 
  2418   000F3B                     TXB1D5          equ	3899	;# 
  2419   000F3C                     TXB1D6          equ	3900	;# 
  2420   000F3D                     TXB1D7          equ	3901	;# 
  2421   000F3E                     CANSTAT_RO2     equ	3902	;# 
  2422   000F3F                     CANCON_RO2      equ	3903	;# 
  2423   000F40                     TXB0CON         equ	3904	;# 
  2424   000F41                     TXB0SIDH        equ	3905	;# 
  2425   000F42                     TXB0SIDL        equ	3906	;# 
  2426   000F43                     TXB0EIDH        equ	3907	;# 
  2427   000F44                     TXB0EIDL        equ	3908	;# 
  2428   000F45                     TXB0DLC         equ	3909	;# 
  2429   000F46                     TXB0D0          equ	3910	;# 
  2430   000F47                     TXB0D1          equ	3911	;# 
  2431   000F48                     TXB0D2          equ	3912	;# 
  2432   000F49                     TXB0D3          equ	3913	;# 
  2433   000F4A                     TXB0D4          equ	3914	;# 
  2434   000F4B                     TXB0D5          equ	3915	;# 
  2435   000F4C                     TXB0D6          equ	3916	;# 
  2436   000F4D                     TXB0D7          equ	3917	;# 
  2437   000F4E                     CANSTAT_RO1     equ	3918	;# 
  2438   000F4F                     CANCON_RO1      equ	3919	;# 
  2439   000F50                     RXB1CON         equ	3920	;# 
  2440   000F51                     RXB1SIDH        equ	3921	;# 
  2441   000F52                     RXB1SIDL        equ	3922	;# 
  2442   000F53                     RXB1EIDH        equ	3923	;# 
  2443   000F54                     RXB1EIDL        equ	3924	;# 
  2444   000F55                     RXB1DLC         equ	3925	;# 
  2445   000F56                     RXB1D0          equ	3926	;# 
  2446   000F57                     RXB1D1          equ	3927	;# 
  2447   000F58                     RXB1D2          equ	3928	;# 
  2448   000F59                     RXB1D3          equ	3929	;# 
  2449   000F5A                     RXB1D4          equ	3930	;# 
  2450   000F5B                     RXB1D5          equ	3931	;# 
  2451   000F5C                     RXB1D6          equ	3932	;# 
  2452   000F5D                     RXB1D7          equ	3933	;# 
  2453   000F5E                     CANSTAT_RO0     equ	3934	;# 
  2454   000F5F                     CANCON_RO0      equ	3935	;# 
  2455   000F60                     RXB0CON         equ	3936	;# 
  2456   000F61                     RXB0SIDH        equ	3937	;# 
  2457   000F62                     RXB0SIDL        equ	3938	;# 
  2458   000F63                     RXB0EIDH        equ	3939	;# 
  2459   000F64                     RXB0EIDL        equ	3940	;# 
  2460   000F65                     RXB0DLC         equ	3941	;# 
  2461   000F66                     RXB0D0          equ	3942	;# 
  2462   000F67                     RXB0D1          equ	3943	;# 
  2463   000F68                     RXB0D2          equ	3944	;# 
  2464   000F69                     RXB0D3          equ	3945	;# 
  2465   000F6A                     RXB0D4          equ	3946	;# 
  2466   000F6B                     RXB0D5          equ	3947	;# 
  2467   000F6C                     RXB0D6          equ	3948	;# 
  2468   000F6D                     RXB0D7          equ	3949	;# 
  2469   000F6E                     CANSTAT         equ	3950	;# 
  2470   000F6F                     CANCON          equ	3951	;# 
  2471   000F70                     BRGCON1         equ	3952	;# 
  2472   000F71                     BRGCON2         equ	3953	;# 
  2473   000F72                     BRGCON3         equ	3954	;# 
  2474   000F73                     CIOCON          equ	3955	;# 
  2475   000F74                     COMSTAT         equ	3956	;# 
  2476   000F75                     RXERRCNT        equ	3957	;# 
  2477   000F76                     TXERRCNT        equ	3958	;# 
  2478   000F77                     ECANCON         equ	3959	;# 
  2479   000F80                     PORTA           equ	3968	;# 
  2480   000F81                     PORTB           equ	3969	;# 
  2481   000F82                     PORTC           equ	3970	;# 
  2482   000F83                     PORTD           equ	3971	;# 
  2483   000F84                     PORTE           equ	3972	;# 
  2484   000F89                     LATA            equ	3977	;# 
  2485   000F8A                     LATB            equ	3978	;# 
  2486   000F8B                     LATC            equ	3979	;# 
  2487   000F8C                     LATD            equ	3980	;# 
  2488   000F8D                     LATE            equ	3981	;# 
  2489   000F92                     TRISA           equ	3986	;# 
  2490   000F92                     DDRA            equ	3986	;# 
  2491   000F93                     TRISB           equ	3987	;# 
  2492   000F93                     DDRB            equ	3987	;# 
  2493   000F94                     TRISC           equ	3988	;# 
  2494   000F94                     DDRC            equ	3988	;# 
  2495   000F95                     TRISD           equ	3989	;# 
  2496   000F95                     DDRD            equ	3989	;# 
  2497   000F96                     TRISE           equ	3990	;# 
  2498   000F96                     DDRE            equ	3990	;# 
  2499   000F9B                     OSCTUNE         equ	3995	;# 
  2500   000F9D                     PIE1            equ	3997	;# 
  2501   000F9E                     PIR1            equ	3998	;# 
  2502   000F9F                     IPR1            equ	3999	;# 
  2503   000FA0                     PIE2            equ	4000	;# 
  2504   000FA1                     PIR2            equ	4001	;# 
  2505   000FA2                     IPR2            equ	4002	;# 
  2506   000FA3                     PIE3            equ	4003	;# 
  2507   000FA4                     PIR3            equ	4004	;# 
  2508   000FA5                     IPR3            equ	4005	;# 
  2509   000FA6                     EECON1          equ	4006	;# 
  2510   000FA7                     EECON2          equ	4007	;# 
  2511   000FA8                     EEDATA          equ	4008	;# 
  2512   000FA9                     EEADR           equ	4009	;# 
  2513   000FAB                     RCSTA           equ	4011	;# 
  2514   000FAB                     RCSTA1          equ	4011	;# 
  2515   000FAC                     TXSTA           equ	4012	;# 
  2516   000FAC                     TXSTA1          equ	4012	;# 
  2517   000FAD                     TXREG           equ	4013	;# 
  2518   000FAD                     TXREG1          equ	4013	;# 
  2519   000FAE                     RCREG           equ	4014	;# 
  2520   000FAE                     RCREG1          equ	4014	;# 
  2521   000FAF                     SPBRG           equ	4015	;# 
  2522   000FAF                     SPBRG1          equ	4015	;# 
  2523   000FB0                     SPBRGH          equ	4016	;# 
  2524   000FB1                     T3CON           equ	4017	;# 
  2525   000FB2                     TMR3            equ	4018	;# 
  2526   000FB2                     TMR3L           equ	4018	;# 
  2527   000FB3                     TMR3H           equ	4019	;# 
  2528   000FB4                     CMCON           equ	4020	;# 
  2529   000FB5                     CVRCON          equ	4021	;# 
  2530   000FB6                     ECCP1AS         equ	4022	;# 
  2531   000FB7                     ECCP1DEL        equ	4023	;# 
  2532   000FB8                     BAUDCON         equ	4024	;# 
  2533   000FB8                     BAUDCTL         equ	4024	;# 
  2534   000FBA                     ECCP1CON        equ	4026	;# 
  2535   000FBB                     ECCPR1          equ	4027	;# 
  2536   000FBB                     ECCPR1L         equ	4027	;# 
  2537   000FBC                     ECCPR1H         equ	4028	;# 
  2538   000FBD                     CCP1CON         equ	4029	;# 
  2539   000FBE                     CCPR1           equ	4030	;# 
  2540   000FBE                     CCPR1L          equ	4030	;# 
  2541   000FBF                     CCPR1H          equ	4031	;# 
  2542   000FC0                     ADCON2          equ	4032	;# 
  2543   000FC1                     ADCON1          equ	4033	;# 
  2544   000FC2                     ADCON0          equ	4034	;# 
  2545   000FC3                     ADRES           equ	4035	;# 
  2546   000FC3                     ADRESL          equ	4035	;# 
  2547   000FC4                     ADRESH          equ	4036	;# 
  2548   000FC5                     SSPCON2         equ	4037	;# 
  2549   000FC6                     SSPCON1         equ	4038	;# 
  2550   000FC7                     SSPSTAT         equ	4039	;# 
  2551   000FC8                     SSPADD          equ	4040	;# 
  2552   000FC9                     SSPBUF          equ	4041	;# 
  2553   000FCA                     T2CON           equ	4042	;# 
  2554   000FCB                     PR2             equ	4043	;# 
  2555   000FCB                     MEMCON          equ	4043	;# 
  2556   000FCC                     TMR2            equ	4044	;# 
  2557   000FCD                     T1CON           equ	4045	;# 
  2558   000FCE                     TMR1            equ	4046	;# 
  2559   000FCE                     TMR1L           equ	4046	;# 
  2560   000FCF                     TMR1H           equ	4047	;# 
  2561   000FD0                     RCON            equ	4048	;# 
  2562   000FD1                     WDTCON          equ	4049	;# 
  2563   000FD2                     HLVDCON         equ	4050	;# 
  2564   000FD2                     LVDCON          equ	4050	;# 
  2565   000FD3                     OSCCON          equ	4051	;# 
  2566   000FD5                     T0CON           equ	4053	;# 
  2567   000FD6                     TMR0            equ	4054	;# 
  2568   000FD6                     TMR0L           equ	4054	;# 
  2569   000FD7                     TMR0H           equ	4055	;# 
  2570   000FD8                     STATUS          equ	4056	;# 
  2571   000FD9                     FSR2            equ	4057	;# 
  2572   000FD9                     FSR2L           equ	4057	;# 
  2573   000FDA                     FSR2H           equ	4058	;# 
  2574   000FDB                     PLUSW2          equ	4059	;# 
  2575   000FDC                     PREINC2         equ	4060	;# 
  2576   000FDD                     POSTDEC2        equ	4061	;# 
  2577   000FDE                     POSTINC2        equ	4062	;# 
  2578   000FDF                     INDF2           equ	4063	;# 
  2579   000FE0                     BSR             equ	4064	;# 
  2580   000FE1                     FSR1            equ	4065	;# 
  2581   000FE1                     FSR1L           equ	4065	;# 
  2582   000FE2                     FSR1H           equ	4066	;# 
  2583   000FE3                     PLUSW1          equ	4067	;# 
  2584   000FE4                     PREINC1         equ	4068	;# 
  2585   000FE5                     POSTDEC1        equ	4069	;# 
  2586   000FE6                     POSTINC1        equ	4070	;# 
  2587   000FE7                     INDF1           equ	4071	;# 
  2588   000FE8                     WREG            equ	4072	;# 
  2589   000FE9                     FSR0            equ	4073	;# 
  2590   000FE9                     FSR0L           equ	4073	;# 
  2591   000FEA                     FSR0H           equ	4074	;# 
  2592   000FEB                     PLUSW0          equ	4075	;# 
  2593   000FEC                     PREINC0         equ	4076	;# 
  2594   000FED                     POSTDEC0        equ	4077	;# 
  2595   000FEE                     POSTINC0        equ	4078	;# 
  2596   000FEF                     INDF0           equ	4079	;# 
  2597   000FF0                     INTCON3         equ	4080	;# 
  2598   000FF1                     INTCON2         equ	4081	;# 
  2599   000FF2                     INTCON          equ	4082	;# 
  2600   000FF3                     PROD            equ	4083	;# 
  2601   000FF3                     PRODL           equ	4083	;# 
  2602   000FF4                     PRODH           equ	4084	;# 
  2603   000FF5                     TABLAT          equ	4085	;# 
  2604   000FF6                     TBLPTR          equ	4086	;# 
  2605   000FF6                     TBLPTRL         equ	4086	;# 
  2606   000FF7                     TBLPTRH         equ	4087	;# 
  2607   000FF8                     TBLPTRU         equ	4088	;# 
  2608   000FF9                     PCLAT           equ	4089	;# 
  2609   000FF9                     PC              equ	4089	;# 
  2610   000FF9                     PCL             equ	4089	;# 
  2611   000FFA                     PCLATH          equ	4090	;# 
  2612   000FFB                     PCLATU          equ	4091	;# 
  2613   000FFC                     STKPTR          equ	4092	;# 
  2614   000FFD                     TOS             equ	4093	;# 
  2615   000FFD                     TOSL            equ	4093	;# 
  2616   000FFE                     TOSH            equ	4094	;# 
  2617   000FFF                     TOSU            equ	4095	;# 
  2618   000D60                     RXF6SIDH        equ	3424	;# 
  2619   000D61                     RXF6SIDL        equ	3425	;# 
  2620   000D62                     RXF6EIDH        equ	3426	;# 
  2621   000D63                     RXF6EIDL        equ	3427	;# 
  2622   000D64                     RXF7SIDH        equ	3428	;# 
  2623   000D65                     RXF7SIDL        equ	3429	;# 
  2624   000D66                     RXF7EIDH        equ	3430	;# 
  2625   000D67                     RXF7EIDL        equ	3431	;# 
  2626   000D68                     RXF8SIDH        equ	3432	;# 
  2627   000D69                     RXF8SIDL        equ	3433	;# 
  2628   000D6A                     RXF8EIDH        equ	3434	;# 
  2629   000D6B                     RXF8EIDL        equ	3435	;# 
  2630   000D70                     RXF9SIDH        equ	3440	;# 
  2631   000D71                     RXF9SIDL        equ	3441	;# 
  2632   000D72                     RXF9EIDH        equ	3442	;# 
  2633   000D73                     RXF9EIDL        equ	3443	;# 
  2634   000D74                     RXF10SIDH       equ	3444	;# 
  2635   000D75                     RXF10SIDL       equ	3445	;# 
  2636   000D76                     RXF10EIDH       equ	3446	;# 
  2637   000D77                     RXF10EIDL       equ	3447	;# 
  2638   000D78                     RXF11SIDH       equ	3448	;# 
  2639   000D79                     RXF11SIDL       equ	3449	;# 
  2640   000D7A                     RXF11EIDH       equ	3450	;# 
  2641   000D7B                     RXF11EIDL       equ	3451	;# 
  2642   000D80                     RXF12SIDH       equ	3456	;# 
  2643   000D81                     RXF12SIDL       equ	3457	;# 
  2644   000D82                     RXF12EIDH       equ	3458	;# 
  2645   000D83                     RXF12EIDL       equ	3459	;# 
  2646   000D84                     RXF13SIDH       equ	3460	;# 
  2647   000D85                     RXF13SIDL       equ	3461	;# 
  2648   000D86                     RXF13EIDH       equ	3462	;# 
  2649   000D87                     RXF13EIDL       equ	3463	;# 
  2650   000D88                     RXF14SIDH       equ	3464	;# 
  2651   000D89                     RXF14SIDL       equ	3465	;# 
  2652   000D8A                     RXF14EIDH       equ	3466	;# 
  2653   000D8B                     RXF14EIDL       equ	3467	;# 
  2654   000D90                     RXF15SIDH       equ	3472	;# 
  2655   000D91                     RXF15SIDL       equ	3473	;# 
  2656   000D92                     RXF15EIDH       equ	3474	;# 
  2657   000D93                     RXF15EIDL       equ	3475	;# 
  2658   000DD4                     RXFCON0         equ	3540	;# 
  2659   000DD5                     RXFCON1         equ	3541	;# 
  2660   000DD8                     SDFLC           equ	3544	;# 
  2661   000DE0                     RXFBCON0        equ	3552	;# 
  2662   000DE1                     RXFBCON1        equ	3553	;# 
  2663   000DE2                     RXFBCON2        equ	3554	;# 
  2664   000DE3                     RXFBCON3        equ	3555	;# 
  2665   000DE4                     RXFBCON4        equ	3556	;# 
  2666   000DE5                     RXFBCON5        equ	3557	;# 
  2667   000DE6                     RXFBCON6        equ	3558	;# 
  2668   000DE7                     RXFBCON7        equ	3559	;# 
  2669   000DF0                     MSEL0           equ	3568	;# 
  2670   000DF1                     MSEL1           equ	3569	;# 
  2671   000DF2                     MSEL2           equ	3570	;# 
  2672   000DF3                     MSEL3           equ	3571	;# 
  2673   000DF8                     BSEL0           equ	3576	;# 
  2674   000DFA                     BIE0            equ	3578	;# 
  2675   000DFC                     TXBIE           equ	3580	;# 
  2676   000E20                     B0CON           equ	3616	;# 
  2677   000E21                     B0SIDH          equ	3617	;# 
  2678   000E22                     B0SIDL          equ	3618	;# 
  2679   000E23                     B0EIDH          equ	3619	;# 
  2680   000E24                     B0EIDL          equ	3620	;# 
  2681   000E25                     B0DLC           equ	3621	;# 
  2682   000E26                     B0D0            equ	3622	;# 
  2683   000E27                     B0D1            equ	3623	;# 
  2684   000E28                     B0D2            equ	3624	;# 
  2685   000E29                     B0D3            equ	3625	;# 
  2686   000E2A                     B0D4            equ	3626	;# 
  2687   000E2B                     B0D5            equ	3627	;# 
  2688   000E2C                     B0D6            equ	3628	;# 
  2689   000E2D                     B0D7            equ	3629	;# 
  2690   000E2E                     CANSTAT_RO9     equ	3630	;# 
  2691   000E2F                     CANCON_RO9      equ	3631	;# 
  2692   000E30                     B1CON           equ	3632	;# 
  2693   000E31                     B1SIDH          equ	3633	;# 
  2694   000E32                     B1SIDL          equ	3634	;# 
  2695   000E33                     B1EIDH          equ	3635	;# 
  2696   000E34                     B1EIDL          equ	3636	;# 
  2697   000E35                     B1DLC           equ	3637	;# 
  2698   000E36                     B1D0            equ	3638	;# 
  2699   000E37                     B1D1            equ	3639	;# 
  2700   000E38                     B1D2            equ	3640	;# 
  2701   000E39                     B1D3            equ	3641	;# 
  2702   000E3A                     B1D4            equ	3642	;# 
  2703   000E3B                     B1D5            equ	3643	;# 
  2704   000E3C                     B1D6            equ	3644	;# 
  2705   000E3D                     B1D7            equ	3645	;# 
  2706   000E3E                     CANSTAT_RO8     equ	3646	;# 
  2707   000E3F                     CANCON_RO8      equ	3647	;# 
  2708   000E40                     B2CON           equ	3648	;# 
  2709   000E41                     B2SIDH          equ	3649	;# 
  2710   000E42                     B2SIDL          equ	3650	;# 
  2711   000E43                     B2EIDH          equ	3651	;# 
  2712   000E44                     B2EIDL          equ	3652	;# 
  2713   000E45                     B2DLC           equ	3653	;# 
  2714   000E46                     B2D0            equ	3654	;# 
  2715   000E47                     B2D1            equ	3655	;# 
  2716   000E48                     B2D2            equ	3656	;# 
  2717   000E49                     B2D3            equ	3657	;# 
  2718   000E4A                     B2D4            equ	3658	;# 
  2719   000E4B                     B2D5            equ	3659	;# 
  2720   000E4C                     B2D6            equ	3660	;# 
  2721   000E4D                     B2D7            equ	3661	;# 
  2722   000E4E                     CANSTAT_RO7     equ	3662	;# 
  2723   000E4F                     CANCON_RO7      equ	3663	;# 
  2724   000E50                     B3CON           equ	3664	;# 
  2725   000E51                     B3SIDH          equ	3665	;# 
  2726   000E52                     B3SIDL          equ	3666	;# 
  2727   000E53                     B3EIDH          equ	3667	;# 
  2728   000E54                     B3EIDL          equ	3668	;# 
  2729   000E55                     B3DLC           equ	3669	;# 
  2730   000E56                     B3D0            equ	3670	;# 
  2731   000E57                     B3D1            equ	3671	;# 
  2732   000E58                     B3D2            equ	3672	;# 
  2733   000E59                     B3D3            equ	3673	;# 
  2734   000E5A                     B3D4            equ	3674	;# 
  2735   000E5B                     B3D5            equ	3675	;# 
  2736   000E5C                     B3D6            equ	3676	;# 
  2737   000E5D                     B3D7            equ	3677	;# 
  2738   000E5E                     CANSTAT_RO6     equ	3678	;# 
  2739   000E5F                     CANCON_RO6      equ	3679	;# 
  2740   000E60                     B4CON           equ	3680	;# 
  2741   000E61                     B4SIDH          equ	3681	;# 
  2742   000E62                     B4SIDL          equ	3682	;# 
  2743   000E63                     B4EIDH          equ	3683	;# 
  2744   000E64                     B4EIDL          equ	3684	;# 
  2745   000E65                     B4DLC           equ	3685	;# 
  2746   000E66                     B4D0            equ	3686	;# 
  2747   000E67                     B4D1            equ	3687	;# 
  2748   000E68                     B4D2            equ	3688	;# 
  2749   000E69                     B4D3            equ	3689	;# 
  2750   000E6A                     B4D4            equ	3690	;# 
  2751   000E6B                     B4D5            equ	3691	;# 
  2752   000E6C                     B4D6            equ	3692	;# 
  2753   000E6D                     B4D7            equ	3693	;# 
  2754   000E6E                     CANSTAT_RO5     equ	3694	;# 
  2755   000E6F                     CANCON_RO5      equ	3695	;# 
  2756   000E70                     B5CON           equ	3696	;# 
  2757   000E71                     B5SIDH          equ	3697	;# 
  2758   000E72                     B5SIDL          equ	3698	;# 
  2759   000E73                     B5EIDH          equ	3699	;# 
  2760   000E74                     B5EIDL          equ	3700	;# 
  2761   000E75                     B5DLC           equ	3701	;# 
  2762   000E76                     B5D0            equ	3702	;# 
  2763   000E77                     B5D1            equ	3703	;# 
  2764   000E78                     B5D2            equ	3704	;# 
  2765   000E79                     B5D3            equ	3705	;# 
  2766   000E7A                     B5D4            equ	3706	;# 
  2767   000E7B                     B5D5            equ	3707	;# 
  2768   000E7C                     B5D6            equ	3708	;# 
  2769   000E7D                     B5D7            equ	3709	;# 
  2770   000E7E                     CANSTAT_RO4     equ	3710	;# 
  2771   000E7F                     CANCON_RO4      equ	3711	;# 
  2772   000F00                     RXF0SIDH        equ	3840	;# 
  2773   000F01                     RXF0SIDL        equ	3841	;# 
  2774   000F02                     RXF0EIDH        equ	3842	;# 
  2775   000F03                     RXF0EIDL        equ	3843	;# 
  2776   000F04                     RXF1SIDH        equ	3844	;# 
  2777   000F05                     RXF1SIDL        equ	3845	;# 
  2778   000F06                     RXF1EIDH        equ	3846	;# 
  2779   000F07                     RXF1EIDL        equ	3847	;# 
  2780   000F08                     RXF2SIDH        equ	3848	;# 
  2781   000F09                     RXF2SIDL        equ	3849	;# 
  2782   000F0A                     RXF2EIDH        equ	3850	;# 
  2783   000F0B                     RXF2EIDL        equ	3851	;# 
  2784   000F0C                     RXF3SIDH        equ	3852	;# 
  2785   000F0D                     RXF3SIDL        equ	3853	;# 
  2786   000F0E                     RXF3EIDH        equ	3854	;# 
  2787   000F0F                     RXF3EIDL        equ	3855	;# 
  2788   000F10                     RXF4SIDH        equ	3856	;# 
  2789   000F11                     RXF4SIDL        equ	3857	;# 
  2790   000F12                     RXF4EIDH        equ	3858	;# 
  2791   000F13                     RXF4EIDL        equ	3859	;# 
  2792   000F14                     RXF5SIDH        equ	3860	;# 
  2793   000F15                     RXF5SIDL        equ	3861	;# 
  2794   000F16                     RXF5EIDH        equ	3862	;# 
  2795   000F17                     RXF5EIDL        equ	3863	;# 
  2796   000F18                     RXM0SIDH        equ	3864	;# 
  2797   000F19                     RXM0SIDL        equ	3865	;# 
  2798   000F1A                     RXM0EIDH        equ	3866	;# 
  2799   000F1B                     RXM0EIDL        equ	3867	;# 
  2800   000F1C                     RXM1SIDH        equ	3868	;# 
  2801   000F1D                     RXM1SIDL        equ	3869	;# 
  2802   000F1E                     RXM1EIDH        equ	3870	;# 
  2803   000F1F                     RXM1EIDL        equ	3871	;# 
  2804   000F20                     TXB2CON         equ	3872	;# 
  2805   000F21                     TXB2SIDH        equ	3873	;# 
  2806   000F22                     TXB2SIDL        equ	3874	;# 
  2807   000F23                     TXB2EIDH        equ	3875	;# 
  2808   000F24                     TXB2EIDL        equ	3876	;# 
  2809   000F25                     TXB2DLC         equ	3877	;# 
  2810   000F26                     TXB2D0          equ	3878	;# 
  2811   000F27                     TXB2D1          equ	3879	;# 
  2812   000F28                     TXB2D2          equ	3880	;# 
  2813   000F29                     TXB2D3          equ	3881	;# 
  2814   000F2A                     TXB2D4          equ	3882	;# 
  2815   000F2B                     TXB2D5          equ	3883	;# 
  2816   000F2C                     TXB2D6          equ	3884	;# 
  2817   000F2D                     TXB2D7          equ	3885	;# 
  2818   000F2E                     CANSTAT_RO3     equ	3886	;# 
  2819   000F2F                     CANCON_RO3      equ	3887	;# 
  2820   000F30                     TXB1CON         equ	3888	;# 
  2821   000F31                     TXB1SIDH        equ	3889	;# 
  2822   000F32                     TXB1SIDL        equ	3890	;# 
  2823   000F33                     TXB1EIDH        equ	3891	;# 
  2824   000F34                     TXB1EIDL        equ	3892	;# 
  2825   000F35                     TXB1DLC         equ	3893	;# 
  2826   000F36                     TXB1D0          equ	3894	;# 
  2827   000F37                     TXB1D1          equ	3895	;# 
  2828   000F38                     TXB1D2          equ	3896	;# 
  2829   000F39                     TXB1D3          equ	3897	;# 
  2830   000F3A                     TXB1D4          equ	3898	;# 
  2831   000F3B                     TXB1D5          equ	3899	;# 
  2832   000F3C                     TXB1D6          equ	3900	;# 
  2833   000F3D                     TXB1D7          equ	3901	;# 
  2834   000F3E                     CANSTAT_RO2     equ	3902	;# 
  2835   000F3F                     CANCON_RO2      equ	3903	;# 
  2836   000F40                     TXB0CON         equ	3904	;# 
  2837   000F41                     TXB0SIDH        equ	3905	;# 
  2838   000F42                     TXB0SIDL        equ	3906	;# 
  2839   000F43                     TXB0EIDH        equ	3907	;# 
  2840   000F44                     TXB0EIDL        equ	3908	;# 
  2841   000F45                     TXB0DLC         equ	3909	;# 
  2842   000F46                     TXB0D0          equ	3910	;# 
  2843   000F47                     TXB0D1          equ	3911	;# 
  2844   000F48                     TXB0D2          equ	3912	;# 
  2845   000F49                     TXB0D3          equ	3913	;# 
  2846   000F4A                     TXB0D4          equ	3914	;# 
  2847   000F4B                     TXB0D5          equ	3915	;# 
  2848   000F4C                     TXB0D6          equ	3916	;# 
  2849   000F4D                     TXB0D7          equ	3917	;# 
  2850   000F4E                     CANSTAT_RO1     equ	3918	;# 
  2851   000F4F                     CANCON_RO1      equ	3919	;# 
  2852   000F50                     RXB1CON         equ	3920	;# 
  2853   000F51                     RXB1SIDH        equ	3921	;# 
  2854   000F52                     RXB1SIDL        equ	3922	;# 
  2855   000F53                     RXB1EIDH        equ	3923	;# 
  2856   000F54                     RXB1EIDL        equ	3924	;# 
  2857   000F55                     RXB1DLC         equ	3925	;# 
  2858   000F56                     RXB1D0          equ	3926	;# 
  2859   000F57                     RXB1D1          equ	3927	;# 
  2860   000F58                     RXB1D2          equ	3928	;# 
  2861   000F59                     RXB1D3          equ	3929	;# 
  2862   000F5A                     RXB1D4          equ	3930	;# 
  2863   000F5B                     RXB1D5          equ	3931	;# 
  2864   000F5C                     RXB1D6          equ	3932	;# 
  2865   000F5D                     RXB1D7          equ	3933	;# 
  2866   000F5E                     CANSTAT_RO0     equ	3934	;# 
  2867   000F5F                     CANCON_RO0      equ	3935	;# 
  2868   000F60                     RXB0CON         equ	3936	;# 
  2869   000F61                     RXB0SIDH        equ	3937	;# 
  2870   000F62                     RXB0SIDL        equ	3938	;# 
  2871   000F63                     RXB0EIDH        equ	3939	;# 
  2872   000F64                     RXB0EIDL        equ	3940	;# 
  2873   000F65                     RXB0DLC         equ	3941	;# 
  2874   000F66                     RXB0D0          equ	3942	;# 
  2875   000F67                     RXB0D1          equ	3943	;# 
  2876   000F68                     RXB0D2          equ	3944	;# 
  2877   000F69                     RXB0D3          equ	3945	;# 
  2878   000F6A                     RXB0D4          equ	3946	;# 
  2879   000F6B                     RXB0D5          equ	3947	;# 
  2880   000F6C                     RXB0D6          equ	3948	;# 
  2881   000F6D                     RXB0D7          equ	3949	;# 
  2882   000F6E                     CANSTAT         equ	3950	;# 
  2883   000F6F                     CANCON          equ	3951	;# 
  2884   000F70                     BRGCON1         equ	3952	;# 
  2885   000F71                     BRGCON2         equ	3953	;# 
  2886   000F72                     BRGCON3         equ	3954	;# 
  2887   000F73                     CIOCON          equ	3955	;# 
  2888   000F74                     COMSTAT         equ	3956	;# 
  2889   000F75                     RXERRCNT        equ	3957	;# 
  2890   000F76                     TXERRCNT        equ	3958	;# 
  2891   000F77                     ECANCON         equ	3959	;# 
  2892   000F80                     PORTA           equ	3968	;# 
  2893   000F81                     PORTB           equ	3969	;# 
  2894   000F82                     PORTC           equ	3970	;# 
  2895   000F83                     PORTD           equ	3971	;# 
  2896   000F84                     PORTE           equ	3972	;# 
  2897   000F89                     LATA            equ	3977	;# 
  2898   000F8A                     LATB            equ	3978	;# 
  2899   000F8B                     LATC            equ	3979	;# 
  2900   000F8C                     LATD            equ	3980	;# 
  2901   000F8D                     LATE            equ	3981	;# 
  2902   000F92                     TRISA           equ	3986	;# 
  2903   000F92                     DDRA            equ	3986	;# 
  2904   000F93                     TRISB           equ	3987	;# 
  2905   000F93                     DDRB            equ	3987	;# 
  2906   000F94                     TRISC           equ	3988	;# 
  2907   000F94                     DDRC            equ	3988	;# 
  2908   000F95                     TRISD           equ	3989	;# 
  2909   000F95                     DDRD            equ	3989	;# 
  2910   000F96                     TRISE           equ	3990	;# 
  2911   000F96                     DDRE            equ	3990	;# 
  2912   000F9B                     OSCTUNE         equ	3995	;# 
  2913   000F9D                     PIE1            equ	3997	;# 
  2914   000F9E                     PIR1            equ	3998	;# 
  2915   000F9F                     IPR1            equ	3999	;# 
  2916   000FA0                     PIE2            equ	4000	;# 
  2917   000FA1                     PIR2            equ	4001	;# 
  2918   000FA2                     IPR2            equ	4002	;# 
  2919   000FA3                     PIE3            equ	4003	;# 
  2920   000FA4                     PIR3            equ	4004	;# 
  2921   000FA5                     IPR3            equ	4005	;# 
  2922   000FA6                     EECON1          equ	4006	;# 
  2923   000FA7                     EECON2          equ	4007	;# 
  2924   000FA8                     EEDATA          equ	4008	;# 
  2925   000FA9                     EEADR           equ	4009	;# 
  2926   000FAB                     RCSTA           equ	4011	;# 
  2927   000FAB                     RCSTA1          equ	4011	;# 
  2928   000FAC                     TXSTA           equ	4012	;# 
  2929   000FAC                     TXSTA1          equ	4012	;# 
  2930   000FAD                     TXREG           equ	4013	;# 
  2931   000FAD                     TXREG1          equ	4013	;# 
  2932   000FAE                     RCREG           equ	4014	;# 
  2933   000FAE                     RCREG1          equ	4014	;# 
  2934   000FAF                     SPBRG           equ	4015	;# 
  2935   000FAF                     SPBRG1          equ	4015	;# 
  2936   000FB0                     SPBRGH          equ	4016	;# 
  2937   000FB1                     T3CON           equ	4017	;# 
  2938   000FB2                     TMR3            equ	4018	;# 
  2939   000FB2                     TMR3L           equ	4018	;# 
  2940   000FB3                     TMR3H           equ	4019	;# 
  2941   000FB4                     CMCON           equ	4020	;# 
  2942   000FB5                     CVRCON          equ	4021	;# 
  2943   000FB6                     ECCP1AS         equ	4022	;# 
  2944   000FB7                     ECCP1DEL        equ	4023	;# 
  2945   000FB8                     BAUDCON         equ	4024	;# 
  2946   000FB8                     BAUDCTL         equ	4024	;# 
  2947   000FBA                     ECCP1CON        equ	4026	;# 
  2948   000FBB                     ECCPR1          equ	4027	;# 
  2949   000FBB                     ECCPR1L         equ	4027	;# 
  2950   000FBC                     ECCPR1H         equ	4028	;# 
  2951   000FBD                     CCP1CON         equ	4029	;# 
  2952   000FBE                     CCPR1           equ	4030	;# 
  2953   000FBE                     CCPR1L          equ	4030	;# 
  2954   000FBF                     CCPR1H          equ	4031	;# 
  2955   000FC0                     ADCON2          equ	4032	;# 
  2956   000FC1                     ADCON1          equ	4033	;# 
  2957   000FC2                     ADCON0          equ	4034	;# 
  2958   000FC3                     ADRES           equ	4035	;# 
  2959   000FC3                     ADRESL          equ	4035	;# 
  2960   000FC4                     ADRESH          equ	4036	;# 
  2961   000FC5                     SSPCON2         equ	4037	;# 
  2962   000FC6                     SSPCON1         equ	4038	;# 
  2963   000FC7                     SSPSTAT         equ	4039	;# 
  2964   000FC8                     SSPADD          equ	4040	;# 
  2965   000FC9                     SSPBUF          equ	4041	;# 
  2966   000FCA                     T2CON           equ	4042	;# 
  2967   000FCB                     PR2             equ	4043	;# 
  2968   000FCB                     MEMCON          equ	4043	;# 
  2969   000FCC                     TMR2            equ	4044	;# 
  2970   000FCD                     T1CON           equ	4045	;# 
  2971   000FCE                     TMR1            equ	4046	;# 
  2972   000FCE                     TMR1L           equ	4046	;# 
  2973   000FCF                     TMR1H           equ	4047	;# 
  2974   000FD0                     RCON            equ	4048	;# 
  2975   000FD1                     WDTCON          equ	4049	;# 
  2976   000FD2                     HLVDCON         equ	4050	;# 
  2977   000FD2                     LVDCON          equ	4050	;# 
  2978   000FD3                     OSCCON          equ	4051	;# 
  2979   000FD5                     T0CON           equ	4053	;# 
  2980   000FD6                     TMR0            equ	4054	;# 
  2981   000FD6                     TMR0L           equ	4054	;# 
  2982   000FD7                     TMR0H           equ	4055	;# 
  2983   000FD8                     STATUS          equ	4056	;# 
  2984   000FD9                     FSR2            equ	4057	;# 
  2985   000FD9                     FSR2L           equ	4057	;# 
  2986   000FDA                     FSR2H           equ	4058	;# 
  2987   000FDB                     PLUSW2          equ	4059	;# 
  2988   000FDC                     PREINC2         equ	4060	;# 
  2989   000FDD                     POSTDEC2        equ	4061	;# 
  2990   000FDE                     POSTINC2        equ	4062	;# 
  2991   000FDF                     INDF2           equ	4063	;# 
  2992   000FE0                     BSR             equ	4064	;# 
  2993   000FE1                     FSR1            equ	4065	;# 
  2994   000FE1                     FSR1L           equ	4065	;# 
  2995   000FE2                     FSR1H           equ	4066	;# 
  2996   000FE3                     PLUSW1          equ	4067	;# 
  2997   000FE4                     PREINC1         equ	4068	;# 
  2998   000FE5                     POSTDEC1        equ	4069	;# 
  2999   000FE6                     POSTINC1        equ	4070	;# 
  3000   000FE7                     INDF1           equ	4071	;# 
  3001   000FE8                     WREG            equ	4072	;# 
  3002   000FE9                     FSR0            equ	4073	;# 
  3003   000FE9                     FSR0L           equ	4073	;# 
  3004   000FEA                     FSR0H           equ	4074	;# 
  3005   000FEB                     PLUSW0          equ	4075	;# 
  3006   000FEC                     PREINC0         equ	4076	;# 
  3007   000FED                     POSTDEC0        equ	4077	;# 
  3008   000FEE                     POSTINC0        equ	4078	;# 
  3009   000FEF                     INDF0           equ	4079	;# 
  3010   000FF0                     INTCON3         equ	4080	;# 
  3011   000FF1                     INTCON2         equ	4081	;# 
  3012   000FF2                     INTCON          equ	4082	;# 
  3013   000FF3                     PROD            equ	4083	;# 
  3014   000FF3                     PRODL           equ	4083	;# 
  3015   000FF4                     PRODH           equ	4084	;# 
  3016   000FF5                     TABLAT          equ	4085	;# 
  3017   000FF6                     TBLPTR          equ	4086	;# 
  3018   000FF6                     TBLPTRL         equ	4086	;# 
  3019   000FF7                     TBLPTRH         equ	4087	;# 
  3020   000FF8                     TBLPTRU         equ	4088	;# 
  3021   000FF9                     PCLAT           equ	4089	;# 
  3022   000FF9                     PC              equ	4089	;# 
  3023   000FF9                     PCL             equ	4089	;# 
  3024   000FFA                     PCLATH          equ	4090	;# 
  3025   000FFB                     PCLATU          equ	4091	;# 
  3026   000FFC                     STKPTR          equ	4092	;# 
  3027   000FFD                     TOS             equ	4093	;# 
  3028   000FFD                     TOSL            equ	4093	;# 
  3029   000FFE                     TOSH            equ	4094	;# 
  3030   000FFF                     TOSU            equ	4095	;# 
  3031   000D60                     RXF6SIDH        equ	3424	;# 
  3032   000D61                     RXF6SIDL        equ	3425	;# 
  3033   000D62                     RXF6EIDH        equ	3426	;# 
  3034   000D63                     RXF6EIDL        equ	3427	;# 
  3035   000D64                     RXF7SIDH        equ	3428	;# 
  3036   000D65                     RXF7SIDL        equ	3429	;# 
  3037   000D66                     RXF7EIDH        equ	3430	;# 
  3038   000D67                     RXF7EIDL        equ	3431	;# 
  3039   000D68                     RXF8SIDH        equ	3432	;# 
  3040   000D69                     RXF8SIDL        equ	3433	;# 
  3041   000D6A                     RXF8EIDH        equ	3434	;# 
  3042   000D6B                     RXF8EIDL        equ	3435	;# 
  3043   000D70                     RXF9SIDH        equ	3440	;# 
  3044   000D71                     RXF9SIDL        equ	3441	;# 
  3045   000D72                     RXF9EIDH        equ	3442	;# 
  3046   000D73                     RXF9EIDL        equ	3443	;# 
  3047   000D74                     RXF10SIDH       equ	3444	;# 
  3048   000D75                     RXF10SIDL       equ	3445	;# 
  3049   000D76                     RXF10EIDH       equ	3446	;# 
  3050   000D77                     RXF10EIDL       equ	3447	;# 
  3051   000D78                     RXF11SIDH       equ	3448	;# 
  3052   000D79                     RXF11SIDL       equ	3449	;# 
  3053   000D7A                     RXF11EIDH       equ	3450	;# 
  3054   000D7B                     RXF11EIDL       equ	3451	;# 
  3055   000D80                     RXF12SIDH       equ	3456	;# 
  3056   000D81                     RXF12SIDL       equ	3457	;# 
  3057   000D82                     RXF12EIDH       equ	3458	;# 
  3058   000D83                     RXF12EIDL       equ	3459	;# 
  3059   000D84                     RXF13SIDH       equ	3460	;# 
  3060   000D85                     RXF13SIDL       equ	3461	;# 
  3061   000D86                     RXF13EIDH       equ	3462	;# 
  3062   000D87                     RXF13EIDL       equ	3463	;# 
  3063   000D88                     RXF14SIDH       equ	3464	;# 
  3064   000D89                     RXF14SIDL       equ	3465	;# 
  3065   000D8A                     RXF14EIDH       equ	3466	;# 
  3066   000D8B                     RXF14EIDL       equ	3467	;# 
  3067   000D90                     RXF15SIDH       equ	3472	;# 
  3068   000D91                     RXF15SIDL       equ	3473	;# 
  3069   000D92                     RXF15EIDH       equ	3474	;# 
  3070   000D93                     RXF15EIDL       equ	3475	;# 
  3071   000DD4                     RXFCON0         equ	3540	;# 
  3072   000DD5                     RXFCON1         equ	3541	;# 
  3073   000DD8                     SDFLC           equ	3544	;# 
  3074   000DE0                     RXFBCON0        equ	3552	;# 
  3075   000DE1                     RXFBCON1        equ	3553	;# 
  3076   000DE2                     RXFBCON2        equ	3554	;# 
  3077   000DE3                     RXFBCON3        equ	3555	;# 
  3078   000DE4                     RXFBCON4        equ	3556	;# 
  3079   000DE5                     RXFBCON5        equ	3557	;# 
  3080   000DE6                     RXFBCON6        equ	3558	;# 
  3081   000DE7                     RXFBCON7        equ	3559	;# 
  3082   000DF0                     MSEL0           equ	3568	;# 
  3083   000DF1                     MSEL1           equ	3569	;# 
  3084   000DF2                     MSEL2           equ	3570	;# 
  3085   000DF3                     MSEL3           equ	3571	;# 
  3086   000DF8                     BSEL0           equ	3576	;# 
  3087   000DFA                     BIE0            equ	3578	;# 
  3088   000DFC                     TXBIE           equ	3580	;# 
  3089   000E20                     B0CON           equ	3616	;# 
  3090   000E21                     B0SIDH          equ	3617	;# 
  3091   000E22                     B0SIDL          equ	3618	;# 
  3092   000E23                     B0EIDH          equ	3619	;# 
  3093   000E24                     B0EIDL          equ	3620	;# 
  3094   000E25                     B0DLC           equ	3621	;# 
  3095   000E26                     B0D0            equ	3622	;# 
  3096   000E27                     B0D1            equ	3623	;# 
  3097   000E28                     B0D2            equ	3624	;# 
  3098   000E29                     B0D3            equ	3625	;# 
  3099   000E2A                     B0D4            equ	3626	;# 
  3100   000E2B                     B0D5            equ	3627	;# 
  3101   000E2C                     B0D6            equ	3628	;# 
  3102   000E2D                     B0D7            equ	3629	;# 
  3103   000E2E                     CANSTAT_RO9     equ	3630	;# 
  3104   000E2F                     CANCON_RO9      equ	3631	;# 
  3105   000E30                     B1CON           equ	3632	;# 
  3106   000E31                     B1SIDH          equ	3633	;# 
  3107   000E32                     B1SIDL          equ	3634	;# 
  3108   000E33                     B1EIDH          equ	3635	;# 
  3109   000E34                     B1EIDL          equ	3636	;# 
  3110   000E35                     B1DLC           equ	3637	;# 
  3111   000E36                     B1D0            equ	3638	;# 
  3112   000E37                     B1D1            equ	3639	;# 
  3113   000E38                     B1D2            equ	3640	;# 
  3114   000E39                     B1D3            equ	3641	;# 
  3115   000E3A                     B1D4            equ	3642	;# 
  3116   000E3B                     B1D5            equ	3643	;# 
  3117   000E3C                     B1D6            equ	3644	;# 
  3118   000E3D                     B1D7            equ	3645	;# 
  3119   000E3E                     CANSTAT_RO8     equ	3646	;# 
  3120   000E3F                     CANCON_RO8      equ	3647	;# 
  3121   000E40                     B2CON           equ	3648	;# 
  3122   000E41                     B2SIDH          equ	3649	;# 
  3123   000E42                     B2SIDL          equ	3650	;# 
  3124   000E43                     B2EIDH          equ	3651	;# 
  3125   000E44                     B2EIDL          equ	3652	;# 
  3126   000E45                     B2DLC           equ	3653	;# 
  3127   000E46                     B2D0            equ	3654	;# 
  3128   000E47                     B2D1            equ	3655	;# 
  3129   000E48                     B2D2            equ	3656	;# 
  3130   000E49                     B2D3            equ	3657	;# 
  3131   000E4A                     B2D4            equ	3658	;# 
  3132   000E4B                     B2D5            equ	3659	;# 
  3133   000E4C                     B2D6            equ	3660	;# 
  3134   000E4D                     B2D7            equ	3661	;# 
  3135   000E4E                     CANSTAT_RO7     equ	3662	;# 
  3136   000E4F                     CANCON_RO7      equ	3663	;# 
  3137   000E50                     B3CON           equ	3664	;# 
  3138   000E51                     B3SIDH          equ	3665	;# 
  3139   000E52                     B3SIDL          equ	3666	;# 
  3140   000E53                     B3EIDH          equ	3667	;# 
  3141   000E54                     B3EIDL          equ	3668	;# 
  3142   000E55                     B3DLC           equ	3669	;# 
  3143   000E56                     B3D0            equ	3670	;# 
  3144   000E57                     B3D1            equ	3671	;# 
  3145   000E58                     B3D2            equ	3672	;# 
  3146   000E59                     B3D3            equ	3673	;# 
  3147   000E5A                     B3D4            equ	3674	;# 
  3148   000E5B                     B3D5            equ	3675	;# 
  3149   000E5C                     B3D6            equ	3676	;# 
  3150   000E5D                     B3D7            equ	3677	;# 
  3151   000E5E                     CANSTAT_RO6     equ	3678	;# 
  3152   000E5F                     CANCON_RO6      equ	3679	;# 
  3153   000E60                     B4CON           equ	3680	;# 
  3154   000E61                     B4SIDH          equ	3681	;# 
  3155   000E62                     B4SIDL          equ	3682	;# 
  3156   000E63                     B4EIDH          equ	3683	;# 
  3157   000E64                     B4EIDL          equ	3684	;# 
  3158   000E65                     B4DLC           equ	3685	;# 
  3159   000E66                     B4D0            equ	3686	;# 
  3160   000E67                     B4D1            equ	3687	;# 
  3161   000E68                     B4D2            equ	3688	;# 
  3162   000E69                     B4D3            equ	3689	;# 
  3163   000E6A                     B4D4            equ	3690	;# 
  3164   000E6B                     B4D5            equ	3691	;# 
  3165   000E6C                     B4D6            equ	3692	;# 
  3166   000E6D                     B4D7            equ	3693	;# 
  3167   000E6E                     CANSTAT_RO5     equ	3694	;# 
  3168   000E6F                     CANCON_RO5      equ	3695	;# 
  3169   000E70                     B5CON           equ	3696	;# 
  3170   000E71                     B5SIDH          equ	3697	;# 
  3171   000E72                     B5SIDL          equ	3698	;# 
  3172   000E73                     B5EIDH          equ	3699	;# 
  3173   000E74                     B5EIDL          equ	3700	;# 
  3174   000E75                     B5DLC           equ	3701	;# 
  3175   000E76                     B5D0            equ	3702	;# 
  3176   000E77                     B5D1            equ	3703	;# 
  3177   000E78                     B5D2            equ	3704	;# 
  3178   000E79                     B5D3            equ	3705	;# 
  3179   000E7A                     B5D4            equ	3706	;# 
  3180   000E7B                     B5D5            equ	3707	;# 
  3181   000E7C                     B5D6            equ	3708	;# 
  3182   000E7D                     B5D7            equ	3709	;# 
  3183   000E7E                     CANSTAT_RO4     equ	3710	;# 
  3184   000E7F                     CANCON_RO4      equ	3711	;# 
  3185   000F00                     RXF0SIDH        equ	3840	;# 
  3186   000F01                     RXF0SIDL        equ	3841	;# 
  3187   000F02                     RXF0EIDH        equ	3842	;# 
  3188   000F03                     RXF0EIDL        equ	3843	;# 
  3189   000F04                     RXF1SIDH        equ	3844	;# 
  3190   000F05                     RXF1SIDL        equ	3845	;# 
  3191   000F06                     RXF1EIDH        equ	3846	;# 
  3192   000F07                     RXF1EIDL        equ	3847	;# 
  3193   000F08                     RXF2SIDH        equ	3848	;# 
  3194   000F09                     RXF2SIDL        equ	3849	;# 
  3195   000F0A                     RXF2EIDH        equ	3850	;# 
  3196   000F0B                     RXF2EIDL        equ	3851	;# 
  3197   000F0C                     RXF3SIDH        equ	3852	;# 
  3198   000F0D                     RXF3SIDL        equ	3853	;# 
  3199   000F0E                     RXF3EIDH        equ	3854	;# 
  3200   000F0F                     RXF3EIDL        equ	3855	;# 
  3201   000F10                     RXF4SIDH        equ	3856	;# 
  3202   000F11                     RXF4SIDL        equ	3857	;# 
  3203   000F12                     RXF4EIDH        equ	3858	;# 
  3204   000F13                     RXF4EIDL        equ	3859	;# 
  3205   000F14                     RXF5SIDH        equ	3860	;# 
  3206   000F15                     RXF5SIDL        equ	3861	;# 
  3207   000F16                     RXF5EIDH        equ	3862	;# 
  3208   000F17                     RXF5EIDL        equ	3863	;# 
  3209   000F18                     RXM0SIDH        equ	3864	;# 
  3210   000F19                     RXM0SIDL        equ	3865	;# 
  3211   000F1A                     RXM0EIDH        equ	3866	;# 
  3212   000F1B                     RXM0EIDL        equ	3867	;# 
  3213   000F1C                     RXM1SIDH        equ	3868	;# 
  3214   000F1D                     RXM1SIDL        equ	3869	;# 
  3215   000F1E                     RXM1EIDH        equ	3870	;# 
  3216   000F1F                     RXM1EIDL        equ	3871	;# 
  3217   000F20                     TXB2CON         equ	3872	;# 
  3218   000F21                     TXB2SIDH        equ	3873	;# 
  3219   000F22                     TXB2SIDL        equ	3874	;# 
  3220   000F23                     TXB2EIDH        equ	3875	;# 
  3221   000F24                     TXB2EIDL        equ	3876	;# 
  3222   000F25                     TXB2DLC         equ	3877	;# 
  3223   000F26                     TXB2D0          equ	3878	;# 
  3224   000F27                     TXB2D1          equ	3879	;# 
  3225   000F28                     TXB2D2          equ	3880	;# 
  3226   000F29                     TXB2D3          equ	3881	;# 
  3227   000F2A                     TXB2D4          equ	3882	;# 
  3228   000F2B                     TXB2D5          equ	3883	;# 
  3229   000F2C                     TXB2D6          equ	3884	;# 
  3230   000F2D                     TXB2D7          equ	3885	;# 
  3231   000F2E                     CANSTAT_RO3     equ	3886	;# 
  3232   000F2F                     CANCON_RO3      equ	3887	;# 
  3233   000F30                     TXB1CON         equ	3888	;# 
  3234   000F31                     TXB1SIDH        equ	3889	;# 
  3235   000F32                     TXB1SIDL        equ	3890	;# 
  3236   000F33                     TXB1EIDH        equ	3891	;# 
  3237   000F34                     TXB1EIDL        equ	3892	;# 
  3238   000F35                     TXB1DLC         equ	3893	;# 
  3239   000F36                     TXB1D0          equ	3894	;# 
  3240   000F37                     TXB1D1          equ	3895	;# 
  3241   000F38                     TXB1D2          equ	3896	;# 
  3242   000F39                     TXB1D3          equ	3897	;# 
  3243   000F3A                     TXB1D4          equ	3898	;# 
  3244   000F3B                     TXB1D5          equ	3899	;# 
  3245   000F3C                     TXB1D6          equ	3900	;# 
  3246   000F3D                     TXB1D7          equ	3901	;# 
  3247   000F3E                     CANSTAT_RO2     equ	3902	;# 
  3248   000F3F                     CANCON_RO2      equ	3903	;# 
  3249   000F40                     TXB0CON         equ	3904	;# 
  3250   000F41                     TXB0SIDH        equ	3905	;# 
  3251   000F42                     TXB0SIDL        equ	3906	;# 
  3252   000F43                     TXB0EIDH        equ	3907	;# 
  3253   000F44                     TXB0EIDL        equ	3908	;# 
  3254   000F45                     TXB0DLC         equ	3909	;# 
  3255   000F46                     TXB0D0          equ	3910	;# 
  3256   000F47                     TXB0D1          equ	3911	;# 
  3257   000F48                     TXB0D2          equ	3912	;# 
  3258   000F49                     TXB0D3          equ	3913	;# 
  3259   000F4A                     TXB0D4          equ	3914	;# 
  3260   000F4B                     TXB0D5          equ	3915	;# 
  3261   000F4C                     TXB0D6          equ	3916	;# 
  3262   000F4D                     TXB0D7          equ	3917	;# 
  3263   000F4E                     CANSTAT_RO1     equ	3918	;# 
  3264   000F4F                     CANCON_RO1      equ	3919	;# 
  3265   000F50                     RXB1CON         equ	3920	;# 
  3266   000F51                     RXB1SIDH        equ	3921	;# 
  3267   000F52                     RXB1SIDL        equ	3922	;# 
  3268   000F53                     RXB1EIDH        equ	3923	;# 
  3269   000F54                     RXB1EIDL        equ	3924	;# 
  3270   000F55                     RXB1DLC         equ	3925	;# 
  3271   000F56                     RXB1D0          equ	3926	;# 
  3272   000F57                     RXB1D1          equ	3927	;# 
  3273   000F58                     RXB1D2          equ	3928	;# 
  3274   000F59                     RXB1D3          equ	3929	;# 
  3275   000F5A                     RXB1D4          equ	3930	;# 
  3276   000F5B                     RXB1D5          equ	3931	;# 
  3277   000F5C                     RXB1D6          equ	3932	;# 
  3278   000F5D                     RXB1D7          equ	3933	;# 
  3279   000F5E                     CANSTAT_RO0     equ	3934	;# 
  3280   000F5F                     CANCON_RO0      equ	3935	;# 
  3281   000F60                     RXB0CON         equ	3936	;# 
  3282   000F61                     RXB0SIDH        equ	3937	;# 
  3283   000F62                     RXB0SIDL        equ	3938	;# 
  3284   000F63                     RXB0EIDH        equ	3939	;# 
  3285   000F64                     RXB0EIDL        equ	3940	;# 
  3286   000F65                     RXB0DLC         equ	3941	;# 
  3287   000F66                     RXB0D0          equ	3942	;# 
  3288   000F67                     RXB0D1          equ	3943	;# 
  3289   000F68                     RXB0D2          equ	3944	;# 
  3290   000F69                     RXB0D3          equ	3945	;# 
  3291   000F6A                     RXB0D4          equ	3946	;# 
  3292   000F6B                     RXB0D5          equ	3947	;# 
  3293   000F6C                     RXB0D6          equ	3948	;# 
  3294   000F6D                     RXB0D7          equ	3949	;# 
  3295   000F6E                     CANSTAT         equ	3950	;# 
  3296   000F6F                     CANCON          equ	3951	;# 
  3297   000F70                     BRGCON1         equ	3952	;# 
  3298   000F71                     BRGCON2         equ	3953	;# 
  3299   000F72                     BRGCON3         equ	3954	;# 
  3300   000F73                     CIOCON          equ	3955	;# 
  3301   000F74                     COMSTAT         equ	3956	;# 
  3302   000F75                     RXERRCNT        equ	3957	;# 
  3303   000F76                     TXERRCNT        equ	3958	;# 
  3304   000F77                     ECANCON         equ	3959	;# 
  3305   000F80                     PORTA           equ	3968	;# 
  3306   000F81                     PORTB           equ	3969	;# 
  3307   000F82                     PORTC           equ	3970	;# 
  3308   000F83                     PORTD           equ	3971	;# 
  3309   000F84                     PORTE           equ	3972	;# 
  3310   000F89                     LATA            equ	3977	;# 
  3311   000F8A                     LATB            equ	3978	;# 
  3312   000F8B                     LATC            equ	3979	;# 
  3313   000F8C                     LATD            equ	3980	;# 
  3314   000F8D                     LATE            equ	3981	;# 
  3315   000F92                     TRISA           equ	3986	;# 
  3316   000F92                     DDRA            equ	3986	;# 
  3317   000F93                     TRISB           equ	3987	;# 
  3318   000F93                     DDRB            equ	3987	;# 
  3319   000F94                     TRISC           equ	3988	;# 
  3320   000F94                     DDRC            equ	3988	;# 
  3321   000F95                     TRISD           equ	3989	;# 
  3322   000F95                     DDRD            equ	3989	;# 
  3323   000F96                     TRISE           equ	3990	;# 
  3324   000F96                     DDRE            equ	3990	;# 
  3325   000F9B                     OSCTUNE         equ	3995	;# 
  3326   000F9D                     PIE1            equ	3997	;# 
  3327   000F9E                     PIR1            equ	3998	;# 
  3328   000F9F                     IPR1            equ	3999	;# 
  3329   000FA0                     PIE2            equ	4000	;# 
  3330   000FA1                     PIR2            equ	4001	;# 
  3331   000FA2                     IPR2            equ	4002	;# 
  3332   000FA3                     PIE3            equ	4003	;# 
  3333   000FA4                     PIR3            equ	4004	;# 
  3334   000FA5                     IPR3            equ	4005	;# 
  3335   000FA6                     EECON1          equ	4006	;# 
  3336   000FA7                     EECON2          equ	4007	;# 
  3337   000FA8                     EEDATA          equ	4008	;# 
  3338   000FA9                     EEADR           equ	4009	;# 
  3339   000FAB                     RCSTA           equ	4011	;# 
  3340   000FAB                     RCSTA1          equ	4011	;# 
  3341   000FAC                     TXSTA           equ	4012	;# 
  3342   000FAC                     TXSTA1          equ	4012	;# 
  3343   000FAD                     TXREG           equ	4013	;# 
  3344   000FAD                     TXREG1          equ	4013	;# 
  3345   000FAE                     RCREG           equ	4014	;# 
  3346   000FAE                     RCREG1          equ	4014	;# 
  3347   000FAF                     SPBRG           equ	4015	;# 
  3348   000FAF                     SPBRG1          equ	4015	;# 
  3349   000FB0                     SPBRGH          equ	4016	;# 
  3350   000FB1                     T3CON           equ	4017	;# 
  3351   000FB2                     TMR3            equ	4018	;# 
  3352   000FB2                     TMR3L           equ	4018	;# 
  3353   000FB3                     TMR3H           equ	4019	;# 
  3354   000FB4                     CMCON           equ	4020	;# 
  3355   000FB5                     CVRCON          equ	4021	;# 
  3356   000FB6                     ECCP1AS         equ	4022	;# 
  3357   000FB7                     ECCP1DEL        equ	4023	;# 
  3358   000FB8                     BAUDCON         equ	4024	;# 
  3359   000FB8                     BAUDCTL         equ	4024	;# 
  3360   000FBA                     ECCP1CON        equ	4026	;# 
  3361   000FBB                     ECCPR1          equ	4027	;# 
  3362   000FBB                     ECCPR1L         equ	4027	;# 
  3363   000FBC                     ECCPR1H         equ	4028	;# 
  3364   000FBD                     CCP1CON         equ	4029	;# 
  3365   000FBE                     CCPR1           equ	4030	;# 
  3366   000FBE                     CCPR1L          equ	4030	;# 
  3367   000FBF                     CCPR1H          equ	4031	;# 
  3368   000FC0                     ADCON2          equ	4032	;# 
  3369   000FC1                     ADCON1          equ	4033	;# 
  3370   000FC2                     ADCON0          equ	4034	;# 
  3371   000FC3                     ADRES           equ	4035	;# 
  3372   000FC3                     ADRESL          equ	4035	;# 
  3373   000FC4                     ADRESH          equ	4036	;# 
  3374   000FC5                     SSPCON2         equ	4037	;# 
  3375   000FC6                     SSPCON1         equ	4038	;# 
  3376   000FC7                     SSPSTAT         equ	4039	;# 
  3377   000FC8                     SSPADD          equ	4040	;# 
  3378   000FC9                     SSPBUF          equ	4041	;# 
  3379   000FCA                     T2CON           equ	4042	;# 
  3380   000FCB                     PR2             equ	4043	;# 
  3381   000FCB                     MEMCON          equ	4043	;# 
  3382   000FCC                     TMR2            equ	4044	;# 
  3383   000FCD                     T1CON           equ	4045	;# 
  3384   000FCE                     TMR1            equ	4046	;# 
  3385   000FCE                     TMR1L           equ	4046	;# 
  3386   000FCF                     TMR1H           equ	4047	;# 
  3387   000FD0                     RCON            equ	4048	;# 
  3388   000FD1                     WDTCON          equ	4049	;# 
  3389   000FD2                     HLVDCON         equ	4050	;# 
  3390   000FD2                     LVDCON          equ	4050	;# 
  3391   000FD3                     OSCCON          equ	4051	;# 
  3392   000FD5                     T0CON           equ	4053	;# 
  3393   000FD6                     TMR0            equ	4054	;# 
  3394   000FD6                     TMR0L           equ	4054	;# 
  3395   000FD7                     TMR0H           equ	4055	;# 
  3396   000FD8                     STATUS          equ	4056	;# 
  3397   000FD9                     FSR2            equ	4057	;# 
  3398   000FD9                     FSR2L           equ	4057	;# 
  3399   000FDA                     FSR2H           equ	4058	;# 
  3400   000FDB                     PLUSW2          equ	4059	;# 
  3401   000FDC                     PREINC2         equ	4060	;# 
  3402   000FDD                     POSTDEC2        equ	4061	;# 
  3403   000FDE                     POSTINC2        equ	4062	;# 
  3404   000FDF                     INDF2           equ	4063	;# 
  3405   000FE0                     BSR             equ	4064	;# 
  3406   000FE1                     FSR1            equ	4065	;# 
  3407   000FE1                     FSR1L           equ	4065	;# 
  3408   000FE2                     FSR1H           equ	4066	;# 
  3409   000FE3                     PLUSW1          equ	4067	;# 
  3410   000FE4                     PREINC1         equ	4068	;# 
  3411   000FE5                     POSTDEC1        equ	4069	;# 
  3412   000FE6                     POSTINC1        equ	4070	;# 
  3413   000FE7                     INDF1           equ	4071	;# 
  3414   000FE8                     WREG            equ	4072	;# 
  3415   000FE9                     FSR0            equ	4073	;# 
  3416   000FE9                     FSR0L           equ	4073	;# 
  3417   000FEA                     FSR0H           equ	4074	;# 
  3418   000FEB                     PLUSW0          equ	4075	;# 
  3419   000FEC                     PREINC0         equ	4076	;# 
  3420   000FED                     POSTDEC0        equ	4077	;# 
  3421   000FEE                     POSTINC0        equ	4078	;# 
  3422   000FEF                     INDF0           equ	4079	;# 
  3423   000FF0                     INTCON3         equ	4080	;# 
  3424   000FF1                     INTCON2         equ	4081	;# 
  3425   000FF2                     INTCON          equ	4082	;# 
  3426   000FF3                     PROD            equ	4083	;# 
  3427   000FF3                     PRODL           equ	4083	;# 
  3428   000FF4                     PRODH           equ	4084	;# 
  3429   000FF5                     TABLAT          equ	4085	;# 
  3430   000FF6                     TBLPTR          equ	4086	;# 
  3431   000FF6                     TBLPTRL         equ	4086	;# 
  3432   000FF7                     TBLPTRH         equ	4087	;# 
  3433   000FF8                     TBLPTRU         equ	4088	;# 
  3434   000FF9                     PCLAT           equ	4089	;# 
  3435   000FF9                     PC              equ	4089	;# 
  3436   000FF9                     PCL             equ	4089	;# 
  3437   000FFA                     PCLATH          equ	4090	;# 
  3438   000FFB                     PCLATU          equ	4091	;# 
  3439   000FFC                     STKPTR          equ	4092	;# 
  3440   000FFD                     TOS             equ	4093	;# 
  3441   000FFD                     TOSL            equ	4093	;# 
  3442   000FFE                     TOSH            equ	4094	;# 
  3443   000FFF                     TOSU            equ	4095	;# 
  3444   000D60                     RXF6SIDH        equ	3424	;# 
  3445   000D61                     RXF6SIDL        equ	3425	;# 
  3446   000D62                     RXF6EIDH        equ	3426	;# 
  3447   000D63                     RXF6EIDL        equ	3427	;# 
  3448   000D64                     RXF7SIDH        equ	3428	;# 
  3449   000D65                     RXF7SIDL        equ	3429	;# 
  3450   000D66                     RXF7EIDH        equ	3430	;# 
  3451   000D67                     RXF7EIDL        equ	3431	;# 
  3452   000D68                     RXF8SIDH        equ	3432	;# 
  3453   000D69                     RXF8SIDL        equ	3433	;# 
  3454   000D6A                     RXF8EIDH        equ	3434	;# 
  3455   000D6B                     RXF8EIDL        equ	3435	;# 
  3456   000D70                     RXF9SIDH        equ	3440	;# 
  3457   000D71                     RXF9SIDL        equ	3441	;# 
  3458   000D72                     RXF9EIDH        equ	3442	;# 
  3459   000D73                     RXF9EIDL        equ	3443	;# 
  3460   000D74                     RXF10SIDH       equ	3444	;# 
  3461   000D75                     RXF10SIDL       equ	3445	;# 
  3462   000D76                     RXF10EIDH       equ	3446	;# 
  3463   000D77                     RXF10EIDL       equ	3447	;# 
  3464   000D78                     RXF11SIDH       equ	3448	;# 
  3465   000D79                     RXF11SIDL       equ	3449	;# 
  3466   000D7A                     RXF11EIDH       equ	3450	;# 
  3467   000D7B                     RXF11EIDL       equ	3451	;# 
  3468   000D80                     RXF12SIDH       equ	3456	;# 
  3469   000D81                     RXF12SIDL       equ	3457	;# 
  3470   000D82                     RXF12EIDH       equ	3458	;# 
  3471   000D83                     RXF12EIDL       equ	3459	;# 
  3472   000D84                     RXF13SIDH       equ	3460	;# 
  3473   000D85                     RXF13SIDL       equ	3461	;# 
  3474   000D86                     RXF13EIDH       equ	3462	;# 
  3475   000D87                     RXF13EIDL       equ	3463	;# 
  3476   000D88                     RXF14SIDH       equ	3464	;# 
  3477   000D89                     RXF14SIDL       equ	3465	;# 
  3478   000D8A                     RXF14EIDH       equ	3466	;# 
  3479   000D8B                     RXF14EIDL       equ	3467	;# 
  3480   000D90                     RXF15SIDH       equ	3472	;# 
  3481   000D91                     RXF15SIDL       equ	3473	;# 
  3482   000D92                     RXF15EIDH       equ	3474	;# 
  3483   000D93                     RXF15EIDL       equ	3475	;# 
  3484   000DD4                     RXFCON0         equ	3540	;# 
  3485   000DD5                     RXFCON1         equ	3541	;# 
  3486   000DD8                     SDFLC           equ	3544	;# 
  3487   000DE0                     RXFBCON0        equ	3552	;# 
  3488   000DE1                     RXFBCON1        equ	3553	;# 
  3489   000DE2                     RXFBCON2        equ	3554	;# 
  3490   000DE3                     RXFBCON3        equ	3555	;# 
  3491   000DE4                     RXFBCON4        equ	3556	;# 
  3492   000DE5                     RXFBCON5        equ	3557	;# 
  3493   000DE6                     RXFBCON6        equ	3558	;# 
  3494   000DE7                     RXFBCON7        equ	3559	;# 
  3495   000DF0                     MSEL0           equ	3568	;# 
  3496   000DF1                     MSEL1           equ	3569	;# 
  3497   000DF2                     MSEL2           equ	3570	;# 
  3498   000DF3                     MSEL3           equ	3571	;# 
  3499   000DF8                     BSEL0           equ	3576	;# 
  3500   000DFA                     BIE0            equ	3578	;# 
  3501   000DFC                     TXBIE           equ	3580	;# 
  3502   000E20                     B0CON           equ	3616	;# 
  3503   000E21                     B0SIDH          equ	3617	;# 
  3504   000E22                     B0SIDL          equ	3618	;# 
  3505   000E23                     B0EIDH          equ	3619	;# 
  3506   000E24                     B0EIDL          equ	3620	;# 
  3507   000E25                     B0DLC           equ	3621	;# 
  3508   000E26                     B0D0            equ	3622	;# 
  3509   000E27                     B0D1            equ	3623	;# 
  3510   000E28                     B0D2            equ	3624	;# 
  3511   000E29                     B0D3            equ	3625	;# 
  3512   000E2A                     B0D4            equ	3626	;# 
  3513   000E2B                     B0D5            equ	3627	;# 
  3514   000E2C                     B0D6            equ	3628	;# 
  3515   000E2D                     B0D7            equ	3629	;# 
  3516   000E2E                     CANSTAT_RO9     equ	3630	;# 
  3517   000E2F                     CANCON_RO9      equ	3631	;# 
  3518   000E30                     B1CON           equ	3632	;# 
  3519   000E31                     B1SIDH          equ	3633	;# 
  3520   000E32                     B1SIDL          equ	3634	;# 
  3521   000E33                     B1EIDH          equ	3635	;# 
  3522   000E34                     B1EIDL          equ	3636	;# 
  3523   000E35                     B1DLC           equ	3637	;# 
  3524   000E36                     B1D0            equ	3638	;# 
  3525   000E37                     B1D1            equ	3639	;# 
  3526   000E38                     B1D2            equ	3640	;# 
  3527   000E39                     B1D3            equ	3641	;# 
  3528   000E3A                     B1D4            equ	3642	;# 
  3529   000E3B                     B1D5            equ	3643	;# 
  3530   000E3C                     B1D6            equ	3644	;# 
  3531   000E3D                     B1D7            equ	3645	;# 
  3532   000E3E                     CANSTAT_RO8     equ	3646	;# 
  3533   000E3F                     CANCON_RO8      equ	3647	;# 
  3534   000E40                     B2CON           equ	3648	;# 
  3535   000E41                     B2SIDH          equ	3649	;# 
  3536   000E42                     B2SIDL          equ	3650	;# 
  3537   000E43                     B2EIDH          equ	3651	;# 
  3538   000E44                     B2EIDL          equ	3652	;# 
  3539   000E45                     B2DLC           equ	3653	;# 
  3540   000E46                     B2D0            equ	3654	;# 
  3541   000E47                     B2D1            equ	3655	;# 
  3542   000E48                     B2D2            equ	3656	;# 
  3543   000E49                     B2D3            equ	3657	;# 
  3544   000E4A                     B2D4            equ	3658	;# 
  3545   000E4B                     B2D5            equ	3659	;# 
  3546   000E4C                     B2D6            equ	3660	;# 
  3547   000E4D                     B2D7            equ	3661	;# 
  3548   000E4E                     CANSTAT_RO7     equ	3662	;# 
  3549   000E4F                     CANCON_RO7      equ	3663	;# 
  3550   000E50                     B3CON           equ	3664	;# 
  3551   000E51                     B3SIDH          equ	3665	;# 
  3552   000E52                     B3SIDL          equ	3666	;# 
  3553   000E53                     B3EIDH          equ	3667	;# 
  3554   000E54                     B3EIDL          equ	3668	;# 
  3555   000E55                     B3DLC           equ	3669	;# 
  3556   000E56                     B3D0            equ	3670	;# 
  3557   000E57                     B3D1            equ	3671	;# 
  3558   000E58                     B3D2            equ	3672	;# 
  3559   000E59                     B3D3            equ	3673	;# 
  3560   000E5A                     B3D4            equ	3674	;# 
  3561   000E5B                     B3D5            equ	3675	;# 
  3562   000E5C                     B3D6            equ	3676	;# 
  3563   000E5D                     B3D7            equ	3677	;# 
  3564   000E5E                     CANSTAT_RO6     equ	3678	;# 
  3565   000E5F                     CANCON_RO6      equ	3679	;# 
  3566   000E60                     B4CON           equ	3680	;# 
  3567   000E61                     B4SIDH          equ	3681	;# 
  3568   000E62                     B4SIDL          equ	3682	;# 
  3569   000E63                     B4EIDH          equ	3683	;# 
  3570   000E64                     B4EIDL          equ	3684	;# 
  3571   000E65                     B4DLC           equ	3685	;# 
  3572   000E66                     B4D0            equ	3686	;# 
  3573   000E67                     B4D1            equ	3687	;# 
  3574   000E68                     B4D2            equ	3688	;# 
  3575   000E69                     B4D3            equ	3689	;# 
  3576   000E6A                     B4D4            equ	3690	;# 
  3577   000E6B                     B4D5            equ	3691	;# 
  3578   000E6C                     B4D6            equ	3692	;# 
  3579   000E6D                     B4D7            equ	3693	;# 
  3580   000E6E                     CANSTAT_RO5     equ	3694	;# 
  3581   000E6F                     CANCON_RO5      equ	3695	;# 
  3582   000E70                     B5CON           equ	3696	;# 
  3583   000E71                     B5SIDH          equ	3697	;# 
  3584   000E72                     B5SIDL          equ	3698	;# 
  3585   000E73                     B5EIDH          equ	3699	;# 
  3586   000E74                     B5EIDL          equ	3700	;# 
  3587   000E75                     B5DLC           equ	3701	;# 
  3588   000E76                     B5D0            equ	3702	;# 
  3589   000E77                     B5D1            equ	3703	;# 
  3590   000E78                     B5D2            equ	3704	;# 
  3591   000E79                     B5D3            equ	3705	;# 
  3592   000E7A                     B5D4            equ	3706	;# 
  3593   000E7B                     B5D5            equ	3707	;# 
  3594   000E7C                     B5D6            equ	3708	;# 
  3595   000E7D                     B5D7            equ	3709	;# 
  3596   000E7E                     CANSTAT_RO4     equ	3710	;# 
  3597   000E7F                     CANCON_RO4      equ	3711	;# 
  3598   000F00                     RXF0SIDH        equ	3840	;# 
  3599   000F01                     RXF0SIDL        equ	3841	;# 
  3600   000F02                     RXF0EIDH        equ	3842	;# 
  3601   000F03                     RXF0EIDL        equ	3843	;# 
  3602   000F04                     RXF1SIDH        equ	3844	;# 
  3603   000F05                     RXF1SIDL        equ	3845	;# 
  3604   000F06                     RXF1EIDH        equ	3846	;# 
  3605   000F07                     RXF1EIDL        equ	3847	;# 
  3606   000F08                     RXF2SIDH        equ	3848	;# 
  3607   000F09                     RXF2SIDL        equ	3849	;# 
  3608   000F0A                     RXF2EIDH        equ	3850	;# 
  3609   000F0B                     RXF2EIDL        equ	3851	;# 
  3610   000F0C                     RXF3SIDH        equ	3852	;# 
  3611   000F0D                     RXF3SIDL        equ	3853	;# 
  3612   000F0E                     RXF3EIDH        equ	3854	;# 
  3613   000F0F                     RXF3EIDL        equ	3855	;# 
  3614   000F10                     RXF4SIDH        equ	3856	;# 
  3615   000F11                     RXF4SIDL        equ	3857	;# 
  3616   000F12                     RXF4EIDH        equ	3858	;# 
  3617   000F13                     RXF4EIDL        equ	3859	;# 
  3618   000F14                     RXF5SIDH        equ	3860	;# 
  3619   000F15                     RXF5SIDL        equ	3861	;# 
  3620   000F16                     RXF5EIDH        equ	3862	;# 
  3621   000F17                     RXF5EIDL        equ	3863	;# 
  3622   000F18                     RXM0SIDH        equ	3864	;# 
  3623   000F19                     RXM0SIDL        equ	3865	;# 
  3624   000F1A                     RXM0EIDH        equ	3866	;# 
  3625   000F1B                     RXM0EIDL        equ	3867	;# 
  3626   000F1C                     RXM1SIDH        equ	3868	;# 
  3627   000F1D                     RXM1SIDL        equ	3869	;# 
  3628   000F1E                     RXM1EIDH        equ	3870	;# 
  3629   000F1F                     RXM1EIDL        equ	3871	;# 
  3630   000F20                     TXB2CON         equ	3872	;# 
  3631   000F21                     TXB2SIDH        equ	3873	;# 
  3632   000F22                     TXB2SIDL        equ	3874	;# 
  3633   000F23                     TXB2EIDH        equ	3875	;# 
  3634   000F24                     TXB2EIDL        equ	3876	;# 
  3635   000F25                     TXB2DLC         equ	3877	;# 
  3636   000F26                     TXB2D0          equ	3878	;# 
  3637   000F27                     TXB2D1          equ	3879	;# 
  3638   000F28                     TXB2D2          equ	3880	;# 
  3639   000F29                     TXB2D3          equ	3881	;# 
  3640   000F2A                     TXB2D4          equ	3882	;# 
  3641   000F2B                     TXB2D5          equ	3883	;# 
  3642   000F2C                     TXB2D6          equ	3884	;# 
  3643   000F2D                     TXB2D7          equ	3885	;# 
  3644   000F2E                     CANSTAT_RO3     equ	3886	;# 
  3645   000F2F                     CANCON_RO3      equ	3887	;# 
  3646   000F30                     TXB1CON         equ	3888	;# 
  3647   000F31                     TXB1SIDH        equ	3889	;# 
  3648   000F32                     TXB1SIDL        equ	3890	;# 
  3649   000F33                     TXB1EIDH        equ	3891	;# 
  3650   000F34                     TXB1EIDL        equ	3892	;# 
  3651   000F35                     TXB1DLC         equ	3893	;# 
  3652   000F36                     TXB1D0          equ	3894	;# 
  3653   000F37                     TXB1D1          equ	3895	;# 
  3654   000F38                     TXB1D2          equ	3896	;# 
  3655   000F39                     TXB1D3          equ	3897	;# 
  3656   000F3A                     TXB1D4          equ	3898	;# 
  3657   000F3B                     TXB1D5          equ	3899	;# 
  3658   000F3C                     TXB1D6          equ	3900	;# 
  3659   000F3D                     TXB1D7          equ	3901	;# 
  3660   000F3E                     CANSTAT_RO2     equ	3902	;# 
  3661   000F3F                     CANCON_RO2      equ	3903	;# 
  3662   000F40                     TXB0CON         equ	3904	;# 
  3663   000F41                     TXB0SIDH        equ	3905	;# 
  3664   000F42                     TXB0SIDL        equ	3906	;# 
  3665   000F43                     TXB0EIDH        equ	3907	;# 
  3666   000F44                     TXB0EIDL        equ	3908	;# 
  3667   000F45                     TXB0DLC         equ	3909	;# 
  3668   000F46                     TXB0D0          equ	3910	;# 
  3669   000F47                     TXB0D1          equ	3911	;# 
  3670   000F48                     TXB0D2          equ	3912	;# 
  3671   000F49                     TXB0D3          equ	3913	;# 
  3672   000F4A                     TXB0D4          equ	3914	;# 
  3673   000F4B                     TXB0D5          equ	3915	;# 
  3674   000F4C                     TXB0D6          equ	3916	;# 
  3675   000F4D                     TXB0D7          equ	3917	;# 
  3676   000F4E                     CANSTAT_RO1     equ	3918	;# 
  3677   000F4F                     CANCON_RO1      equ	3919	;# 
  3678   000F50                     RXB1CON         equ	3920	;# 
  3679   000F51                     RXB1SIDH        equ	3921	;# 
  3680   000F52                     RXB1SIDL        equ	3922	;# 
  3681   000F53                     RXB1EIDH        equ	3923	;# 
  3682   000F54                     RXB1EIDL        equ	3924	;# 
  3683   000F55                     RXB1DLC         equ	3925	;# 
  3684   000F56                     RXB1D0          equ	3926	;# 
  3685   000F57                     RXB1D1          equ	3927	;# 
  3686   000F58                     RXB1D2          equ	3928	;# 
  3687   000F59                     RXB1D3          equ	3929	;# 
  3688   000F5A                     RXB1D4          equ	3930	;# 
  3689   000F5B                     RXB1D5          equ	3931	;# 
  3690   000F5C                     RXB1D6          equ	3932	;# 
  3691   000F5D                     RXB1D7          equ	3933	;# 
  3692   000F5E                     CANSTAT_RO0     equ	3934	;# 
  3693   000F5F                     CANCON_RO0      equ	3935	;# 
  3694   000F60                     RXB0CON         equ	3936	;# 
  3695   000F61                     RXB0SIDH        equ	3937	;# 
  3696   000F62                     RXB0SIDL        equ	3938	;# 
  3697   000F63                     RXB0EIDH        equ	3939	;# 
  3698   000F64                     RXB0EIDL        equ	3940	;# 
  3699   000F65                     RXB0DLC         equ	3941	;# 
  3700   000F66                     RXB0D0          equ	3942	;# 
  3701   000F67                     RXB0D1          equ	3943	;# 
  3702   000F68                     RXB0D2          equ	3944	;# 
  3703   000F69                     RXB0D3          equ	3945	;# 
  3704   000F6A                     RXB0D4          equ	3946	;# 
  3705   000F6B                     RXB0D5          equ	3947	;# 
  3706   000F6C                     RXB0D6          equ	3948	;# 
  3707   000F6D                     RXB0D7          equ	3949	;# 
  3708   000F6E                     CANSTAT         equ	3950	;# 
  3709   000F6F                     CANCON          equ	3951	;# 
  3710   000F70                     BRGCON1         equ	3952	;# 
  3711   000F71                     BRGCON2         equ	3953	;# 
  3712   000F72                     BRGCON3         equ	3954	;# 
  3713   000F73                     CIOCON          equ	3955	;# 
  3714   000F74                     COMSTAT         equ	3956	;# 
  3715   000F75                     RXERRCNT        equ	3957	;# 
  3716   000F76                     TXERRCNT        equ	3958	;# 
  3717   000F77                     ECANCON         equ	3959	;# 
  3718   000F80                     PORTA           equ	3968	;# 
  3719   000F81                     PORTB           equ	3969	;# 
  3720   000F82                     PORTC           equ	3970	;# 
  3721   000F83                     PORTD           equ	3971	;# 
  3722   000F84                     PORTE           equ	3972	;# 
  3723   000F89                     LATA            equ	3977	;# 
  3724   000F8A                     LATB            equ	3978	;# 
  3725   000F8B                     LATC            equ	3979	;# 
  3726   000F8C                     LATD            equ	3980	;# 
  3727   000F8D                     LATE            equ	3981	;# 
  3728   000F92                     TRISA           equ	3986	;# 
  3729   000F92                     DDRA            equ	3986	;# 
  3730   000F93                     TRISB           equ	3987	;# 
  3731   000F93                     DDRB            equ	3987	;# 
  3732   000F94                     TRISC           equ	3988	;# 
  3733   000F94                     DDRC            equ	3988	;# 
  3734   000F95                     TRISD           equ	3989	;# 
  3735   000F95                     DDRD            equ	3989	;# 
  3736   000F96                     TRISE           equ	3990	;# 
  3737   000F96                     DDRE            equ	3990	;# 
  3738   000F9B                     OSCTUNE         equ	3995	;# 
  3739   000F9D                     PIE1            equ	3997	;# 
  3740   000F9E                     PIR1            equ	3998	;# 
  3741   000F9F                     IPR1            equ	3999	;# 
  3742   000FA0                     PIE2            equ	4000	;# 
  3743   000FA1                     PIR2            equ	4001	;# 
  3744   000FA2                     IPR2            equ	4002	;# 
  3745   000FA3                     PIE3            equ	4003	;# 
  3746   000FA4                     PIR3            equ	4004	;# 
  3747   000FA5                     IPR3            equ	4005	;# 
  3748   000FA6                     EECON1          equ	4006	;# 
  3749   000FA7                     EECON2          equ	4007	;# 
  3750   000FA8                     EEDATA          equ	4008	;# 
  3751   000FA9                     EEADR           equ	4009	;# 
  3752   000FAB                     RCSTA           equ	4011	;# 
  3753   000FAB                     RCSTA1          equ	4011	;# 
  3754   000FAC                     TXSTA           equ	4012	;# 
  3755   000FAC                     TXSTA1          equ	4012	;# 
  3756   000FAD                     TXREG           equ	4013	;# 
  3757   000FAD                     TXREG1          equ	4013	;# 
  3758   000FAE                     RCREG           equ	4014	;# 
  3759   000FAE                     RCREG1          equ	4014	;# 
  3760   000FAF                     SPBRG           equ	4015	;# 
  3761   000FAF                     SPBRG1          equ	4015	;# 
  3762   000FB0                     SPBRGH          equ	4016	;# 
  3763   000FB1                     T3CON           equ	4017	;# 
  3764   000FB2                     TMR3            equ	4018	;# 
  3765   000FB2                     TMR3L           equ	4018	;# 
  3766   000FB3                     TMR3H           equ	4019	;# 
  3767   000FB4                     CMCON           equ	4020	;# 
  3768   000FB5                     CVRCON          equ	4021	;# 
  3769   000FB6                     ECCP1AS         equ	4022	;# 
  3770   000FB7                     ECCP1DEL        equ	4023	;# 
  3771   000FB8                     BAUDCON         equ	4024	;# 
  3772   000FB8                     BAUDCTL         equ	4024	;# 
  3773   000FBA                     ECCP1CON        equ	4026	;# 
  3774   000FBB                     ECCPR1          equ	4027	;# 
  3775   000FBB                     ECCPR1L         equ	4027	;# 
  3776   000FBC                     ECCPR1H         equ	4028	;# 
  3777   000FBD                     CCP1CON         equ	4029	;# 
  3778   000FBE                     CCPR1           equ	4030	;# 
  3779   000FBE                     CCPR1L          equ	4030	;# 
  3780   000FBF                     CCPR1H          equ	4031	;# 
  3781   000FC0                     ADCON2          equ	4032	;# 
  3782   000FC1                     ADCON1          equ	4033	;# 
  3783   000FC2                     ADCON0          equ	4034	;# 
  3784   000FC3                     ADRES           equ	4035	;# 
  3785   000FC3                     ADRESL          equ	4035	;# 
  3786   000FC4                     ADRESH          equ	4036	;# 
  3787   000FC5                     SSPCON2         equ	4037	;# 
  3788   000FC6                     SSPCON1         equ	4038	;# 
  3789   000FC7                     SSPSTAT         equ	4039	;# 
  3790   000FC8                     SSPADD          equ	4040	;# 
  3791   000FC9                     SSPBUF          equ	4041	;# 
  3792   000FCA                     T2CON           equ	4042	;# 
  3793   000FCB                     PR2             equ	4043	;# 
  3794   000FCB                     MEMCON          equ	4043	;# 
  3795   000FCC                     TMR2            equ	4044	;# 
  3796   000FCD                     T1CON           equ	4045	;# 
  3797   000FCE                     TMR1            equ	4046	;# 
  3798   000FCE                     TMR1L           equ	4046	;# 
  3799   000FCF                     TMR1H           equ	4047	;# 
  3800   000FD0                     RCON            equ	4048	;# 
  3801   000FD1                     WDTCON          equ	4049	;# 
  3802   000FD2                     HLVDCON         equ	4050	;# 
  3803   000FD2                     LVDCON          equ	4050	;# 
  3804   000FD3                     OSCCON          equ	4051	;# 
  3805   000FD5                     T0CON           equ	4053	;# 
  3806   000FD6                     TMR0            equ	4054	;# 
  3807   000FD6                     TMR0L           equ	4054	;# 
  3808   000FD7                     TMR0H           equ	4055	;# 
  3809   000FD8                     STATUS          equ	4056	;# 
  3810   000FD9                     FSR2            equ	4057	;# 
  3811   000FD9                     FSR2L           equ	4057	;# 
  3812   000FDA                     FSR2H           equ	4058	;# 
  3813   000FDB                     PLUSW2          equ	4059	;# 
  3814   000FDC                     PREINC2         equ	4060	;# 
  3815   000FDD                     POSTDEC2        equ	4061	;# 
  3816   000FDE                     POSTINC2        equ	4062	;# 
  3817   000FDF                     INDF2           equ	4063	;# 
  3818   000FE0                     BSR             equ	4064	;# 
  3819   000FE1                     FSR1            equ	4065	;# 
  3820   000FE1                     FSR1L           equ	4065	;# 
  3821   000FE2                     FSR1H           equ	4066	;# 
  3822   000FE3                     PLUSW1          equ	4067	;# 
  3823   000FE4                     PREINC1         equ	4068	;# 
  3824   000FE5                     POSTDEC1        equ	4069	;# 
  3825   000FE6                     POSTINC1        equ	4070	;# 
  3826   000FE7                     INDF1           equ	4071	;# 
  3827   000FE8                     WREG            equ	4072	;# 
  3828   000FE9                     FSR0            equ	4073	;# 
  3829   000FE9                     FSR0L           equ	4073	;# 
  3830   000FEA                     FSR0H           equ	4074	;# 
  3831   000FEB                     PLUSW0          equ	4075	;# 
  3832   000FEC                     PREINC0         equ	4076	;# 
  3833   000FED                     POSTDEC0        equ	4077	;# 
  3834   000FEE                     POSTINC0        equ	4078	;# 
  3835   000FEF                     INDF0           equ	4079	;# 
  3836   000FF0                     INTCON3         equ	4080	;# 
  3837   000FF1                     INTCON2         equ	4081	;# 
  3838   000FF2                     INTCON          equ	4082	;# 
  3839   000FF3                     PROD            equ	4083	;# 
  3840   000FF3                     PRODL           equ	4083	;# 
  3841   000FF4                     PRODH           equ	4084	;# 
  3842   000FF5                     TABLAT          equ	4085	;# 
  3843   000FF6                     TBLPTR          equ	4086	;# 
  3844   000FF6                     TBLPTRL         equ	4086	;# 
  3845   000FF7                     TBLPTRH         equ	4087	;# 
  3846   000FF8                     TBLPTRU         equ	4088	;# 
  3847   000FF9                     PCLAT           equ	4089	;# 
  3848   000FF9                     PC              equ	4089	;# 
  3849   000FF9                     PCL             equ	4089	;# 
  3850   000FFA                     PCLATH          equ	4090	;# 
  3851   000FFB                     PCLATU          equ	4091	;# 
  3852   000FFC                     STKPTR          equ	4092	;# 
  3853   000FFD                     TOS             equ	4093	;# 
  3854   000FFD                     TOSL            equ	4093	;# 
  3855   000FFE                     TOSH            equ	4094	;# 
  3856   000FFF                     TOSU            equ	4095	;# 
  3857   000D60                     RXF6SIDH        equ	3424	;# 
  3858   000D61                     RXF6SIDL        equ	3425	;# 
  3859   000D62                     RXF6EIDH        equ	3426	;# 
  3860   000D63                     RXF6EIDL        equ	3427	;# 
  3861   000D64                     RXF7SIDH        equ	3428	;# 
  3862   000D65                     RXF7SIDL        equ	3429	;# 
  3863   000D66                     RXF7EIDH        equ	3430	;# 
  3864   000D67                     RXF7EIDL        equ	3431	;# 
  3865   000D68                     RXF8SIDH        equ	3432	;# 
  3866   000D69                     RXF8SIDL        equ	3433	;# 
  3867   000D6A                     RXF8EIDH        equ	3434	;# 
  3868   000D6B                     RXF8EIDL        equ	3435	;# 
  3869   000D70                     RXF9SIDH        equ	3440	;# 
  3870   000D71                     RXF9SIDL        equ	3441	;# 
  3871   000D72                     RXF9EIDH        equ	3442	;# 
  3872   000D73                     RXF9EIDL        equ	3443	;# 
  3873   000D74                     RXF10SIDH       equ	3444	;# 
  3874   000D75                     RXF10SIDL       equ	3445	;# 
  3875   000D76                     RXF10EIDH       equ	3446	;# 
  3876   000D77                     RXF10EIDL       equ	3447	;# 
  3877   000D78                     RXF11SIDH       equ	3448	;# 
  3878   000D79                     RXF11SIDL       equ	3449	;# 
  3879   000D7A                     RXF11EIDH       equ	3450	;# 
  3880   000D7B                     RXF11EIDL       equ	3451	;# 
  3881   000D80                     RXF12SIDH       equ	3456	;# 
  3882   000D81                     RXF12SIDL       equ	3457	;# 
  3883   000D82                     RXF12EIDH       equ	3458	;# 
  3884   000D83                     RXF12EIDL       equ	3459	;# 
  3885   000D84                     RXF13SIDH       equ	3460	;# 
  3886   000D85                     RXF13SIDL       equ	3461	;# 
  3887   000D86                     RXF13EIDH       equ	3462	;# 
  3888   000D87                     RXF13EIDL       equ	3463	;# 
  3889   000D88                     RXF14SIDH       equ	3464	;# 
  3890   000D89                     RXF14SIDL       equ	3465	;# 
  3891   000D8A                     RXF14EIDH       equ	3466	;# 
  3892   000D8B                     RXF14EIDL       equ	3467	;# 
  3893   000D90                     RXF15SIDH       equ	3472	;# 
  3894   000D91                     RXF15SIDL       equ	3473	;# 
  3895   000D92                     RXF15EIDH       equ	3474	;# 
  3896   000D93                     RXF15EIDL       equ	3475	;# 
  3897   000DD4                     RXFCON0         equ	3540	;# 
  3898   000DD5                     RXFCON1         equ	3541	;# 
  3899   000DD8                     SDFLC           equ	3544	;# 
  3900   000DE0                     RXFBCON0        equ	3552	;# 
  3901   000DE1                     RXFBCON1        equ	3553	;# 
  3902   000DE2                     RXFBCON2        equ	3554	;# 
  3903   000DE3                     RXFBCON3        equ	3555	;# 
  3904   000DE4                     RXFBCON4        equ	3556	;# 
  3905   000DE5                     RXFBCON5        equ	3557	;# 
  3906   000DE6                     RXFBCON6        equ	3558	;# 
  3907   000DE7                     RXFBCON7        equ	3559	;# 
  3908   000DF0                     MSEL0           equ	3568	;# 
  3909   000DF1                     MSEL1           equ	3569	;# 
  3910   000DF2                     MSEL2           equ	3570	;# 
  3911   000DF3                     MSEL3           equ	3571	;# 
  3912   000DF8                     BSEL0           equ	3576	;# 
  3913   000DFA                     BIE0            equ	3578	;# 
  3914   000DFC                     TXBIE           equ	3580	;# 
  3915   000E20                     B0CON           equ	3616	;# 
  3916   000E21                     B0SIDH          equ	3617	;# 
  3917   000E22                     B0SIDL          equ	3618	;# 
  3918   000E23                     B0EIDH          equ	3619	;# 
  3919   000E24                     B0EIDL          equ	3620	;# 
  3920   000E25                     B0DLC           equ	3621	;# 
  3921   000E26                     B0D0            equ	3622	;# 
  3922   000E27                     B0D1            equ	3623	;# 
  3923   000E28                     B0D2            equ	3624	;# 
  3924   000E29                     B0D3            equ	3625	;# 
  3925   000E2A                     B0D4            equ	3626	;# 
  3926   000E2B                     B0D5            equ	3627	;# 
  3927   000E2C                     B0D6            equ	3628	;# 
  3928   000E2D                     B0D7            equ	3629	;# 
  3929   000E2E                     CANSTAT_RO9     equ	3630	;# 
  3930   000E2F                     CANCON_RO9      equ	3631	;# 
  3931   000E30                     B1CON           equ	3632	;# 
  3932   000E31                     B1SIDH          equ	3633	;# 
  3933   000E32                     B1SIDL          equ	3634	;# 
  3934   000E33                     B1EIDH          equ	3635	;# 
  3935   000E34                     B1EIDL          equ	3636	;# 
  3936   000E35                     B1DLC           equ	3637	;# 
  3937   000E36                     B1D0            equ	3638	;# 
  3938   000E37                     B1D1            equ	3639	;# 
  3939   000E38                     B1D2            equ	3640	;# 
  3940   000E39                     B1D3            equ	3641	;# 
  3941   000E3A                     B1D4            equ	3642	;# 
  3942   000E3B                     B1D5            equ	3643	;# 
  3943   000E3C                     B1D6            equ	3644	;# 
  3944   000E3D                     B1D7            equ	3645	;# 
  3945   000E3E                     CANSTAT_RO8     equ	3646	;# 
  3946   000E3F                     CANCON_RO8      equ	3647	;# 
  3947   000E40                     B2CON           equ	3648	;# 
  3948   000E41                     B2SIDH          equ	3649	;# 
  3949   000E42                     B2SIDL          equ	3650	;# 
  3950   000E43                     B2EIDH          equ	3651	;# 
  3951   000E44                     B2EIDL          equ	3652	;# 
  3952   000E45                     B2DLC           equ	3653	;# 
  3953   000E46                     B2D0            equ	3654	;# 
  3954   000E47                     B2D1            equ	3655	;# 
  3955   000E48                     B2D2            equ	3656	;# 
  3956   000E49                     B2D3            equ	3657	;# 
  3957   000E4A                     B2D4            equ	3658	;# 
  3958   000E4B                     B2D5            equ	3659	;# 
  3959   000E4C                     B2D6            equ	3660	;# 
  3960   000E4D                     B2D7            equ	3661	;# 
  3961   000E4E                     CANSTAT_RO7     equ	3662	;# 
  3962   000E4F                     CANCON_RO7      equ	3663	;# 
  3963   000E50                     B3CON           equ	3664	;# 
  3964   000E51                     B3SIDH          equ	3665	;# 
  3965   000E52                     B3SIDL          equ	3666	;# 
  3966   000E53                     B3EIDH          equ	3667	;# 
  3967   000E54                     B3EIDL          equ	3668	;# 
  3968   000E55                     B3DLC           equ	3669	;# 
  3969   000E56                     B3D0            equ	3670	;# 
  3970   000E57                     B3D1            equ	3671	;# 
  3971   000E58                     B3D2            equ	3672	;# 
  3972   000E59                     B3D3            equ	3673	;# 
  3973   000E5A                     B3D4            equ	3674	;# 
  3974   000E5B                     B3D5            equ	3675	;# 
  3975   000E5C                     B3D6            equ	3676	;# 
  3976   000E5D                     B3D7            equ	3677	;# 
  3977   000E5E                     CANSTAT_RO6     equ	3678	;# 
  3978   000E5F                     CANCON_RO6      equ	3679	;# 
  3979   000E60                     B4CON           equ	3680	;# 
  3980   000E61                     B4SIDH          equ	3681	;# 
  3981   000E62                     B4SIDL          equ	3682	;# 
  3982   000E63                     B4EIDH          equ	3683	;# 
  3983   000E64                     B4EIDL          equ	3684	;# 
  3984   000E65                     B4DLC           equ	3685	;# 
  3985   000E66                     B4D0            equ	3686	;# 
  3986   000E67                     B4D1            equ	3687	;# 
  3987   000E68                     B4D2            equ	3688	;# 
  3988   000E69                     B4D3            equ	3689	;# 
  3989   000E6A                     B4D4            equ	3690	;# 
  3990   000E6B                     B4D5            equ	3691	;# 
  3991   000E6C                     B4D6            equ	3692	;# 
  3992   000E6D                     B4D7            equ	3693	;# 
  3993   000E6E                     CANSTAT_RO5     equ	3694	;# 
  3994   000E6F                     CANCON_RO5      equ	3695	;# 
  3995   000E70                     B5CON           equ	3696	;# 
  3996   000E71                     B5SIDH          equ	3697	;# 
  3997   000E72                     B5SIDL          equ	3698	;# 
  3998   000E73                     B5EIDH          equ	3699	;# 
  3999   000E74                     B5EIDL          equ	3700	;# 
  4000   000E75                     B5DLC           equ	3701	;# 
  4001   000E76                     B5D0            equ	3702	;# 
  4002   000E77                     B5D1            equ	3703	;# 
  4003   000E78                     B5D2            equ	3704	;# 
  4004   000E79                     B5D3            equ	3705	;# 
  4005   000E7A                     B5D4            equ	3706	;# 
  4006   000E7B                     B5D5            equ	3707	;# 
  4007   000E7C                     B5D6            equ	3708	;# 
  4008   000E7D                     B5D7            equ	3709	;# 
  4009   000E7E                     CANSTAT_RO4     equ	3710	;# 
  4010   000E7F                     CANCON_RO4      equ	3711	;# 
  4011   000F00                     RXF0SIDH        equ	3840	;# 
  4012   000F01                     RXF0SIDL        equ	3841	;# 
  4013   000F02                     RXF0EIDH        equ	3842	;# 
  4014   000F03                     RXF0EIDL        equ	3843	;# 
  4015   000F04                     RXF1SIDH        equ	3844	;# 
  4016   000F05                     RXF1SIDL        equ	3845	;# 
  4017   000F06                     RXF1EIDH        equ	3846	;# 
  4018   000F07                     RXF1EIDL        equ	3847	;# 
  4019   000F08                     RXF2SIDH        equ	3848	;# 
  4020   000F09                     RXF2SIDL        equ	3849	;# 
  4021   000F0A                     RXF2EIDH        equ	3850	;# 
  4022   000F0B                     RXF2EIDL        equ	3851	;# 
  4023   000F0C                     RXF3SIDH        equ	3852	;# 
  4024   000F0D                     RXF3SIDL        equ	3853	;# 
  4025   000F0E                     RXF3EIDH        equ	3854	;# 
  4026   000F0F                     RXF3EIDL        equ	3855	;# 
  4027   000F10                     RXF4SIDH        equ	3856	;# 
  4028   000F11                     RXF4SIDL        equ	3857	;# 
  4029   000F12                     RXF4EIDH        equ	3858	;# 
  4030   000F13                     RXF4EIDL        equ	3859	;# 
  4031   000F14                     RXF5SIDH        equ	3860	;# 
  4032   000F15                     RXF5SIDL        equ	3861	;# 
  4033   000F16                     RXF5EIDH        equ	3862	;# 
  4034   000F17                     RXF5EIDL        equ	3863	;# 
  4035   000F18                     RXM0SIDH        equ	3864	;# 
  4036   000F19                     RXM0SIDL        equ	3865	;# 
  4037   000F1A                     RXM0EIDH        equ	3866	;# 
  4038   000F1B                     RXM0EIDL        equ	3867	;# 
  4039   000F1C                     RXM1SIDH        equ	3868	;# 
  4040   000F1D                     RXM1SIDL        equ	3869	;# 
  4041   000F1E                     RXM1EIDH        equ	3870	;# 
  4042   000F1F                     RXM1EIDL        equ	3871	;# 
  4043   000F20                     TXB2CON         equ	3872	;# 
  4044   000F21                     TXB2SIDH        equ	3873	;# 
  4045   000F22                     TXB2SIDL        equ	3874	;# 
  4046   000F23                     TXB2EIDH        equ	3875	;# 
  4047   000F24                     TXB2EIDL        equ	3876	;# 
  4048   000F25                     TXB2DLC         equ	3877	;# 
  4049   000F26                     TXB2D0          equ	3878	;# 
  4050   000F27                     TXB2D1          equ	3879	;# 
  4051   000F28                     TXB2D2          equ	3880	;# 
  4052   000F29                     TXB2D3          equ	3881	;# 
  4053   000F2A                     TXB2D4          equ	3882	;# 
  4054   000F2B                     TXB2D5          equ	3883	;# 
  4055   000F2C                     TXB2D6          equ	3884	;# 
  4056   000F2D                     TXB2D7          equ	3885	;# 
  4057   000F2E                     CANSTAT_RO3     equ	3886	;# 
  4058   000F2F                     CANCON_RO3      equ	3887	;# 
  4059   000F30                     TXB1CON         equ	3888	;# 
  4060   000F31                     TXB1SIDH        equ	3889	;# 
  4061   000F32                     TXB1SIDL        equ	3890	;# 
  4062   000F33                     TXB1EIDH        equ	3891	;# 
  4063   000F34                     TXB1EIDL        equ	3892	;# 
  4064   000F35                     TXB1DLC         equ	3893	;# 
  4065   000F36                     TXB1D0          equ	3894	;# 
  4066   000F37                     TXB1D1          equ	3895	;# 
  4067   000F38                     TXB1D2          equ	3896	;# 
  4068   000F39                     TXB1D3          equ	3897	;# 
  4069   000F3A                     TXB1D4          equ	3898	;# 
  4070   000F3B                     TXB1D5          equ	3899	;# 
  4071   000F3C                     TXB1D6          equ	3900	;# 
  4072   000F3D                     TXB1D7          equ	3901	;# 
  4073   000F3E                     CANSTAT_RO2     equ	3902	;# 
  4074   000F3F                     CANCON_RO2      equ	3903	;# 
  4075   000F40                     TXB0CON         equ	3904	;# 
  4076   000F41                     TXB0SIDH        equ	3905	;# 
  4077   000F42                     TXB0SIDL        equ	3906	;# 
  4078   000F43                     TXB0EIDH        equ	3907	;# 
  4079   000F44                     TXB0EIDL        equ	3908	;# 
  4080   000F45                     TXB0DLC         equ	3909	;# 
  4081   000F46                     TXB0D0          equ	3910	;# 
  4082   000F47                     TXB0D1          equ	3911	;# 
  4083   000F48                     TXB0D2          equ	3912	;# 
  4084   000F49                     TXB0D3          equ	3913	;# 
  4085   000F4A                     TXB0D4          equ	3914	;# 
  4086   000F4B                     TXB0D5          equ	3915	;# 
  4087   000F4C                     TXB0D6          equ	3916	;# 
  4088   000F4D                     TXB0D7          equ	3917	;# 
  4089   000F4E                     CANSTAT_RO1     equ	3918	;# 
  4090   000F4F                     CANCON_RO1      equ	3919	;# 
  4091   000F50                     RXB1CON         equ	3920	;# 
  4092   000F51                     RXB1SIDH        equ	3921	;# 
  4093   000F52                     RXB1SIDL        equ	3922	;# 
  4094   000F53                     RXB1EIDH        equ	3923	;# 
  4095   000F54                     RXB1EIDL        equ	3924	;# 
  4096   000F55                     RXB1DLC         equ	3925	;# 
  4097   000F56                     RXB1D0          equ	3926	;# 
  4098   000F57                     RXB1D1          equ	3927	;# 
  4099   000F58                     RXB1D2          equ	3928	;# 
  4100   000F59                     RXB1D3          equ	3929	;# 
  4101   000F5A                     RXB1D4          equ	3930	;# 
  4102   000F5B                     RXB1D5          equ	3931	;# 
  4103   000F5C                     RXB1D6          equ	3932	;# 
  4104   000F5D                     RXB1D7          equ	3933	;# 
  4105   000F5E                     CANSTAT_RO0     equ	3934	;# 
  4106   000F5F                     CANCON_RO0      equ	3935	;# 
  4107   000F60                     RXB0CON         equ	3936	;# 
  4108   000F61                     RXB0SIDH        equ	3937	;# 
  4109   000F62                     RXB0SIDL        equ	3938	;# 
  4110   000F63                     RXB0EIDH        equ	3939	;# 
  4111   000F64                     RXB0EIDL        equ	3940	;# 
  4112   000F65                     RXB0DLC         equ	3941	;# 
  4113   000F66                     RXB0D0          equ	3942	;# 
  4114   000F67                     RXB0D1          equ	3943	;# 
  4115   000F68                     RXB0D2          equ	3944	;# 
  4116   000F69                     RXB0D3          equ	3945	;# 
  4117   000F6A                     RXB0D4          equ	3946	;# 
  4118   000F6B                     RXB0D5          equ	3947	;# 
  4119   000F6C                     RXB0D6          equ	3948	;# 
  4120   000F6D                     RXB0D7          equ	3949	;# 
  4121   000F6E                     CANSTAT         equ	3950	;# 
  4122   000F6F                     CANCON          equ	3951	;# 
  4123   000F70                     BRGCON1         equ	3952	;# 
  4124   000F71                     BRGCON2         equ	3953	;# 
  4125   000F72                     BRGCON3         equ	3954	;# 
  4126   000F73                     CIOCON          equ	3955	;# 
  4127   000F74                     COMSTAT         equ	3956	;# 
  4128   000F75                     RXERRCNT        equ	3957	;# 
  4129   000F76                     TXERRCNT        equ	3958	;# 
  4130   000F77                     ECANCON         equ	3959	;# 
  4131   000F80                     PORTA           equ	3968	;# 
  4132   000F81                     PORTB           equ	3969	;# 
  4133   000F82                     PORTC           equ	3970	;# 
  4134   000F83                     PORTD           equ	3971	;# 
  4135   000F84                     PORTE           equ	3972	;# 
  4136   000F89                     LATA            equ	3977	;# 
  4137   000F8A                     LATB            equ	3978	;# 
  4138   000F8B                     LATC            equ	3979	;# 
  4139   000F8C                     LATD            equ	3980	;# 
  4140   000F8D                     LATE            equ	3981	;# 
  4141   000F92                     TRISA           equ	3986	;# 
  4142   000F92                     DDRA            equ	3986	;# 
  4143   000F93                     TRISB           equ	3987	;# 
  4144   000F93                     DDRB            equ	3987	;# 
  4145   000F94                     TRISC           equ	3988	;# 
  4146   000F94                     DDRC            equ	3988	;# 
  4147   000F95                     TRISD           equ	3989	;# 
  4148   000F95                     DDRD            equ	3989	;# 
  4149   000F96                     TRISE           equ	3990	;# 
  4150   000F96                     DDRE            equ	3990	;# 
  4151   000F9B                     OSCTUNE         equ	3995	;# 
  4152   000F9D                     PIE1            equ	3997	;# 
  4153   000F9E                     PIR1            equ	3998	;# 
  4154   000F9F                     IPR1            equ	3999	;# 
  4155   000FA0                     PIE2            equ	4000	;# 
  4156   000FA1                     PIR2            equ	4001	;# 
  4157   000FA2                     IPR2            equ	4002	;# 
  4158   000FA3                     PIE3            equ	4003	;# 
  4159   000FA4                     PIR3            equ	4004	;# 
  4160   000FA5                     IPR3            equ	4005	;# 
  4161   000FA6                     EECON1          equ	4006	;# 
  4162   000FA7                     EECON2          equ	4007	;# 
  4163   000FA8                     EEDATA          equ	4008	;# 
  4164   000FA9                     EEADR           equ	4009	;# 
  4165   000FAB                     RCSTA           equ	4011	;# 
  4166   000FAB                     RCSTA1          equ	4011	;# 
  4167   000FAC                     TXSTA           equ	4012	;# 
  4168   000FAC                     TXSTA1          equ	4012	;# 
  4169   000FAD                     TXREG           equ	4013	;# 
  4170   000FAD                     TXREG1          equ	4013	;# 
  4171   000FAE                     RCREG           equ	4014	;# 
  4172   000FAE                     RCREG1          equ	4014	;# 
  4173   000FAF                     SPBRG           equ	4015	;# 
  4174   000FAF                     SPBRG1          equ	4015	;# 
  4175   000FB0                     SPBRGH          equ	4016	;# 
  4176   000FB1                     T3CON           equ	4017	;# 
  4177   000FB2                     TMR3            equ	4018	;# 
  4178   000FB2                     TMR3L           equ	4018	;# 
  4179   000FB3                     TMR3H           equ	4019	;# 
  4180   000FB4                     CMCON           equ	4020	;# 
  4181   000FB5                     CVRCON          equ	4021	;# 
  4182   000FB6                     ECCP1AS         equ	4022	;# 
  4183   000FB7                     ECCP1DEL        equ	4023	;# 
  4184   000FB8                     BAUDCON         equ	4024	;# 
  4185   000FB8                     BAUDCTL         equ	4024	;# 
  4186   000FBA                     ECCP1CON        equ	4026	;# 
  4187   000FBB                     ECCPR1          equ	4027	;# 
  4188   000FBB                     ECCPR1L         equ	4027	;# 
  4189   000FBC                     ECCPR1H         equ	4028	;# 
  4190   000FBD                     CCP1CON         equ	4029	;# 
  4191   000FBE                     CCPR1           equ	4030	;# 
  4192   000FBE                     CCPR1L          equ	4030	;# 
  4193   000FBF                     CCPR1H          equ	4031	;# 
  4194   000FC0                     ADCON2          equ	4032	;# 
  4195   000FC1                     ADCON1          equ	4033	;# 
  4196   000FC2                     ADCON0          equ	4034	;# 
  4197   000FC3                     ADRES           equ	4035	;# 
  4198   000FC3                     ADRESL          equ	4035	;# 
  4199   000FC4                     ADRESH          equ	4036	;# 
  4200   000FC5                     SSPCON2         equ	4037	;# 
  4201   000FC6                     SSPCON1         equ	4038	;# 
  4202   000FC7                     SSPSTAT         equ	4039	;# 
  4203   000FC8                     SSPADD          equ	4040	;# 
  4204   000FC9                     SSPBUF          equ	4041	;# 
  4205   000FCA                     T2CON           equ	4042	;# 
  4206   000FCB                     PR2             equ	4043	;# 
  4207   000FCB                     MEMCON          equ	4043	;# 
  4208   000FCC                     TMR2            equ	4044	;# 
  4209   000FCD                     T1CON           equ	4045	;# 
  4210   000FCE                     TMR1            equ	4046	;# 
  4211   000FCE                     TMR1L           equ	4046	;# 
  4212   000FCF                     TMR1H           equ	4047	;# 
  4213   000FD0                     RCON            equ	4048	;# 
  4214   000FD1                     WDTCON          equ	4049	;# 
  4215   000FD2                     HLVDCON         equ	4050	;# 
  4216   000FD2                     LVDCON          equ	4050	;# 
  4217   000FD3                     OSCCON          equ	4051	;# 
  4218   000FD5                     T0CON           equ	4053	;# 
  4219   000FD6                     TMR0            equ	4054	;# 
  4220   000FD6                     TMR0L           equ	4054	;# 
  4221   000FD7                     TMR0H           equ	4055	;# 
  4222   000FD8                     STATUS          equ	4056	;# 
  4223   000FD9                     FSR2            equ	4057	;# 
  4224   000FD9                     FSR2L           equ	4057	;# 
  4225   000FDA                     FSR2H           equ	4058	;# 
  4226   000FDB                     PLUSW2          equ	4059	;# 
  4227   000FDC                     PREINC2         equ	4060	;# 
  4228   000FDD                     POSTDEC2        equ	4061	;# 
  4229   000FDE                     POSTINC2        equ	4062	;# 
  4230   000FDF                     INDF2           equ	4063	;# 
  4231   000FE0                     BSR             equ	4064	;# 
  4232   000FE1                     FSR1            equ	4065	;# 
  4233   000FE1                     FSR1L           equ	4065	;# 
  4234   000FE2                     FSR1H           equ	4066	;# 
  4235   000FE3                     PLUSW1          equ	4067	;# 
  4236   000FE4                     PREINC1         equ	4068	;# 
  4237   000FE5                     POSTDEC1        equ	4069	;# 
  4238   000FE6                     POSTINC1        equ	4070	;# 
  4239   000FE7                     INDF1           equ	4071	;# 
  4240   000FE8                     WREG            equ	4072	;# 
  4241   000FE9                     FSR0            equ	4073	;# 
  4242   000FE9                     FSR0L           equ	4073	;# 
  4243   000FEA                     FSR0H           equ	4074	;# 
  4244   000FEB                     PLUSW0          equ	4075	;# 
  4245   000FEC                     PREINC0         equ	4076	;# 
  4246   000FED                     POSTDEC0        equ	4077	;# 
  4247   000FEE                     POSTINC0        equ	4078	;# 
  4248   000FEF                     INDF0           equ	4079	;# 
  4249   000FF0                     INTCON3         equ	4080	;# 
  4250   000FF1                     INTCON2         equ	4081	;# 
  4251   000FF2                     INTCON          equ	4082	;# 
  4252   000FF3                     PROD            equ	4083	;# 
  4253   000FF3                     PRODL           equ	4083	;# 
  4254   000FF4                     PRODH           equ	4084	;# 
  4255   000FF5                     TABLAT          equ	4085	;# 
  4256   000FF6                     TBLPTR          equ	4086	;# 
  4257   000FF6                     TBLPTRL         equ	4086	;# 
  4258   000FF7                     TBLPTRH         equ	4087	;# 
  4259   000FF8                     TBLPTRU         equ	4088	;# 
  4260   000FF9                     PCLAT           equ	4089	;# 
  4261   000FF9                     PC              equ	4089	;# 
  4262   000FF9                     PCL             equ	4089	;# 
  4263   000FFA                     PCLATH          equ	4090	;# 
  4264   000FFB                     PCLATU          equ	4091	;# 
  4265   000FFC                     STKPTR          equ	4092	;# 
  4266   000FFD                     TOS             equ	4093	;# 
  4267   000FFD                     TOSL            equ	4093	;# 
  4268   000FFE                     TOSH            equ	4094	;# 
  4269   000FFF                     TOSU            equ	4095	;# 
  4270                           
  4271                           	psect	idataCOMRAM
  4272   003000                     __pidataCOMRAM:
  4273                           	callstack 0
  4274                           
  4275                           ;initializer for read_switches@once
  4276   003000  01                 	db	1
  4277                           
  4278                           	psect	idataBANK0
  4279   001340                     __pidataBANK0:
  4280                           	callstack 0
  4281                           
  4282                           ;initializer for _arr
  4283   001340  EF                 	db	low STR_1
  4284   001341  2F                 	db	high STR_1
  4285   001342  F2                 	db	low STR_2
  4286   001343  2F                 	db	high STR_2
  4287   001344  EC                 	db	low STR_3
  4288   001345  2F                 	db	high STR_3
  4289   001346  E0                 	db	low STR_4
  4290   001347  2F                 	db	high STR_4
  4291   001348  E3                 	db	low STR_5
  4292   001349  2F                 	db	high STR_5
  4293   00134A  E6                 	db	low STR_6
  4294   00134B  2F                 	db	high STR_6
  4295   00134C  E9                 	db	low STR_7
  4296   00134D  2F                 	db	high STR_7
  4297   00134E  F5                 	db	low STR_8
  4298   00134F  2F                 	db	high STR_8
  4299                           
  4300                           ;initializer for _once@main$F618
  4301   001350  0001               	dw	1
  4302                           
  4303                           ;initializer for _once@main$F574
  4304   001352  0001               	dw	1
  4305                           
  4306                           ;initializer for _once@main$F528
  4307   001354  0001               	dw	1
  4308                           
  4309                           ;initializer for _once@main$F463
  4310   001356  0001               	dw	1
  4311                           
  4312                           ;initializer for _once@main$F325
  4313   001358  0001               	dw	1
  4314                           
  4315                           ;initializer for _once
  4316   00135A  0001               	dw	1
  4317                           
  4318                           ;initializer for _menu
  4319   00135C  56                 	db	86
  4320   00135D  49                 	db	73
  4321   00135E  45                 	db	69
  4322   00135F  57                 	db	87
  4323   001360  5F                 	db	95
  4324   001361  4C                 	db	76
  4325   001362  4F                 	db	79
  4326   001363  47                 	db	71
  4327   001364  00                 	db	0
  4328   001365  00                 	db	0
  4329   001366  00                 	db	0
  4330   001367  00                 	db	0
  4331   001368  00                 	db	0
  4332   001369  00                 	db	0
  4333   00136A  00                 	db	0
  4334   00136B  00                 	db	0
  4335   00136C  00                 	db	0
  4336   00136D  43                 	db	67
  4337   00136E  4C                 	db	76
  4338   00136F  45                 	db	69
  4339   001370  41                 	db	65
  4340   001371  52                 	db	82
  4341   001372  5F                 	db	95
  4342   001373  4C                 	db	76
  4343   001374  4F                 	db	79
  4344   001375  47                 	db	71
  4345   001376  00                 	db	0
  4346   001377  00                 	db	0
  4347   001378  00                 	db	0
  4348   001379  00                 	db	0
  4349   00137A  00                 	db	0
  4350   00137B  00                 	db	0
  4351   00137C  00                 	db	0
  4352   00137D  00                 	db	0
  4353   00137E  44                 	db	68
  4354   00137F  4F                 	db	79
  4355   001380  57                 	db	87
  4356   001381  4E                 	db	78
  4357   001382  5F                 	db	95
  4358   001383  4C                 	db	76
  4359   001384  4F                 	db	79
  4360   001385  47                 	db	71
  4361   001386  00                 	db	0
  4362   001387  00                 	db	0
  4363   001388  00                 	db	0
  4364   001389  00                 	db	0
  4365   00138A  00                 	db	0
  4366   00138B  00                 	db	0
  4367   00138C  00                 	db	0
  4368   00138D  00                 	db	0
  4369   00138E  00                 	db	0
  4370   00138F  53                 	db	83
  4371   001390  45                 	db	69
  4372   001391  54                 	db	84
  4373   001392  5F                 	db	95
  4374   001393  54                 	db	84
  4375   001394  49                 	db	73
  4376   001395  4D                 	db	77
  4377   001396  45                 	db	69
  4378   001397  00                 	db	0
  4379   001398  00                 	db	0
  4380   001399  00                 	db	0
  4381   00139A  00                 	db	0
  4382   00139B  00                 	db	0
  4383   00139C  00                 	db	0
  4384   00139D  00                 	db	0
  4385   00139E  00                 	db	0
  4386   00139F  00                 	db	0
  4387   000FAE                     _RCREG          set	4014
  4388   000FAD                     _TXREG          set	4013
  4389   000FAF                     _SPBRG          set	4015
  4390   000FC9                     _SSPBUF         set	4041
  4391   000FC8                     _SSPADD         set	4040
  4392   000FC6                     _SSPCON1        set	4038
  4393   000FC2                     _ADCON0         set	4034
  4394   000FC3                     _ADRESL         set	4035
  4395   000FC4                     _ADRESH         set	4036
  4396   000F81                     _PORTBbits      set	3969
  4397   000F81                     _PORTB          set	3969
  4398   000F93                     _TRISB          set	3987
  4399   000FC1                     _ADCON1         set	4033
  4400   000F94                     _TRISC          set	3988
  4401   000F95                     _TRISD          set	3989
  4402   000F83                     _PORTD          set	3971
  4403   007CF5                     _RCIF           set	31989
  4404   007CF4                     _TXIF           set	31988
  4405   007DC3                     _BRG16          set	32195
  4406   007D5C                     _CREN           set	32092
  4407   007D5E                     _RX9            set	32094
  4408   007D5F                     _SPEN           set	32095
  4409   007D62                     _BRGH           set	32098
  4410   007D63                     _SENDB          set	32099
  4411   007D64                     _SYNC           set	32100
  4412   007D65                     _TXEN           set	32101
  4413   007D66                     _TX9            set	32102
  4414   007CA6                     _TRISC6         set	31910
  4415   007CA7                     _TRISC7         set	31911
  4416   007E2C                     _ACKEN          set	32300
  4417   007E2D                     _ACKDT          set	32301
  4418   007E2B                     _RCEN           set	32299
  4419   007E29                     _RSEN           set	32297
  4420   007E2A                     _PEN            set	32298
  4421   007E28                     _SEN            set	32296
  4422   007E2E                     _ACKSTAT        set	32302
  4423   007D0B                     _BCLIF          set	32011
  4424   007CF3                     _SSPIF          set	31987
  4425   007E3F                     _SMP            set	32319
  4426   007E3E                     _CKE            set	32318
  4427   007CA4                     _TRISC4         set	31908
  4428   007CA3                     _TRISC3         set	31907
  4429   007E11                     _GO             set	32273
  4430   007E10                     _ADON           set	32272
  4431   007E0C                     _VCFG0          set	32268
  4432   007E0D                     _VCFG1          set	32269
  4433   007E11                     _GODONE         set	32273
  4434   007E02                     _ADCS2          set	32258
  4435   007E01                     _ADCS1          set	32257
  4436   007E00                     _ADCS0          set	32256
  4437   007E03                     _ACQT0          set	32259
  4438   007E04                     _ACQT1          set	32260
  4439   007E05                     _ACQT2          set	32261
  4440   007E07                     _ADFM           set	32263
  4441   007F8F                     _RBPU           set	32655
  4442   007C1F                     _RD7            set	31775
  4443   007C10                     _RC0            set	31760
  4444   007CAF                     _TRISD7         set	31919
  4445   007C12                     _RC2            set	31762
  4446   007C11                     _RC1            set	31761
  4447                           
  4448                           	psect	mediumconst
  4449   002EFE                     __pmediumconst:
  4450                           	callstack 0
  4451   002EFE  00                 	db	0
  4452   002EFF                     STR_31:
  4453   002EFF  44                 	db	68	;'D'
  4454   002F00  4F                 	db	79	;'O'
  4455   002F01  57                 	db	87	;'W'
  4456   002F02  4E                 	db	78	;'N'
  4457   002F03  4C                 	db	76	;'L'
  4458   002F04  4F                 	db	79	;'O'
  4459   002F05  41                 	db	65	;'A'
  4460   002F06  44                 	db	68	;'D'
  4461   002F07  45                 	db	69	;'E'
  4462   002F08  44                 	db	68	;'D'
  4463   002F09  20                 	db	32
  4464   002F0A  53                 	db	83	;'S'
  4465   002F0B  55                 	db	85	;'U'
  4466   002F0C  43                 	db	67	;'C'
  4467   002F0D  43                 	db	67	;'C'
  4468   002F0E  45                 	db	69	;'E'
  4469   002F0F  53                 	db	83	;'S'
  4470   002F10  53                 	db	83	;'S'
  4471   002F11  46                 	db	70	;'F'
  4472   002F12  55                 	db	85	;'U'
  4473   002F13  4C                 	db	76	;'L'
  4474   002F14  4C                 	db	76	;'L'
  4475   002F15  59                 	db	89	;'Y'
  4476   002F16  2E                 	db	46
  4477   002F17  2E                 	db	46
  4478   002F18  2E                 	db	46
  4479   002F19  0A                 	db	10
  4480   002F1A  0D                 	db	13
  4481   002F1B  00                 	db	0
  4482   002F1C                     STR_24:
  4483   002F1C  20                 	db	32
  4484   002F1D  20                 	db	32
  4485   002F1E  20                 	db	32
  4486   002F1F  20                 	db	32
  4487   002F20  43                 	db	67	;'C'
  4488   002F21  4C                 	db	76	;'L'
  4489   002F22  45                 	db	69	;'E'
  4490   002F23  41                 	db	65	;'A'
  4491   002F24  4E                 	db	78	;'N'
  4492   002F25  20                 	db	32
  4493   002F26  20                 	db	32
  4494   002F27  20                 	db	32
  4495   002F28  20                 	db	32
  4496   002F29  20                 	db	32
  4497   002F2A  20                 	db	32
  4498   002F2B  20                 	db	32
  4499   002F2C  00                 	db	0
  4500   002F2D                     STR_32:
  4501   002F2D  20                 	db	32
  4502   002F2E  20                 	db	32
  4503   002F2F  20                 	db	32
  4504   002F30  44                 	db	68	;'D'
  4505   002F31  4F                 	db	79	;'O'
  4506   002F32  57                 	db	87	;'W'
  4507   002F33  4E                 	db	78	;'N'
  4508   002F34  4C                 	db	76	;'L'
  4509   002F35  4F                 	db	79	;'O'
  4510   002F36  41                 	db	65	;'A'
  4511   002F37  44                 	db	68	;'D'
  4512   002F38  45                 	db	69	;'E'
  4513   002F39  44                 	db	68	;'D'
  4514   002F3A  20                 	db	32
  4515   002F3B  20                 	db	32
  4516   002F3C  20                 	db	32
  4517   002F3D  00                 	db	0
  4518   002F3E                     STR_33:
  4519   002F3E  20                 	db	32
  4520   002F3F  20                 	db	32
  4521   002F40  53                 	db	83	;'S'
  4522   002F41  55                 	db	85	;'U'
  4523   002F42  43                 	db	67	;'C'
  4524   002F43  43                 	db	67	;'C'
  4525   002F44  45                 	db	69	;'E'
  4526   002F45  53                 	db	83	;'S'
  4527   002F46  53                 	db	83	;'S'
  4528   002F47  46                 	db	70	;'F'
  4529   002F48  55                 	db	85	;'U'
  4530   002F49  4C                 	db	76	;'L'
  4531   002F4A  4C                 	db	76	;'L'
  4532   002F4B  59                 	db	89	;'Y'
  4533   002F4C  20                 	db	32
  4534   002F4D  20                 	db	32
  4535   002F4E  00                 	db	0
  4536   002F4F                     STR_25:
  4537   002F4F  20                 	db	32
  4538   002F50  20                 	db	32
  4539   002F51  20                 	db	32
  4540   002F52  53                 	db	83	;'S'
  4541   002F53  55                 	db	85	;'U'
  4542   002F54  43                 	db	67	;'C'
  4543   002F55  43                 	db	67	;'C'
  4544   002F56  45                 	db	69	;'E'
  4545   002F57  53                 	db	83	;'S'
  4546   002F58  53                 	db	83	;'S'
  4547   002F59  46                 	db	70	;'F'
  4548   002F5A  55                 	db	85	;'U'
  4549   002F5B  4C                 	db	76	;'L'
  4550   002F5C  4C                 	db	76	;'L'
  4551   002F5D  59                 	db	89	;'Y'
  4552   002F5E  20                 	db	32
  4553   002F5F  00                 	db	0
  4554   002F60                     STR_22:
  4555   002F60  4E                 	db	78	;'N'
  4556   002F61  4F                 	db	79	;'O'
  4557   002F62  20                 	db	32
  4558   002F63  45                 	db	69	;'E'
  4559   002F64  56                 	db	86	;'V'
  4560   002F65  45                 	db	69	;'E'
  4561   002F66  4E                 	db	78	;'N'
  4562   002F67  54                 	db	84	;'T'
  4563   002F68  20                 	db	32
  4564   002F69  46                 	db	70	;'F'
  4565   002F6A  4F                 	db	79	;'O'
  4566   002F6B  55                 	db	85	;'U'
  4567   002F6C  4E                 	db	78	;'N'
  4568   002F6D  44                 	db	68	;'D'
  4569   002F6E  20                 	db	32
  4570   002F6F  21                 	db	33
  4571   002F70  00                 	db	0
  4572   002F71                     STR_17:
  4573   002F71  54                 	db	84	;'T'
  4574   002F72  49                 	db	73	;'I'
  4575   002F73  4D                 	db	77	;'M'
  4576   002F74  45                 	db	69	;'E'
  4577   002F75  20                 	db	32
  4578   002F76  20                 	db	32
  4579   002F77  20                 	db	32
  4580   002F78  20                 	db	32
  4581   002F79  20                 	db	32
  4582   002F7A  20                 	db	32
  4583   002F7B  45                 	db	69	;'E'
  4584   002F7C  56                 	db	86	;'V'
  4585   002F7D  20                 	db	32
  4586   002F7E  20                 	db	32
  4587   002F7F  53                 	db	83	;'S'
  4588   002F80  50                 	db	80	;'P'
  4589   002F81  00                 	db	0
  4590   002F82                     STR_26:
  4591   002F82  23                 	db	35
  4592   002F83  20                 	db	32
  4593   002F84  54                 	db	84	;'T'
  4594   002F85  49                 	db	73	;'I'
  4595   002F86  4D                 	db	77	;'M'
  4596   002F87  45                 	db	69	;'E'
  4597   002F88  20                 	db	32
  4598   002F89  20                 	db	32
  4599   002F8A  20                 	db	32
  4600   002F8B  20                 	db	32
  4601   002F8C  45                 	db	69	;'E'
  4602   002F8D  56                 	db	86	;'V'
  4603   002F8E  20                 	db	32
  4604   002F8F  20                 	db	32
  4605   002F90  53                 	db	83	;'S'
  4606   002F91  50                 	db	80	;'P'
  4607   002F92  00                 	db	0
  4608   002F93                     STR_23:
  4609   002F93  23                 	db	35
  4610   002F94  20                 	db	32
  4611   002F95  20                 	db	32
  4612   002F96  54                 	db	84	;'T'
  4613   002F97  49                 	db	73	;'I'
  4614   002F98  4D                 	db	77	;'M'
  4615   002F99  45                 	db	69	;'E'
  4616   002F9A  20                 	db	32
  4617   002F9B  20                 	db	32
  4618   002F9C  20                 	db	32
  4619   002F9D  20                 	db	32
  4620   002F9E  45                 	db	69	;'E'
  4621   002F9F  56                 	db	86	;'V'
  4622   002FA0  20                 	db	32
  4623   002FA1  53                 	db	83	;'S'
  4624   002FA2  50                 	db	80	;'P'
  4625   002FA3  00                 	db	0
  4626   002FA4                     STR_40:
  4627   002FA4  54                 	db	84	;'T'
  4628   002FA5  49                 	db	73	;'I'
  4629   002FA6  4D                 	db	77	;'M'
  4630   002FA7  45                 	db	69	;'E'
  4631   002FA8  20                 	db	32
  4632   002FA9  4E                 	db	78	;'N'
  4633   002FAA  4F                 	db	79	;'O'
  4634   002FAB  54                 	db	84	;'T'
  4635   002FAC  20                 	db	32
  4636   002FAD  53                 	db	83	;'S'
  4637   002FAE  41                 	db	65	;'A'
  4638   002FAF  56                 	db	86	;'V'
  4639   002FB0  45                 	db	69	;'E'
  4640   002FB1  44                 	db	68	;'D'
  4641   002FB2  00                 	db	0
  4642   002FB3                     STR_39:
  4643   002FB3  53                 	db	83	;'S'
  4644   002FB4  55                 	db	85	;'U'
  4645   002FB5  43                 	db	67	;'C'
  4646   002FB6  43                 	db	67	;'C'
  4647   002FB7  45                 	db	69	;'E'
  4648   002FB8  53                 	db	83	;'S'
  4649   002FB9  53                 	db	83	;'S'
  4650   002FBA  46                 	db	70	;'F'
  4651   002FBB  55                 	db	85	;'U'
  4652   002FBC  4C                 	db	76	;'L'
  4653   002FBD  4C                 	db	76	;'L'
  4654   002FBE  59                 	db	89	;'Y'
  4655   002FBF  00                 	db	0
  4656   002FC0                     STR_28:
  4657   002FC0  6E                 	db	110	;'n'
  4658   002FC1  6F                 	db	111	;'o'
  4659   002FC2  20                 	db	32
  4660   002FC3  65                 	db	101	;'e'
  4661   002FC4  76                 	db	118	;'v'
  4662   002FC5  65                 	db	101	;'e'
  4663   002FC6  6E                 	db	110	;'n'
  4664   002FC7  74                 	db	116	;'t'
  4665   002FC8  73                 	db	115	;'s'
  4666   002FC9  0A                 	db	10
  4667   002FCA  0D                 	db	13
  4668   002FCB  00                 	db	0
  4669   002FCC                     STR_38:
  4670   002FCC  54                 	db	84	;'T'
  4671   002FCD  49                 	db	73	;'I'
  4672   002FCE  4D                 	db	77	;'M'
  4673   002FCF  45                 	db	69	;'E'
  4674   002FD0  20                 	db	32
  4675   002FD1  53                 	db	83	;'S'
  4676   002FD2  41                 	db	65	;'A'
  4677   002FD3  56                 	db	86	;'V'
  4678   002FD4  45                 	db	69	;'E'
  4679   002FD5  44                 	db	68	;'D'
  4680   002FD6  00                 	db	0
  4681   002FD7                     STR_34:
  4682   002FD7  48                 	db	72	;'H'
  4683   002FD8  48                 	db	72	;'H'
  4684   002FD9  3A                 	db	58	;':'
  4685   002FDA  4D                 	db	77	;'M'
  4686   002FDB  4D                 	db	77	;'M'
  4687   002FDC  3A                 	db	58	;':'
  4688   002FDD  53                 	db	83	;'S'
  4689   002FDE  53                 	db	83	;'S'
  4690   002FDF  00                 	db	0
  4691   002FE0                     STR_4:
  4692   002FE0  47                 	db	71	;'G'
  4693   002FE1  31                 	db	49	;'1'
  4694   002FE2  00                 	db	0
  4695   002FE3                     STR_5:
  4696   002FE3  47                 	db	71	;'G'
  4697   002FE4  32                 	db	50	;'2'
  4698   002FE5  00                 	db	0
  4699   002FE6                     STR_6:
  4700   002FE6  47                 	db	71	;'G'
  4701   002FE7  33                 	db	51	;'3'
  4702   002FE8  00                 	db	0
  4703   002FE9                     STR_7:
  4704   002FE9  47                 	db	71	;'G'
  4705   002FEA  34                 	db	52	;'4'
  4706   002FEB  00                 	db	0
  4707   002FEC                     STR_3:
  4708   002FEC  47                 	db	71	;'G'
  4709   002FED  4E                 	db	78	;'N'
  4710   002FEE  00                 	db	0
  4711   002FEF                     STR_1:
  4712   002FEF  4F                 	db	79	;'O'
  4713   002FF0  4E                 	db	78	;'N'
  4714   002FF1  00                 	db	0
  4715   002FF2                     STR_2:
  4716   002FF2  47                 	db	71	;'G'
  4717   002FF3  52                 	db	82	;'R'
  4718   002FF4  00                 	db	0
  4719   002FF5                     STR_8:
  4720   002FF5  43                 	db	67	;'C'
  4721   002FF6  5F                 	db	95	;'_'
  4722   002FF7  00                 	db	0
  4723   002FF8                     STR_18:
  4724   002FF8  2A                 	db	42
  4725   002FF9  00                 	db	0
  4726   002FF5                     STR_16          equ	STR_8
  4727   002FF5                     STR_49          equ	STR_8
  4728   002FF5                     STR_57          equ	STR_8
  4729   002FF5                     STR_65          equ	STR_8
  4730   002FF5                     STR_73          equ	STR_8
  4731   002FB3                     STR_41          equ	STR_39
  4732   002FF2                     STR_10          equ	STR_2
  4733   002FF2                     STR_43          equ	STR_2
  4734   002FF2                     STR_51          equ	STR_2
  4735   002FF2                     STR_59          equ	STR_2
  4736   002FF2                     STR_67          equ	STR_2
  4737   002FEF                     STR_9           equ	STR_1
  4738   002FEF                     STR_42          equ	STR_1
  4739   002FEF                     STR_50          equ	STR_1
  4740   002FEF                     STR_58          equ	STR_1
  4741   002FEF                     STR_66          equ	STR_1
  4742   002FEC                     STR_11          equ	STR_3
  4743   002FEC                     STR_44          equ	STR_3
  4744   002FEC                     STR_52          equ	STR_3
  4745   002FEC                     STR_60          equ	STR_3
  4746   002FEC                     STR_68          equ	STR_3
  4747   002FE9                     STR_15          equ	STR_7
  4748   002FE9                     STR_48          equ	STR_7
  4749   002FE9                     STR_56          equ	STR_7
  4750   002FE9                     STR_64          equ	STR_7
  4751   002FE9                     STR_72          equ	STR_7
  4752   002FE6                     STR_14          equ	STR_6
  4753   002FE6                     STR_47          equ	STR_6
  4754   002FE6                     STR_55          equ	STR_6
  4755   002FE6                     STR_63          equ	STR_6
  4756   002FE6                     STR_71          equ	STR_6
  4757   002FE3                     STR_13          equ	STR_5
  4758   002FE3                     STR_46          equ	STR_5
  4759   002FE3                     STR_54          equ	STR_5
  4760   002FE3                     STR_62          equ	STR_5
  4761   002FE3                     STR_70          equ	STR_5
  4762   002FE0                     STR_12          equ	STR_4
  4763   002FE0                     STR_45          equ	STR_4
  4764   002FE0                     STR_53          equ	STR_4
  4765   002FE0                     STR_61          equ	STR_4
  4766   002FE0                     STR_69          equ	STR_4
  4767   002FF8                     STR_21          equ	STR_18
  4768   002F2A                     STR_35          equ	STR_24+14
  4769   002F2A                     STR_36          equ	STR_24+14
  4770   002F2A                     STR_37          equ	STR_24+14
  4771   002F2B                     STR_19          equ	STR_24+15
  4772   002F2B                     STR_20          equ	STR_24+15
  4773   002F19                     STR_27          equ	STR_31+26
  4774   002F19                     STR_29          equ	STR_31+26
  4775   002F19                     STR_30          equ	STR_31+26
  4776   002FFA  00                 	db	0	; dummy byte at the end
  4777   002EFE                     __smallconst    set	__pmediumconst
  4778   002EFE                     __mediumconst   set	__pmediumconst
  4779   000002                     __activetblptr  equ	2
  4780                           
  4781                           ; #config settings
  4782                           
  4783                           	psect	cinit
  4784   00140C                     __pcinit:
  4785                           	callstack 0
  4786   00140C                     start_initialization:
  4787                           	callstack 0
  4788   00140C                     __initialization:
  4789                           	callstack 0
  4790                           
  4791                           ; Initialize objects allocated to BANK0 (96 bytes)
  4792                           ; load TBLPTR registers with __pidataBANK0
  4793   00140C  0E40               	movlw	low __pidataBANK0
  4794   00140E  6EF6               	movwf	tblptrl,c
  4795   001410  0E13               	movlw	high __pidataBANK0
  4796   001412  6EF7               	movwf	tblptrh,c
  4797   001414  0E00               	movlw	low (__pidataBANK0 shr (0+16))
  4798   001416  6EF8               	movwf	tblptru,c
  4799   001418  EE00  F060         	lfsr	0,__pdataBANK0
  4800   00141C  EE10 F060          	lfsr	1,96
  4801   001420                     copy_data0:
  4802   001420  0009               	tblrd		*+
  4803   001422  CFF5 FFEE          	movff	tablat,postinc0
  4804   001426  50E5               	movf	postdec1,w,c
  4805   001428  50E1               	movf	fsr1l,w,c
  4806   00142A  E1FA               	bnz	copy_data0
  4807                           
  4808                           ; Initialize objects allocated to COMRAM (1 bytes)
  4809                           ; load TBLPTR registers with __pidataCOMRAM
  4810   00142C  0E00               	movlw	low __pidataCOMRAM
  4811   00142E  6EF6               	movwf	tblptrl,c
  4812   001430  0E30               	movlw	high __pidataCOMRAM
  4813   001432  6EF7               	movwf	tblptrh,c
  4814   001434  0E00               	movlw	low (__pidataCOMRAM shr (0+16))
  4815   001436  6EF8               	movwf	tblptru,c
  4816   001438  0009               	tblrd		*+	;fetch initializer
  4817   00143A  CFF5 F05E          	movff	tablat,__pdataCOMRAM
  4818                           
  4819                           ; Clear objects allocated to BANK2 (100 bytes)
  4820   00143E  EE02  F000         	lfsr	0,__pbssBANK2
  4821   001442  0E64               	movlw	100
  4822   001444                     clear_0:
  4823   001444  6AEE               	clrf	postinc0,c
  4824   001446  06E8               	decf	wreg,f,c
  4825   001448  E1FD               	bnz	clear_0
  4826                           
  4827                           ; Clear objects allocated to BANK1 (170 bytes)
  4828   00144A  EE01  F000         	lfsr	0,__pbssBANK1
  4829   00144E  0EAA               	movlw	170
  4830   001450                     clear_1:
  4831   001450  6AEE               	clrf	postinc0,c
  4832   001452  06E8               	decf	wreg,f,c
  4833   001454  E1FD               	bnz	clear_1
  4834                           
  4835                           ; Clear objects allocated to BANK0 (42 bytes)
  4836   001456  EE00  F0C0         	lfsr	0,__pbssBANK0
  4837   00145A  0E2A               	movlw	42
  4838   00145C                     clear_2:
  4839   00145C  6AEE               	clrf	postinc0,c
  4840   00145E  06E8               	decf	wreg,f,c
  4841   001460  E1FD               	bnz	clear_2
  4842                           
  4843                           ; Clear objects allocated to COMRAM (42 bytes)
  4844   001462  EE00  F034         	lfsr	0,__pbssCOMRAM
  4845   001466  0E2A               	movlw	42
  4846   001468                     clear_3:
  4847   001468  6AEE               	clrf	postinc0,c
  4848   00146A  06E8               	decf	wreg,f,c
  4849   00146C  E1FD               	bnz	clear_3
  4850   00146E                     end_of_initialization:
  4851                           	callstack 0
  4852   00146E                     __end_of__initialization:
  4853                           	callstack 0
  4854   00146E  0E00               	movlw	low (__Lmediumconst shr (0+16))
  4855   001470  6EF8               	movwf	tblptru,c
  4856   001472  0100               	movlb	0
  4857   001474  EF28  F00C         	goto	_main	;jump to C main() function
  4858                           
  4859                           	psect	bssCOMRAM
  4860   000034                     __pbssCOMRAM:
  4861                           	callstack 0
  4862   000034                     _clock_reg:
  4863                           	callstack 0
  4864   000034                     	ds	3
  4865   000037                     _data_index@main$F324:
  4866                           	callstack 0
  4867   000037                     	ds	2
  4868   000039                     _a:
  4869                           	callstack 0
  4870   000039                     	ds	2
  4871   00003B                     _delay:
  4872                           	callstack 0
  4873   00003B                     	ds	2
  4874   00003D                     _field:
  4875                           	callstack 0
  4876   00003D                     	ds	2
  4877   00003F                     _blink:
  4878                           	callstack 0
  4879   00003F                     	ds	2
  4880   000041                     _event_count:
  4881                           	callstack 0
  4882   000041                     	ds	2
  4883   000043                     _event_number:
  4884                           	callstack 0
  4885   000043                     	ds	2
  4886   000045                     _scroll:
  4887                           	callstack 0
  4888   000045                     	ds	2
  4889   000047                     _j:
  4890                           	callstack 0
  4891   000047                     	ds	2
  4892   000049                     _k:
  4893                           	callstack 0
  4894   000049                     	ds	2
  4895   00004B                     _i:
  4896                           	callstack 0
  4897   00004B                     	ds	2
  4898   00004D                     _speed:
  4899                           	callstack 0
  4900   00004D                     	ds	2
  4901   00004F                     _index_val:
  4902                           	callstack 0
  4903   00004F                     	ds	2
  4904   000051                     _adc_reg_val:
  4905                           	callstack 0
  4906   000051                     	ds	2
  4907   000053                     _write_add:
  4908                           	callstack 0
  4909   000053                     	ds	1
  4910   000054                     _state:
  4911                           	callstack 0
  4912   000054                     	ds	1
  4913   000055                     _sec:
  4914                           	callstack 0
  4915   000055                     	ds	1
  4916   000056                     _min:
  4917                           	callstack 0
  4918   000056                     	ds	1
  4919   000057                     _hour:
  4920                           	callstack 0
  4921   000057                     	ds	1
  4922   000058                     _count:
  4923                           	callstack 0
  4924   000058                     	ds	1
  4925   000059                     _key:
  4926                           	callstack 0
  4927   000059                     	ds	1
  4928   00005A                     read_switches@key:
  4929                           	callstack 0
  4930   00005A                     	ds	1
  4931   00005B                     _speed_str:
  4932                           	callstack 0
  4933   00005B                     	ds	3
  4934                           
  4935                           	psect	dataCOMRAM
  4936   00005E                     __pdataCOMRAM:
  4937                           	callstack 0
  4938   00005E                     read_switches@once:
  4939                           	callstack 0
  4940   00005E                     	ds	1
  4941                           
  4942                           	psect	bssBANK0
  4943   0000C0                     __pbssBANK0:
  4944                           	callstack 0
  4945   0000C0                     _array:
  4946                           	callstack 0
  4947   0000C0                     	ds	17
  4948   0000D1                     	ds	2
  4949   0000D3                     	ds	2
  4950   0000D5                     	ds	2
  4951   0000D7                     	ds	2
  4952   0000D9                     _b:
  4953                           	callstack 0
  4954   0000D9                     	ds	2
  4955   0000DB                     _x:
  4956                           	callstack 0
  4957   0000DB                     	ds	2
  4958   0000DD                     	ds	2
  4959   0000DF                     _flag:
  4960                           	callstack 0
  4961   0000DF                     	ds	2
  4962   0000E1                     _time:
  4963                           	callstack 0
  4964   0000E1                     	ds	9
  4965                           
  4966                           	psect	dataBANK0
  4967   000060                     __pdataBANK0:
  4968                           	callstack 0
  4969   000060                     _arr:
  4970                           	callstack 0
  4971   000060                     	ds	16
  4972   000070                     	ds	2
  4973   000072                     	ds	2
  4974   000074                     	ds	2
  4975   000076                     	ds	2
  4976   000078                     	ds	2
  4977   00007A                     	ds	2
  4978   00007C                     _menu:
  4979                           	callstack 0
  4980   00007C                     	ds	68
  4981                           
  4982                           	psect	bssBANK1
  4983   000100                     __pbssBANK1:
  4984                           	callstack 0
  4985   000100                     _data:
  4986                           	callstack 0
  4987   000100                     	ds	170
  4988                           
  4989                           	psect	bssBANK2
  4990   000200                     __pbssBANK2:
  4991                           	callstack 0
  4992   000200                     _stored:
  4993                           	callstack 0
  4994   000200                     	ds	100
  4995                           
  4996                           	psect	cstackCOMRAM
  4997   000001                     __pcstackCOMRAM:
  4998                           	callstack 0
  4999   000001                     ?_read_adc:
  5000                           	callstack 0
  5001   000001                     ?___awdiv:
  5002                           	callstack 0
  5003   000001                     ?___awmod:
  5004                           	callstack 0
  5005   000001                     ?___xxtofl:
  5006                           	callstack 0
  5007   000001                     clcd_write@control_bit:
  5008                           	callstack 0
  5009   000001                     read_switches@detection_type:
  5010                           	callstack 0
  5011   000001                     i2c_write@data:
  5012                           	callstack 0
  5013   000001                     putch@byte:
  5014                           	callstack 0
  5015   000001                     ___awdiv@dividend:
  5016                           	callstack 0
  5017   000001                     ___awmod@dividend:
  5018                           	callstack 0
  5019   000001                     ___xxtofl@val:
  5020                           	callstack 0
  5021   000001                     
  5022                           ; 1 bytes @ 0x0
  5023   000001                     	ds	1
  5024   000002                     clcd_write@byte:
  5025                           	callstack 0
  5026   000002                     read_ds1307@address:
  5027                           	callstack 0
  5028   000002                     read_external_eeprom@address:
  5029                           	callstack 0
  5030   000002                     puts@s:
  5031                           	callstack 0
  5032   000002                     
  5033                           ; 1 bytes @ 0x1
  5034   000002                     	ds	1
  5035   000003                     read_ds1307@data:
  5036                           	callstack 0
  5037   000003                     read_external_eeprom@data:
  5038                           	callstack 0
  5039   000003                     clcd_print@data:
  5040                           	callstack 0
  5041   000003                     ___awdiv@divisor:
  5042                           	callstack 0
  5043   000003                     ___awmod@divisor:
  5044                           	callstack 0
  5045   000003                     ??_read_adc:
  5046                           
  5047                           ; 1 bytes @ 0x2
  5048   000003                     	ds	1
  5049   000004                     write_external_eeprom@data:
  5050                           	callstack 0
  5051   000004                     ??_event_read:
  5052                           
  5053                           ; 1 bytes @ 0x3
  5054   000004                     	ds	1
  5055   000005                     clcd_print@addr:
  5056                           	callstack 0
  5057   000005                     ___awdiv@counter:
  5058                           	callstack 0
  5059   000005                     ___awmod@counter:
  5060                           	callstack 0
  5061   000005                     read_adc@reg_val:
  5062                           	callstack 0
  5063   000005                     write_external_eeprom@k:
  5064                           	callstack 0
  5065   000005                     ??___xxtofl:
  5066                           
  5067                           ; 1 bytes @ 0x4
  5068   000005                     	ds	1
  5069   000006                     ___awdiv@sign:
  5070                           	callstack 0
  5071   000006                     ___awmod@sign:
  5072                           	callstack 0
  5073   000006                     ??_display_main_menu:
  5074   000006                     
  5075                           ; 1 bytes @ 0x5
  5076   000006                     	ds	1
  5077   000007                     read_adc@channel:
  5078                           	callstack 0
  5079   000007                     write_external_eeprom@address:
  5080                           	callstack 0
  5081   000007                     ___awdiv@quotient:
  5082                           	callstack 0
  5083                           
  5084                           ; 2 bytes @ 0x6
  5085   000007                     	ds	1
  5086   000008                     event_read@read_addr:
  5087                           	callstack 0
  5088   000008                     ??_store_event:
  5089                           
  5090                           ; 1 bytes @ 0x7
  5091   000008                     	ds	1
  5092   000009                     clcd_putch@addr:
  5093                           	callstack 0
  5094   000009                     write_ds1307@data:
  5095                           	callstack 0
  5096   000009                     ___xxtofl@sign:
  5097                           	callstack 0
  5098   000009                     int_to_str@num:
  5099                           	callstack 0
  5100   000009                     event_read@i:
  5101                           	callstack 0
  5102                           
  5103                           ; 2 bytes @ 0x8
  5104   000009                     	ds	1
  5105   00000A                     clcd_putch@data:
  5106                           	callstack 0
  5107   00000A                     write_ds1307@address:
  5108                           	callstack 0
  5109   00000A                     ___xxtofl@exp:
  5110                           	callstack 0
  5111   00000A                     store_event@i:
  5112                           	callstack 0
  5113   00000A                     
  5114                           ; 1 bytes @ 0x9
  5115   00000A                     	ds	1
  5116   00000B                     int_to_str@str:
  5117                           	callstack 0
  5118   00000B                     init_ds1307@dummy:
  5119                           	callstack 0
  5120   00000B                     event_read@j:
  5121                           	callstack 0
  5122   00000B                     ___xxtofl@arg:
  5123                           	callstack 0
  5124   00000B                     ??_view_log:
  5125                           
  5126                           ; 1 bytes @ 0xA
  5127   00000B                     	ds	1
  5128   00000C                     event_store@i:
  5129                           	callstack 0
  5130   00000C                     
  5131                           ; 1 bytes @ 0xB
  5132   00000C                     	ds	2
  5133   00000E                     view_log@delay:
  5134                           	callstack 0
  5135   00000E                     ??_clear_log:
  5136   00000E                     ??_download_log:
  5137   00000E                     ??_set_time:
  5138                           
  5139                           ; 1 bytes @ 0xD
  5140   00000E                     	ds	1
  5141   00000F                     ?___fldiv:
  5142                           	callstack 0
  5143   00000F                     ___fldiv@b:
  5144                           	callstack 0
  5145                           
  5146                           ; 4 bytes @ 0xE
  5147   00000F                     	ds	1
  5148   000010                     clear_log@j:
  5149                           	callstack 0
  5150                           
  5151                           ; 2 bytes @ 0xF
  5152   000010                     	ds	1
  5153   000011                     download_log@x:
  5154                           	callstack 0
  5155                           
  5156                           ; 2 bytes @ 0x10
  5157   000011                     	ds	2
  5158   000013                     ___fldiv@a:
  5159                           	callstack 0
  5160                           
  5161                           ; 4 bytes @ 0x12
  5162   000013                     	ds	4
  5163   000017                     ??___fldiv:
  5164                           
  5165                           ; 1 bytes @ 0x16
  5166   000017                     	ds	4
  5167   00001B                     ___fldiv@rem:
  5168                           	callstack 0
  5169                           
  5170                           ; 4 bytes @ 0x1A
  5171   00001B                     	ds	4
  5172   00001F                     ___fldiv@sign:
  5173                           	callstack 0
  5174                           
  5175                           ; 1 bytes @ 0x1E
  5176   00001F                     	ds	1
  5177   000020                     ___fldiv@new_exp:
  5178                           	callstack 0
  5179                           
  5180                           ; 2 bytes @ 0x1F
  5181   000020                     	ds	2
  5182   000022                     ___fldiv@grs:
  5183                           	callstack 0
  5184                           
  5185                           ; 4 bytes @ 0x21
  5186   000022                     	ds	4
  5187   000026                     ___fldiv@bexp:
  5188                           	callstack 0
  5189                           
  5190                           ; 1 bytes @ 0x25
  5191   000026                     	ds	1
  5192   000027                     ___fldiv@aexp:
  5193                           	callstack 0
  5194                           
  5195                           ; 1 bytes @ 0x26
  5196   000027                     	ds	1
  5197   000028                     ?___fltol:
  5198                           	callstack 0
  5199   000028                     ___fltol@f1:
  5200                           	callstack 0
  5201                           
  5202                           ; 4 bytes @ 0x27
  5203   000028                     	ds	4
  5204   00002C                     ??___fltol:
  5205                           
  5206                           ; 1 bytes @ 0x2B
  5207   00002C                     	ds	4
  5208   000030                     ___fltol@sign1:
  5209                           	callstack 0
  5210                           
  5211                           ; 1 bytes @ 0x2F
  5212   000030                     	ds	1
  5213   000031                     ___fltol@exp1:
  5214                           	callstack 0
  5215                           
  5216                           ; 1 bytes @ 0x30
  5217   000031                     	ds	1
  5218   000032                     ??_main:
  5219                           
  5220                           ; 1 bytes @ 0x31
  5221   000032                     	ds	2
  5222                           
  5223 ;;
  5224 ;;Main: autosize = 0, tempsize = 2, incstack = 0, save=0
  5225 ;;
  5226 ;; *************** function _main *****************
  5227 ;; Defined at:
  5228 ;;		line 22 in file "main.c"
  5229 ;; Parameters:    Size  Location     Type
  5230 ;;		None
  5231 ;; Auto vars:     Size  Location     Type
  5232 ;;		None
  5233 ;; Return value:  Size  Location     Type
  5234 ;;                  1    wreg      void 
  5235 ;; Registers used:
  5236 ;;		wreg, fsr1l, fsr1h, fsr2l, fsr2h, status,2, status,0, tblptrl, tblptrh, tblptru, prodl, prodh, cstack
  5237 ;; Tracked objects:
  5238 ;;		On entry : 0/0
  5239 ;;		On exit  : 0/0
  5240 ;;		Unchanged: 0/0
  5241 ;; Data sizes:     COMRAM   BANK0   BANK1   BANK2   BANK3   BANK4   BANK5
  5242 ;;      Params:         0       0       0       0       0       0       0
  5243 ;;      Locals:         0       0       0       0       0       0       0
  5244 ;;      Temps:          2       0       0       0       0       0       0
  5245 ;;      Totals:         2       0       0       0       0       0       0
  5246 ;;Total ram usage:        2 bytes
  5247 ;; Hardware stack levels required when called: 6
  5248 ;; This function calls:
  5249 ;;		_clcd_write
  5250 ;;		_clear_log
  5251 ;;		_display_main_menu
  5252 ;;		_download_log
  5253 ;;		_init_config
  5254 ;;		_read_switches
  5255 ;;		_set_time
  5256 ;;		_view_dashboard
  5257 ;;		_view_log
  5258 ;; This function is called by:
  5259 ;;		Startup code after reset
  5260 ;; This function uses a non-reentrant model
  5261 ;;
  5262                           
  5263                           	psect	text0
  5264   001850                     __ptext0:
  5265                           	callstack 0
  5266   001850                     _main:
  5267                           	callstack 25
  5268   001850                     
  5269                           ;main.c: 23:     init_config();
  5270   001850  EC94  F008         	call	_init_config	;wreg free
  5271   001854                     l180:
  5272                           
  5273                           ;main.c: 32:         key = read_switches(1);
  5274   001854  0E01               	movlw	1
  5275   001856  EC3C  F00A         	call	_read_switches
  5276   00185A  6E59               	movwf	_key^0,c
  5277                           
  5278                           ;main.c: 36:         switch (state) {
  5279   00185C  EF63  F00C         	goto	l3693
  5280   001860                     l3669:
  5281                           
  5282                           ;main.c: 39:                 view_dashboard();
  5283   001860  ECC7  F011         	call	_view_dashboard	;wreg free
  5284                           
  5285                           ;main.c: 41:                 break;
  5286   001864  EF2A  F00C         	goto	l180
  5287   001868                     l3671:
  5288                           
  5289                           ;main.c: 45:                 display_main_menu();
  5290   001868  ECD4  F010         	call	_display_main_menu	;wreg free
  5291                           
  5292                           ;main.c: 52:                 break;
  5293   00186C  EF2A  F00C         	goto	l180
  5294   001870                     l3673:
  5295                           
  5296                           ;main.c: 56:                 view_log();
  5297   001870  ECE3  F00F         	call	_view_log	;wreg free
  5298   001874                     
  5299                           ;main.c: 57:                 if (key == 12) {
  5300   001874  0E0C               	movlw	12
  5301   001876  1859               	xorwf	_key^0,w,c
  5302   001878  A4D8               	btfss	status,2,c
  5303   00187A  EF41  F00C         	goto	u2801
  5304   00187E  EF43  F00C         	goto	u2800
  5305   001882                     u2801:
  5306   001882  EF4C  F00C         	goto	l3681
  5307   001886                     u2800:
  5308   001886                     
  5309                           ;main.c: 58:                     state = e_main_menu;
  5310   001886  0E01               	movlw	1
  5311   001888  6E54               	movwf	_state^0,c
  5312   00188A                     
  5313                           ;main.c: 59:                     clcd_write(0x01, 0);
  5314   00188A  0E00               	movlw	0
  5315   00188C  6E01               	movwf	clcd_write@control_bit^0,c
  5316   00188E  0E01               	movlw	1
  5317   001890  EC77  F008         	call	_clcd_write
  5318                           
  5319                           ;main.c: 60:                 } else if (state == e_main_menu) {
  5320   001894  EF2A  F00C         	goto	l180
  5321   001898                     l3681:
  5322   001898  0454               	decf	_state^0,w,c
  5323   00189A  A4D8               	btfss	status,2,c
  5324   00189C  EF52  F00C         	goto	u2811
  5325   0018A0  EF54  F00C         	goto	u2810
  5326   0018A4                     u2811:
  5327   0018A4  EF88  F00C         	goto	l183
  5328   0018A8                     u2810:
  5329   0018A8                     
  5330                           ;main.c: 61:                     state = e_dashboard;
  5331   0018A8  6A54               	clrf	_state^0,c
  5332   0018AA  EF2A  F00C         	goto	l180
  5333   0018AE                     l3685:
  5334                           
  5335                           ;main.c: 67:                 clear_log();
  5336   0018AE  ECB7  F00A         	call	_clear_log	;wreg free
  5337                           
  5338                           ;main.c: 68:                 break;
  5339   0018B2  EF2A  F00C         	goto	l180
  5340   0018B6                     l3687:
  5341                           
  5342                           ;main.c: 71:                 download_log();
  5343   0018B6  EC93  F00D         	call	_download_log	;wreg free
  5344                           
  5345                           ;main.c: 72:                 break;
  5346   0018BA  EF2A  F00C         	goto	l180
  5347   0018BE                     l3689:
  5348                           
  5349                           ;main.c: 78:                 set_time();
  5350   0018BE  EC84  F014         	call	_set_time	;wreg free
  5351                           
  5352                           ;main.c: 79:                 break;
  5353   0018C2  EF2A  F00C         	goto	l180
  5354   0018C6                     l3693:
  5355   0018C6  5054               	movf	_state^0,w,c
  5356   0018C8  6E32               	movwf	??_main^0,c
  5357   0018CA  6A33               	clrf	(??_main+1)^0,c
  5358                           
  5359                           ; Switch on 2 bytes has been partitioned into a top level switch of size 1, and 1 sub-sw
      +                          itches
  5360                           ; Switch size 1, requested type "simple"
  5361                           ; Number of cases is 1, Range of values is 0 to 0
  5362                           ; switch strategies available:
  5363                           ; Name         Instructions Cycles
  5364                           ; simple_byte            4     3 (average)
  5365                           ;	Chosen strategy is simple_byte
  5366   0018CC  5033               	movf	(??_main+1)^0,w,c
  5367   0018CE  0A00               	xorlw	0	; case 0
  5368   0018D0  B4D8               	btfsc	status,2,c
  5369   0018D2  EF6D  F00C         	goto	l3723
  5370   0018D6  EF2A  F00C         	goto	l180
  5371   0018DA                     l3723:
  5372                           
  5373                           ; Switch size 1, requested type "simple"
  5374                           ; Number of cases is 6, Range of values is 0 to 5
  5375                           ; switch strategies available:
  5376                           ; Name         Instructions Cycles
  5377                           ; simple_byte           19    10 (average)
  5378                           ;	Chosen strategy is simple_byte
  5379   0018DA  5032               	movf	??_main^0,w,c
  5380   0018DC  0A00               	xorlw	0	; case 0
  5381   0018DE  B4D8               	btfsc	status,2,c
  5382   0018E0  EF30  F00C         	goto	l3669
  5383   0018E4  0A01               	xorlw	1	; case 1
  5384   0018E6  B4D8               	btfsc	status,2,c
  5385   0018E8  EF34  F00C         	goto	l3671
  5386   0018EC  0A03               	xorlw	3	; case 2
  5387   0018EE  B4D8               	btfsc	status,2,c
  5388   0018F0  EF38  F00C         	goto	l3673
  5389   0018F4  0A01               	xorlw	1	; case 3
  5390   0018F6  B4D8               	btfsc	status,2,c
  5391   0018F8  EF57  F00C         	goto	l3685
  5392   0018FC  0A07               	xorlw	7	; case 4
  5393   0018FE  B4D8               	btfsc	status,2,c
  5394   001900  EF5B  F00C         	goto	l3687
  5395   001904  0A01               	xorlw	1	; case 5
  5396   001906  B4D8               	btfsc	status,2,c
  5397   001908  EF5F  F00C         	goto	l3689
  5398   00190C  EF2A  F00C         	goto	l180
  5399   001910                     l183:
  5400   001910  EF2A  F00C         	goto	l180
  5401   001914  EFFE  F017         	goto	start
  5402   001918                     __end_of_main:
  5403                           	callstack 0
  5404                           
  5405 ;; *************** function _view_log *****************
  5406 ;; Defined at:
  5407 ;;		line 198 in file "car_black_box.c"
  5408 ;; Parameters:    Size  Location     Type
  5409 ;;		None
  5410 ;; Auto vars:     Size  Location     Type
  5411 ;;  delay           2   13[COMRAM] int 
  5412 ;; Return value:  Size  Location     Type
  5413 ;;                  1    wreg      void 
  5414 ;; Registers used:
  5415 ;;		wreg, fsr1l, fsr1h, status,2, status,0, tblptrl, tblptrh, tblptru, cstack
  5416 ;; Tracked objects:
  5417 ;;		On entry : 0/0
  5418 ;;		On exit  : 0/0
  5419 ;;		Unchanged: 0/0
  5420 ;; Data sizes:     COMRAM   BANK0   BANK1   BANK2   BANK3   BANK4   BANK5
  5421 ;;      Params:         0       0       0       0       0       0       0
  5422 ;;      Locals:         2       0       0       0       0       0       0
  5423 ;;      Temps:          3       0       0       0       0       0       0
  5424 ;;      Totals:         5       0       0       0       0       0       0
  5425 ;;Total ram usage:        5 bytes
  5426 ;; Hardware stack levels used: 1
  5427 ;; Hardware stack levels required when called: 4
  5428 ;; This function calls:
  5429 ;;		_clcd_print
  5430 ;;		_clcd_putch
  5431 ;;		_clcd_write
  5432 ;;		_read_external_eeprom
  5433 ;; This function is called by:
  5434 ;;		_main
  5435 ;; This function uses a non-reentrant model
  5436 ;;
  5437                           
  5438                           	psect	text1
  5439   001FC6                     __ptext1:
  5440                           	callstack 0
  5441   001FC6                     _view_log:
  5442                           	callstack 26
  5443   001FC6                     
  5444                           ;car_black_box.c: 203:     if(event_count < 1){
  5445   001FC6  BE42               	btfsc	(_event_count+1)^0,7,c
  5446   001FC8  EFF0  F00F         	goto	u2550
  5447   001FCC  5042               	movf	(_event_count+1)^0,w,c
  5448   001FCE  E106               	bnz	u2551
  5449   001FD0  0441               	decf	_event_count^0,w,c
  5450   001FD2  B0D8               	btfsc	status,0,c
  5451   001FD4  EFEE  F00F         	goto	u2551
  5452   001FD8  EFF0  F00F         	goto	u2550
  5453   001FDC                     u2551:
  5454   001FDC  EF0F  F010         	goto	l3407
  5455   001FE0                     u2550:
  5456   001FE0                     
  5457                           ;car_black_box.c: 204:         for(int delay = 1000 ; delay--;)
  5458   001FE0  0E03               	movlw	3
  5459   001FE2  6E0F               	movwf	(view_log@delay+1)^0,c
  5460   001FE4  0EE8               	movlw	232
  5461   001FE6  6E0E               	movwf	view_log@delay^0,c
  5462   001FE8  EFFE  F00F         	goto	l3401
  5463   001FEC                     l3399:
  5464                           
  5465                           ;car_black_box.c: 205:         {;car_black_box.c: 206:             clcd_print("NO EVENT 
      +                          FOUND !", (0x80 + (0)));
  5466   001FEC  0E60               	movlw	low STR_22
  5467   001FEE  6E03               	movwf	clcd_print@data^0,c
  5468   001FF0  0E2F               	movlw	high STR_22
  5469   001FF2  6E04               	movwf	(clcd_print@data+1)^0,c
  5470   001FF4  0E80               	movlw	128
  5471   001FF6  6E05               	movwf	clcd_print@addr^0,c
  5472   001FF8  ECD0  F009         	call	_clcd_print	;wreg free
  5473   001FFC                     l3401:
  5474   001FFC  060E               	decf	view_log@delay^0,f,c
  5475   001FFE  A0D8               	btfss	status,0,c
  5476   002000  060F               	decf	(view_log@delay+1)^0,f,c
  5477   002002  280E               	incf	view_log@delay^0,w,c
  5478   002004  E106               	bnz	u2561
  5479   002006  280F               	incf	(view_log@delay+1)^0,w,c
  5480   002008  A4D8               	btfss	status,2,c
  5481   00200A  EF09  F010         	goto	u2561
  5482   00200E  EF0B  F010         	goto	u2560
  5483   002012                     u2561:
  5484   002012  EFF6  F00F         	goto	l3399
  5485   002016                     u2560:
  5486   002016                     
  5487                           ;car_black_box.c: 208:         state = e_main_menu;
  5488   002016  0E01               	movlw	1
  5489   002018  6E54               	movwf	_state^0,c
  5490   00201A  EFD3  F010         	goto	l403
  5491   00201E                     l3407:
  5492                           
  5493                           ;car_black_box.c: 211:     clcd_print("#  TIME    EV SP", (0x80 + (0)));
  5494   00201E  0E93               	movlw	low STR_23
  5495   002020  6E03               	movwf	clcd_print@data^0,c
  5496   002022  0E2F               	movlw	high STR_23
  5497   002024  6E04               	movwf	(clcd_print@data+1)^0,c
  5498   002026  0E80               	movlw	128
  5499   002028  6E05               	movwf	clcd_print@addr^0,c
  5500   00202A  ECD0  F009         	call	_clcd_print	;wreg free
  5501   00202E                     
  5502                           ;car_black_box.c: 217:     clcd_putch(event_number+'0', (0xC0 + (0)));
  5503   00202E  0EC0               	movlw	192
  5504   002030  6E09               	movwf	clcd_putch@addr^0,c
  5505   002032  5043               	movf	_event_number^0,w,c
  5506   002034  0F30               	addlw	48
  5507   002036  ECFA  F007         	call	_clcd_putch
  5508   00203A                     
  5509                           ;car_black_box.c: 218:     clcd_putch(read_external_eeprom(data_index), (0xC0 + (2)));
  5510   00203A  0EC2               	movlw	194
  5511   00203C  6E09               	movwf	clcd_putch@addr^0,c
  5512   00203E  5037               	movf	_data_index@main$F324^0,w,c
  5513   002040  EC33  F008         	call	_read_external_eeprom
  5514   002044  ECFA  F007         	call	_clcd_putch
  5515   002048                     
  5516                           ;car_black_box.c: 219:     clcd_putch(read_external_eeprom(data_index+1), (0xC0 + (3)));
  5517   002048  0EC3               	movlw	195
  5518   00204A  6E09               	movwf	clcd_putch@addr^0,c
  5519   00204C  2837               	incf	_data_index@main$F324^0,w,c
  5520   00204E  EC33  F008         	call	_read_external_eeprom
  5521   002052  ECFA  F007         	call	_clcd_putch
  5522   002056                     
  5523                           ;car_black_box.c: 220:     clcd_putch(':', (0xC0 + (4)));
  5524   002056  0EC4               	movlw	196
  5525   002058  6E09               	movwf	clcd_putch@addr^0,c
  5526   00205A  0E3A               	movlw	58
  5527   00205C  ECFA  F007         	call	_clcd_putch
  5528   002060                     
  5529                           ;car_black_box.c: 221:     clcd_putch(read_external_eeprom(data_index+2), (0xC0 + (5)));
  5530   002060  0EC5               	movlw	197
  5531   002062  6E09               	movwf	clcd_putch@addr^0,c
  5532   002064  5037               	movf	_data_index@main$F324^0,w,c
  5533   002066  0F02               	addlw	2
  5534   002068  EC33  F008         	call	_read_external_eeprom
  5535   00206C  ECFA  F007         	call	_clcd_putch
  5536   002070                     
  5537                           ;car_black_box.c: 222:     clcd_putch(read_external_eeprom(data_index+3), (0xC0 + (6)));
  5538   002070  0EC6               	movlw	198
  5539   002072  6E09               	movwf	clcd_putch@addr^0,c
  5540   002074  5037               	movf	_data_index@main$F324^0,w,c
  5541   002076  0F03               	addlw	3
  5542   002078  EC33  F008         	call	_read_external_eeprom
  5543   00207C  ECFA  F007         	call	_clcd_putch
  5544   002080                     
  5545                           ;car_black_box.c: 223:     clcd_putch(':', (0xC0 + (7)));
  5546   002080  0EC7               	movlw	199
  5547   002082  6E09               	movwf	clcd_putch@addr^0,c
  5548   002084  0E3A               	movlw	58
  5549   002086  ECFA  F007         	call	_clcd_putch
  5550   00208A                     
  5551                           ;car_black_box.c: 224:     clcd_putch(read_external_eeprom(data_index+4), (0xC0 + (8)));
  5552   00208A  0EC8               	movlw	200
  5553   00208C  6E09               	movwf	clcd_putch@addr^0,c
  5554   00208E  5037               	movf	_data_index@main$F324^0,w,c
  5555   002090  0F04               	addlw	4
  5556   002092  EC33  F008         	call	_read_external_eeprom
  5557   002096  ECFA  F007         	call	_clcd_putch
  5558   00209A                     
  5559                           ;car_black_box.c: 225:     clcd_putch(read_external_eeprom(data_index+5), (0xC0 + (9)));
  5560   00209A  0EC9               	movlw	201
  5561   00209C  6E09               	movwf	clcd_putch@addr^0,c
  5562   00209E  5037               	movf	_data_index@main$F324^0,w,c
  5563   0020A0  0F05               	addlw	5
  5564   0020A2  EC33  F008         	call	_read_external_eeprom
  5565   0020A6  ECFA  F007         	call	_clcd_putch
  5566   0020AA                     
  5567                           ;car_black_box.c: 226:     clcd_putch(' ', (0xC0 + (10)));
  5568   0020AA  0ECA               	movlw	202
  5569   0020AC  6E09               	movwf	clcd_putch@addr^0,c
  5570   0020AE  0E20               	movlw	32
  5571   0020B0  ECFA  F007         	call	_clcd_putch
  5572   0020B4                     
  5573                           ;car_black_box.c: 227:     clcd_putch(read_external_eeprom(data_index+6), (0xC0 + (11)))
      +                          ;
  5574   0020B4  0ECB               	movlw	203
  5575   0020B6  6E09               	movwf	clcd_putch@addr^0,c
  5576   0020B8  5037               	movf	_data_index@main$F324^0,w,c
  5577   0020BA  0F06               	addlw	6
  5578   0020BC  EC33  F008         	call	_read_external_eeprom
  5579   0020C0  ECFA  F007         	call	_clcd_putch
  5580   0020C4                     
  5581                           ;car_black_box.c: 228:     clcd_putch(read_external_eeprom(data_index+7), (0xC0 + (12)))
      +                          ;
  5582   0020C4  0ECC               	movlw	204
  5583   0020C6  6E09               	movwf	clcd_putch@addr^0,c
  5584   0020C8  5037               	movf	_data_index@main$F324^0,w,c
  5585   0020CA  0F07               	addlw	7
  5586   0020CC  EC33  F008         	call	_read_external_eeprom
  5587   0020D0  ECFA  F007         	call	_clcd_putch
  5588   0020D4                     
  5589                           ;car_black_box.c: 229:     clcd_putch(' ',(0xC0 + (13)));
  5590   0020D4  0ECD               	movlw	205
  5591   0020D6  6E09               	movwf	clcd_putch@addr^0,c
  5592   0020D8  0E20               	movlw	32
  5593   0020DA  ECFA  F007         	call	_clcd_putch
  5594   0020DE                     
  5595                           ;car_black_box.c: 230:     clcd_putch(read_external_eeprom(data_index+8), (0xC0 + (14)))
      +                          ;
  5596   0020DE  0ECE               	movlw	206
  5597   0020E0  6E09               	movwf	clcd_putch@addr^0,c
  5598   0020E2  5037               	movf	_data_index@main$F324^0,w,c
  5599   0020E4  0F08               	addlw	8
  5600   0020E6  EC33  F008         	call	_read_external_eeprom
  5601   0020EA  ECFA  F007         	call	_clcd_putch
  5602   0020EE                     
  5603                           ;car_black_box.c: 231:     clcd_putch(read_external_eeprom(data_index+9), (0xC0 + (15)))
      +                          ;
  5604   0020EE  0ECF               	movlw	207
  5605   0020F0  6E09               	movwf	clcd_putch@addr^0,c
  5606   0020F2  5037               	movf	_data_index@main$F324^0,w,c
  5607   0020F4  0F09               	addlw	9
  5608   0020F6  EC33  F008         	call	_read_external_eeprom
  5609   0020FA  ECFA  F007         	call	_clcd_putch
  5610   0020FE                     
  5611                           ;car_black_box.c: 241:     if (key == 1 && data_index > 0) {
  5612   0020FE  0459               	decf	_key^0,w,c
  5613   002100  A4D8               	btfss	status,2,c
  5614   002102  EF85  F010         	goto	u2571
  5615   002106  EF87  F010         	goto	u2570
  5616   00210A                     u2571:
  5617   00210A  EF9D  F010         	goto	l3447
  5618   00210E                     u2570:
  5619   00210E  BE38               	btfsc	(_data_index@main$F324+1)^0,7,c
  5620   002110  EF92  F010         	goto	u2581
  5621   002114  5038               	movf	(_data_index@main$F324+1)^0,w,c
  5622   002116  E108               	bnz	u2580
  5623   002118  0437               	decf	_data_index@main$F324^0,w,c
  5624   00211A  A0D8               	btfss	status,0,c
  5625   00211C  EF92  F010         	goto	u2581
  5626   002120  EF94  F010         	goto	u2580
  5627   002124                     u2581:
  5628   002124  EF9D  F010         	goto	l3447
  5629   002128                     u2580:
  5630   002128                     
  5631                           ;car_black_box.c: 242:         data_index -= 10;
  5632   002128  0EF6               	movlw	246
  5633   00212A  2637               	addwf	_data_index@main$F324^0,f,c
  5634   00212C  0EFF               	movlw	255
  5635   00212E  2238               	addwfc	(_data_index@main$F324+1)^0,f,c
  5636   002130                     
  5637                           ;car_black_box.c: 243:         event_number--;
  5638   002130  0643               	decf	_event_number^0,f,c
  5639   002132  A0D8               	btfss	status,0,c
  5640   002134  0644               	decf	(_event_number+1)^0,f,c
  5641                           
  5642                           ;car_black_box.c: 244:     } else if (key == 2 && data_index < write_add-10) {
  5643   002136  EFD3  F010         	goto	l403
  5644   00213A                     l3447:
  5645   00213A  0E02               	movlw	2
  5646   00213C  1859               	xorwf	_key^0,w,c
  5647   00213E  A4D8               	btfss	status,2,c
  5648   002140  EFA4  F010         	goto	u2591
  5649   002144  EFA6  F010         	goto	u2590
  5650   002148                     u2591:
  5651   002148  EFC3  F010         	goto	l3455
  5652   00214C                     u2590:
  5653   00214C  0EF6               	movlw	246
  5654   00214E  2453               	addwf	_write_add^0,w,c
  5655   002150  6E0B               	movwf	??_view_log^0,c
  5656   002152  6A0C               	clrf	(??_view_log+1)^0,c
  5657   002154  0EFF               	movlw	255
  5658   002156  220C               	addwfc	(??_view_log+1)^0,f,c
  5659   002158  500B               	movf	??_view_log^0,w,c
  5660   00215A  5C37               	subwf	_data_index@main$F324^0,w,c
  5661   00215C  5038               	movf	(_data_index@main$F324+1)^0,w,c
  5662   00215E  0A80               	xorlw	128
  5663   002160  6E0D               	movwf	(??_view_log+2)^0,c
  5664   002162  500C               	movf	(??_view_log+1)^0,w,c
  5665   002164  0A80               	xorlw	128
  5666   002166  580D               	subwfb	(??_view_log+2)^0,w,c
  5667   002168  B0D8               	btfsc	status,0,c
  5668   00216A  EFB9  F010         	goto	u2601
  5669   00216E  EFBB  F010         	goto	u2600
  5670   002172                     u2601:
  5671   002172  EFC3  F010         	goto	l3455
  5672   002176                     u2600:
  5673   002176                     
  5674                           ;car_black_box.c: 245:         data_index+=10;
  5675   002176  0E0A               	movlw	10
  5676   002178  2637               	addwf	_data_index@main$F324^0,f,c
  5677   00217A  0E00               	movlw	0
  5678   00217C  2238               	addwfc	(_data_index@main$F324+1)^0,f,c
  5679   00217E                     
  5680                           ;car_black_box.c: 246:         event_number++;
  5681   00217E  4A43               	infsnz	_event_number^0,f,c
  5682   002180  2A44               	incf	(_event_number+1)^0,f,c
  5683                           
  5684                           ;car_black_box.c: 247:     } else if (key == 12) {
  5685   002182  EFD3  F010         	goto	l403
  5686   002186                     l3455:
  5687   002186  0E0C               	movlw	12
  5688   002188  1859               	xorwf	_key^0,w,c
  5689   00218A  A4D8               	btfss	status,2,c
  5690   00218C  EFCA  F010         	goto	u2611
  5691   002190  EFCC  F010         	goto	u2610
  5692   002194                     u2611:
  5693   002194  EFD3  F010         	goto	l403
  5694   002198                     u2610:
  5695   002198                     
  5696                           ;car_black_box.c: 248:         state = e_main_menu;
  5697   002198  0E01               	movlw	1
  5698   00219A  6E54               	movwf	_state^0,c
  5699   00219C                     
  5700                           ;car_black_box.c: 249:         clcd_write(0x01, 0);
  5701   00219C  0E00               	movlw	0
  5702   00219E  6E01               	movwf	clcd_write@control_bit^0,c
  5703   0021A0  0E01               	movlw	1
  5704   0021A2  EC77  F008         	call	_clcd_write
  5705   0021A6                     l403:
  5706   0021A6  0012               	return		;funcret
  5707   0021A8                     __end_of_view_log:
  5708                           	callstack 0
  5709                           
  5710 ;; *************** function _view_dashboard *****************
  5711 ;; Defined at:
  5712 ;;		line 55 in file "car_black_box.c"
  5713 ;; Parameters:    Size  Location     Type
  5714 ;;		None
  5715 ;; Auto vars:     Size  Location     Type
  5716 ;;		None
  5717 ;; Return value:  Size  Location     Type
  5718 ;;                  1    wreg      void 
  5719 ;; Registers used:
  5720 ;;		wreg, fsr1l, fsr1h, fsr2l, fsr2h, status,2, status,0, tblptrl, tblptrh, tblptru, prodl, prodh, cstack
  5721 ;; Tracked objects:
  5722 ;;		On entry : 0/0
  5723 ;;		On exit  : 0/0
  5724 ;;		Unchanged: 0/0
  5725 ;; Data sizes:     COMRAM   BANK0   BANK1   BANK2   BANK3   BANK4   BANK5
  5726 ;;      Params:         0       0       0       0       0       0       0
  5727 ;;      Locals:         0       0       0       0       0       0       0
  5728 ;;      Temps:          0       0       0       0       0       0       0
  5729 ;;      Totals:         0       0       0       0       0       0       0
  5730 ;;Total ram usage:        0 bytes
  5731 ;; Hardware stack levels used: 1
  5732 ;; Hardware stack levels required when called: 5
  5733 ;; This function calls:
  5734 ;;		___fldiv
  5735 ;;		___fltol
  5736 ;;		___xxtofl
  5737 ;;		_clcd_print
  5738 ;;		_clcd_write
  5739 ;;		_event_store
  5740 ;;		_get_time
  5741 ;;		_int_to_str
  5742 ;;		_read_adc
  5743 ;; This function is called by:
  5744 ;;		_main
  5745 ;; This function uses a non-reentrant model
  5746 ;;
  5747                           
  5748                           	psect	text2
  5749   00238E                     __ptext2:
  5750                           	callstack 0
  5751   00238E                     _view_dashboard:
  5752                           	callstack 25
  5753   00238E                     
  5754                           ;car_black_box.c: 58:     clcd_print("TIME      EV  SP", (0x80 + (0)));
  5755   00238E  0E71               	movlw	low STR_17
  5756   002390  6E03               	movwf	clcd_print@data^0,c
  5757   002392  0E2F               	movlw	high STR_17
  5758   002394  6E04               	movwf	(clcd_print@data+1)^0,c
  5759   002396  0E80               	movlw	128
  5760   002398  6E05               	movwf	clcd_print@addr^0,c
  5761   00239A  ECD0  F009         	call	_clcd_print	;wreg free
  5762   00239E                     
  5763                           ;car_black_box.c: 60:     get_time();
  5764   00239E  EC76  F00A         	call	_get_time	;wreg free
  5765   0023A2                     
  5766                           ;car_black_box.c: 61:     adc_reg_val = read_adc(0x04);
  5767   0023A2  0E04               	movlw	4
  5768   0023A4  ECD2  F008         	call	_read_adc
  5769   0023A8  C001  F051         	movff	?_read_adc,_adc_reg_val
  5770   0023AC  C002  F052         	movff	?_read_adc+1,_adc_reg_val+1
  5771   0023B0                     
  5772                           ;car_black_box.c: 62:     speed = (adc_reg_val) / 10.23;
  5773   0023B0  0E14               	movlw	20
  5774   0023B2  6E13               	movwf	___fldiv@a^0,c
  5775   0023B4  0EAE               	movlw	174
  5776   0023B6  6E14               	movwf	(___fldiv@a+1)^0,c
  5777   0023B8  0E23               	movlw	35
  5778   0023BA  6E15               	movwf	(___fldiv@a+2)^0,c
  5779   0023BC  0E41               	movlw	65
  5780   0023BE  6E16               	movwf	(___fldiv@a+3)^0,c
  5781   0023C0  C051  F001         	movff	_adc_reg_val,___xxtofl@val
  5782   0023C4  C052  F002         	movff	_adc_reg_val+1,___xxtofl@val+1
  5783   0023C8  6A03               	clrf	(___xxtofl@val+2)^0,c
  5784   0023CA  6A04               	clrf	(___xxtofl@val+3)^0,c
  5785   0023CC  0E00               	movlw	0
  5786   0023CE  EC2C  F00E         	call	___xxtofl
  5787   0023D2  C001  F00F         	movff	?___xxtofl,___fldiv@b
  5788   0023D6  C002  F010         	movff	?___xxtofl+1,___fldiv@b+1
  5789   0023DA  C003  F011         	movff	?___xxtofl+2,___fldiv@b+2
  5790   0023DE  C004  F012         	movff	?___xxtofl+3,___fldiv@b+3
  5791   0023E2  ECBC  F012         	call	___fldiv	;wreg free
  5792   0023E6  C00F  F028         	movff	?___fldiv,___fltol@f1
  5793   0023EA  C010  F029         	movff	?___fldiv+1,___fltol@f1+1
  5794   0023EE  C011  F02A         	movff	?___fldiv+2,___fltol@f1+2
  5795   0023F2  C012  F02B         	movff	?___fldiv+3,___fltol@f1+3
  5796   0023F6  EC8C  F00C         	call	___fltol	;wreg free
  5797   0023FA  C028  F04D         	movff	?___fltol,_speed
  5798   0023FE  C029  F04E         	movff	?___fltol+1,_speed+1
  5799   002402                     
  5800                           ;car_black_box.c: 63:     if (speed > 99) {
  5801   002402  BE4E               	btfsc	(_speed+1)^0,7,c
  5802   002404  EF0D  F012         	goto	u2321
  5803   002408  504E               	movf	(_speed+1)^0,w,c
  5804   00240A  E109               	bnz	u2320
  5805   00240C  0E64               	movlw	100
  5806   00240E  5C4D               	subwf	_speed^0,w,c
  5807   002410  A0D8               	btfss	status,0,c
  5808   002412  EF0D  F012         	goto	u2321
  5809   002416  EF0F  F012         	goto	u2320
  5810   00241A                     u2321:
  5811   00241A  EF13  F012         	goto	l3291
  5812   00241E                     u2320:
  5813   00241E                     
  5814                           ;car_black_box.c: 64:         speed = 99;
  5815   00241E  0E00               	movlw	0
  5816   002420  6E4E               	movwf	(_speed+1)^0,c
  5817   002422  0E63               	movlw	99
  5818   002424  6E4D               	movwf	_speed^0,c
  5819   002426                     l3291:
  5820                           
  5821                           ;car_black_box.c: 67:     clcd_print(time, (0xC0 + (0)));
  5822   002426  0EE1               	movlw	low _time
  5823   002428  6E03               	movwf	clcd_print@data^0,c
  5824   00242A  6A04               	clrf	(clcd_print@data+1)^0,c
  5825   00242C  0EC0               	movlw	192
  5826   00242E  6E05               	movwf	clcd_print@addr^0,c
  5827   002430  ECD0  F009         	call	_clcd_print	;wreg free
  5828   002434                     
  5829                           ;car_black_box.c: 72:     if (key == 1) {
  5830   002434  0459               	decf	_key^0,w,c
  5831   002436  A4D8               	btfss	status,2,c
  5832   002438  EF20  F012         	goto	u2331
  5833   00243C  EF22  F012         	goto	u2330
  5834   002440                     u2331:
  5835   002440  EF34  F012         	goto	l3301
  5836   002444                     u2330:
  5837   002444                     
  5838                           ;car_black_box.c: 73:         if (index_val != 7) {
  5839   002444  0E07               	movlw	7
  5840   002446  184F               	xorwf	_index_val^0,w,c
  5841   002448  1050               	iorwf	(_index_val+1)^0,w,c
  5842   00244A  B4D8               	btfsc	status,2,c
  5843   00244C  EF2A  F012         	goto	u2341
  5844   002450  EF2C  F012         	goto	u2340
  5845   002454                     u2341:
  5846   002454  EF8E  F012         	goto	l3327
  5847   002458                     u2340:
  5848   002458                     
  5849                           ;car_black_box.c: 74:             index_val = 7;
  5850   002458  0E00               	movlw	0
  5851   00245A  6E50               	movwf	(_index_val+1)^0,c
  5852   00245C  0E07               	movlw	7
  5853   00245E  6E4F               	movwf	_index_val^0,c
  5854   002460                     l3299:
  5855                           
  5856                           ;car_black_box.c: 75:             event_store();
  5857   002460  EC42  F009         	call	_event_store	;wreg free
  5858   002464  EF8E  F012         	goto	l3327
  5859   002468                     l3301:
  5860   002468  0E02               	movlw	2
  5861   00246A  1859               	xorwf	_key^0,w,c
  5862   00246C  A4D8               	btfss	status,2,c
  5863   00246E  EF3B  F012         	goto	u2351
  5864   002472  EF3D  F012         	goto	u2350
  5865   002476                     u2351:
  5866   002476  EF64  F012         	goto	l3315
  5867   00247A                     u2350:
  5868   00247A                     
  5869                           ;car_black_box.c: 78:         if (index_val == 7) {
  5870   00247A  0E07               	movlw	7
  5871   00247C  184F               	xorwf	_index_val^0,w,c
  5872   00247E  1050               	iorwf	(_index_val+1)^0,w,c
  5873   002480  A4D8               	btfss	status,2,c
  5874   002482  EF45  F012         	goto	u2361
  5875   002486  EF47  F012         	goto	u2360
  5876   00248A                     u2361:
  5877   00248A  EF4B  F012         	goto	l3307
  5878   00248E                     u2360:
  5879   00248E                     
  5880                           ;car_black_box.c: 80:             index_val = 0;
  5881   00248E  0E00               	movlw	0
  5882   002490  6E50               	movwf	(_index_val+1)^0,c
  5883   002492  0E00               	movlw	0
  5884   002494  6E4F               	movwf	_index_val^0,c
  5885   002496                     l3307:
  5886                           
  5887                           ;car_black_box.c: 82:         if (index_val >= 0 && index_val < 6) {
  5888   002496  BE50               	btfsc	(_index_val+1)^0,7,c
  5889   002498  EF50  F012         	goto	u2371
  5890   00249C  EF52  F012         	goto	u2370
  5891   0024A0                     u2371:
  5892   0024A0  EF8E  F012         	goto	l3327
  5893   0024A4                     u2370:
  5894   0024A4  BE50               	btfsc	(_index_val+1)^0,7,c
  5895   0024A6  EF60  F012         	goto	u2380
  5896   0024AA  5050               	movf	(_index_val+1)^0,w,c
  5897   0024AC  E107               	bnz	u2381
  5898   0024AE  0E06               	movlw	6
  5899   0024B0  5C4F               	subwf	_index_val^0,w,c
  5900   0024B2  B0D8               	btfsc	status,0,c
  5901   0024B4  EF5E  F012         	goto	u2381
  5902   0024B8  EF60  F012         	goto	u2380
  5903   0024BC                     u2381:
  5904   0024BC  EF8E  F012         	goto	l3327
  5905   0024C0                     u2380:
  5906   0024C0                     
  5907                           ;car_black_box.c: 83:             index_val++;
  5908   0024C0  4A4F               	infsnz	_index_val^0,f,c
  5909   0024C2  2A50               	incf	(_index_val+1)^0,f,c
  5910   0024C4  EF30  F012         	goto	l3299
  5911   0024C8                     l3315:
  5912   0024C8  0E03               	movlw	3
  5913   0024CA  1859               	xorwf	_key^0,w,c
  5914   0024CC  A4D8               	btfss	status,2,c
  5915   0024CE  EF6B  F012         	goto	u2391
  5916   0024D2  EF6D  F012         	goto	u2390
  5917   0024D6                     u2391:
  5918   0024D6  EF8E  F012         	goto	l3327
  5919   0024DA                     u2390:
  5920   0024DA                     
  5921                           ;car_black_box.c: 88:         if (index_val == 7) {
  5922   0024DA  0E07               	movlw	7
  5923   0024DC  184F               	xorwf	_index_val^0,w,c
  5924   0024DE  1050               	iorwf	(_index_val+1)^0,w,c
  5925   0024E0  A4D8               	btfss	status,2,c
  5926   0024E2  EF75  F012         	goto	u2401
  5927   0024E6  EF77  F012         	goto	u2400
  5928   0024EA                     u2401:
  5929   0024EA  EF7B  F012         	goto	l3321
  5930   0024EE                     u2400:
  5931   0024EE                     
  5932                           ;car_black_box.c: 89:             index_val = 2;
  5933   0024EE  0E00               	movlw	0
  5934   0024F0  6E50               	movwf	(_index_val+1)^0,c
  5935   0024F2  0E02               	movlw	2
  5936   0024F4  6E4F               	movwf	_index_val^0,c
  5937   0024F6                     l3321:
  5938                           
  5939                           ;car_black_box.c: 91:         if (index_val > 1)
  5940   0024F6  BE50               	btfsc	(_index_val+1)^0,7,c
  5941   0024F8  EF87  F012         	goto	u2411
  5942   0024FC  5050               	movf	(_index_val+1)^0,w,c
  5943   0024FE  E109               	bnz	u2410
  5944   002500  0E02               	movlw	2
  5945   002502  5C4F               	subwf	_index_val^0,w,c
  5946   002504  A0D8               	btfss	status,0,c
  5947   002506  EF87  F012         	goto	u2411
  5948   00250A  EF89  F012         	goto	u2410
  5949   00250E                     u2411:
  5950   00250E  EF8E  F012         	goto	l3327
  5951   002512                     u2410:
  5952   002512                     
  5953                           ;car_black_box.c: 92:         {;car_black_box.c: 93:             index_val--;
  5954   002512  064F               	decf	_index_val^0,f,c
  5955   002514  A0D8               	btfss	status,0,c
  5956   002516  0650               	decf	(_index_val+1)^0,f,c
  5957   002518  EF30  F012         	goto	l3299
  5958   00251C                     l3327:
  5959                           
  5960                           ;car_black_box.c: 98:     clcd_print(arr[index_val], (0xC0 + (10)));
  5961   00251C  504F               	movf	_index_val^0,w,c
  5962   00251E  0D02               	mullw	2
  5963   002520  50F3               	movf	243,w,c
  5964   002522  0F60               	addlw	low _arr
  5965   002524  6ED9               	movwf	fsr2l,c
  5966   002526  6ADA               	clrf	fsr2h,c
  5967   002528  CFDE F003          	movff	postinc2,clcd_print@data
  5968   00252C  CFDD F004          	movff	postdec2,clcd_print@data+1
  5969   002530  0ECA               	movlw	202
  5970   002532  6E05               	movwf	clcd_print@addr^0,c
  5971   002534  ECD0  F009         	call	_clcd_print	;wreg free
  5972   002538                     
  5973                           ;car_black_box.c: 100:     int_to_str(speed, speed_str);
  5974   002538  C04D  F009         	movff	_speed,int_to_str@num
  5975   00253C  C04E  F00A         	movff	_speed+1,int_to_str@num+1
  5976   002540  0E5B               	movlw	low _speed_str
  5977   002542  6E0B               	movwf	int_to_str@str^0,c
  5978   002544  EC19  F009         	call	_int_to_str	;wreg free
  5979   002548                     
  5980                           ;car_black_box.c: 103:     clcd_print(speed_str, (0xC0 + (14)));
  5981   002548  0E5B               	movlw	low _speed_str
  5982   00254A  6E03               	movwf	clcd_print@data^0,c
  5983   00254C  6A04               	clrf	(clcd_print@data+1)^0,c
  5984   00254E  0ECE               	movlw	206
  5985   002550  6E05               	movwf	clcd_print@addr^0,c
  5986   002552  ECD0  F009         	call	_clcd_print	;wreg free
  5987   002556                     
  5988                           ;car_black_box.c: 105:     if (key == 11) {
  5989   002556  0E0B               	movlw	11
  5990   002558  1859               	xorwf	_key^0,w,c
  5991   00255A  A4D8               	btfss	status,2,c
  5992   00255C  EFB2  F012         	goto	u2421
  5993   002560  EFB4  F012         	goto	u2420
  5994   002564                     u2421:
  5995   002564  EFBB  F012         	goto	l360
  5996   002568                     u2420:
  5997   002568                     
  5998                           ;car_black_box.c: 106:         state = e_main_menu;
  5999   002568  0E01               	movlw	1
  6000   00256A  6E54               	movwf	_state^0,c
  6001   00256C                     
  6002                           ;car_black_box.c: 107:         clcd_write(0x01, 0);
  6003   00256C  0E00               	movlw	0
  6004   00256E  6E01               	movwf	clcd_write@control_bit^0,c
  6005   002570  0E01               	movlw	1
  6006   002572  EC77  F008         	call	_clcd_write
  6007   002576                     l360:
  6008   002576  0012               	return		;funcret
  6009   002578                     __end_of_view_dashboard:
  6010                           	callstack 0
  6011                           
  6012 ;; *************** function _read_adc *****************
  6013 ;; Defined at:
  6014 ;;		line 43 in file "adc.c"
  6015 ;; Parameters:    Size  Location     Type
  6016 ;;  channel         1    wreg     unsigned char 
  6017 ;; Auto vars:     Size  Location     Type
  6018 ;;  channel         1    6[COMRAM] unsigned char 
  6019 ;;  reg_val         2    4[COMRAM] unsigned short 
  6020 ;; Return value:  Size  Location     Type
  6021 ;;                  2    0[COMRAM] unsigned short 
  6022 ;; Registers used:
  6023 ;;		wreg, status,2, status,0
  6024 ;; Tracked objects:
  6025 ;;		On entry : 0/0
  6026 ;;		On exit  : 0/0
  6027 ;;		Unchanged: 0/0
  6028 ;; Data sizes:     COMRAM   BANK0   BANK1   BANK2   BANK3   BANK4   BANK5
  6029 ;;      Params:         2       0       0       0       0       0       0
  6030 ;;      Locals:         3       0       0       0       0       0       0
  6031 ;;      Temps:          2       0       0       0       0       0       0
  6032 ;;      Totals:         7       0       0       0       0       0       0
  6033 ;;Total ram usage:        7 bytes
  6034 ;; Hardware stack levels used: 1
  6035 ;; This function calls:
  6036 ;;		Nothing
  6037 ;; This function is called by:
  6038 ;;		_view_dashboard
  6039 ;; This function uses a non-reentrant model
  6040 ;;
  6041                           
  6042                           	psect	text3
  6043   0011A4                     __ptext3:
  6044                           	callstack 0
  6045   0011A4                     _read_adc:
  6046                           	callstack 29
  6047                           
  6048                           ;incstack = 0
  6049                           ;read_adc@channel stored from wreg
  6050   0011A4  6E07               	movwf	read_adc@channel^0,c
  6051   0011A6                     
  6052                           ;adc.c: 43: unsigned short read_adc(unsigned char channel);adc.c: 44: {;adc.c: 45:  unsi
      +                          gned short reg_val;;adc.c: 48:  ADCON0 = (ADCON0 & 0xC3) | (channel << 2);
  6053   0011A6  C007  F003         	movff	read_adc@channel,??_read_adc
  6054   0011AA  90D8               	bcf	status,0,c
  6055   0011AC  3603               	rlcf	??_read_adc^0,f,c
  6056   0011AE  90D8               	bcf	status,0,c
  6057   0011B0  3603               	rlcf	??_read_adc^0,f,c
  6058   0011B2  50C2               	movf	194,w,c	;volatile
  6059   0011B4  0BC3               	andlw	195
  6060   0011B6  1003               	iorwf	??_read_adc^0,w,c
  6061   0011B8  6EC2               	movwf	194,c	;volatile
  6062   0011BA                     
  6063                           ;adc.c: 51:  GO = 1;
  6064   0011BA  82C2               	bsf	4034,1,c	;volatile
  6065   0011BC                     l230:
  6066   0011BC  B2C2               	btfsc	4034,1,c	;volatile
  6067   0011BE  EFE3  F008         	goto	u1761
  6068   0011C2  EFE5  F008         	goto	u1760
  6069   0011C6                     u1761:
  6070   0011C6  EFDE  F008         	goto	l230
  6071   0011CA                     u1760:
  6072   0011CA                     
  6073                           ;adc.c: 53:  reg_val = (ADRESH << 8) | ADRESL;
  6074   0011CA  50C3               	movf	195,w,c	;volatile
  6075   0011CC  CFC4 F003          	movff	4036,??_read_adc	;volatile
  6076   0011D0  6A04               	clrf	(??_read_adc+1)^0,c
  6077   0011D2  C003  F004         	movff	??_read_adc,??_read_adc+1
  6078   0011D6  6A03               	clrf	??_read_adc^0,c
  6079   0011D8  1003               	iorwf	??_read_adc^0,w,c
  6080   0011DA  6E05               	movwf	read_adc@reg_val^0,c
  6081   0011DC  5004               	movf	(??_read_adc+1)^0,w,c
  6082   0011DE  6E06               	movwf	(read_adc@reg_val+1)^0,c
  6083   0011E0                     
  6084                           ;adc.c: 55:  return reg_val;
  6085   0011E0  C005  F001         	movff	read_adc@reg_val,?_read_adc
  6086   0011E4  C006  F002         	movff	read_adc@reg_val+1,?_read_adc+1
  6087   0011E8  0012               	return		;funcret
  6088   0011EA                     __end_of_read_adc:
  6089                           	callstack 0
  6090                           
  6091 ;; *************** function _int_to_str *****************
  6092 ;; Defined at:
  6093 ;;		line 17 in file "car_black_box.c"
  6094 ;; Parameters:    Size  Location     Type
  6095 ;;  num             2    8[COMRAM] int 
  6096 ;;  str             1   10[COMRAM] PTR unsigned char 
  6097 ;;		 -> speed_str(3), 
  6098 ;; Auto vars:     Size  Location     Type
  6099 ;;		None
  6100 ;; Return value:  Size  Location     Type
  6101 ;;                  1    wreg      void 
  6102 ;; Registers used:
  6103 ;;		wreg, fsr2l, fsr2h, status,2, status,0, cstack
  6104 ;; Tracked objects:
  6105 ;;		On entry : 0/0
  6106 ;;		On exit  : 0/0
  6107 ;;		Unchanged: 0/0
  6108 ;; Data sizes:     COMRAM   BANK0   BANK1   BANK2   BANK3   BANK4   BANK5
  6109 ;;      Params:         3       0       0       0       0       0       0
  6110 ;;      Locals:         0       0       0       0       0       0       0
  6111 ;;      Temps:          0       0       0       0       0       0       0
  6112 ;;      Totals:         3       0       0       0       0       0       0
  6113 ;;Total ram usage:        3 bytes
  6114 ;; Hardware stack levels used: 1
  6115 ;; Hardware stack levels required when called: 1
  6116 ;; This function calls:
  6117 ;;		___awdiv
  6118 ;;		___awmod
  6119 ;; This function is called by:
  6120 ;;		_view_dashboard
  6121 ;; This function uses a non-reentrant model
  6122 ;;
  6123                           
  6124                           	psect	text4
  6125   001232                     __ptext4:
  6126                           	callstack 0
  6127   001232                     _int_to_str:
  6128                           	callstack 28
  6129   001232                     
  6130                           ;car_black_box.c: 18:     str[0] = (num / 10) + '0';
  6131   001232  500B               	movf	int_to_str@str^0,w,c
  6132   001234  6ED9               	movwf	fsr2l,c
  6133   001236  6ADA               	clrf	fsr2h,c
  6134   001238  C009  F001         	movff	int_to_str@num,___awdiv@dividend
  6135   00123C  C00A  F002         	movff	int_to_str@num+1,___awdiv@dividend+1
  6136   001240  0E00               	movlw	0
  6137   001242  6E04               	movwf	(___awdiv@divisor+1)^0,c
  6138   001244  0E0A               	movlw	10
  6139   001246  6E03               	movwf	___awdiv@divisor^0,c
  6140   001248  EC65  F00B         	call	___awdiv	;wreg free
  6141   00124C  5001               	movf	?___awdiv^0,w,c
  6142   00124E  0F30               	addlw	48
  6143   001250  6EDF               	movwf	indf2,c
  6144                           
  6145                           ;car_black_box.c: 19:     str[1] = (num % 10) + '0';
  6146   001252  500B               	movf	int_to_str@str^0,w,c
  6147   001254  6ED9               	movwf	fsr2l,c
  6148   001256  6ADA               	clrf	fsr2h,c
  6149   001258  0E01               	movlw	1
  6150   00125A  26D9               	addwf	fsr2l,f,c
  6151   00125C  C009  F001         	movff	int_to_str@num,___awmod@dividend
  6152   001260  C00A  F002         	movff	int_to_str@num+1,___awmod@dividend+1
  6153   001264  0E00               	movlw	0
  6154   001266  6E04               	movwf	(___awmod@divisor+1)^0,c
  6155   001268  0E0A               	movlw	10
  6156   00126A  6E03               	movwf	___awmod@divisor^0,c
  6157   00126C  EC0E  F00B         	call	___awmod	;wreg free
  6158   001270  5001               	movf	?___awmod^0,w,c
  6159   001272  0F30               	addlw	48
  6160   001274  6EDF               	movwf	indf2,c
  6161   001276                     
  6162                           ;car_black_box.c: 20:     str[2] = '\0';
  6163   001276  500B               	movf	int_to_str@str^0,w,c
  6164   001278  6ED9               	movwf	fsr2l,c
  6165   00127A  6ADA               	clrf	fsr2h,c
  6166   00127C  0E02               	movlw	2
  6167   00127E  26D9               	addwf	fsr2l,f,c
  6168   001280  6ADF               	clrf	indf2,c
  6169   001282  0012               	return		;funcret
  6170   001284                     __end_of_int_to_str:
  6171                           	callstack 0
  6172                           
  6173 ;; *************** function _get_time *****************
  6174 ;; Defined at:
  6175 ;;		line 9 in file "get_time.c"
  6176 ;; Parameters:    Size  Location     Type
  6177 ;;		None
  6178 ;; Auto vars:     Size  Location     Type
  6179 ;;		None
  6180 ;; Return value:  Size  Location     Type
  6181 ;;                  1    wreg      void 
  6182 ;; Registers used:
  6183 ;;		wreg, status,2, status,0, cstack
  6184 ;; Tracked objects:
  6185 ;;		On entry : 0/0
  6186 ;;		On exit  : 0/0
  6187 ;;		Unchanged: 0/0
  6188 ;; Data sizes:     COMRAM   BANK0   BANK1   BANK2   BANK3   BANK4   BANK5
  6189 ;;      Params:         0       0       0       0       0       0       0
  6190 ;;      Locals:         0       0       0       0       0       0       0
  6191 ;;      Temps:          0       0       0       0       0       0       0
  6192 ;;      Totals:         0       0       0       0       0       0       0
  6193 ;;Total ram usage:        0 bytes
  6194 ;; Hardware stack levels used: 1
  6195 ;; Hardware stack levels required when called: 4
  6196 ;; This function calls:
  6197 ;;		_read_ds1307
  6198 ;; This function is called by:
  6199 ;;		_view_dashboard
  6200 ;; This function uses a non-reentrant model
  6201 ;;
  6202                           
  6203                           	psect	text5
  6204   0014EC                     __ptext5:
  6205                           	callstack 0
  6206   0014EC                     _get_time:
  6207                           	callstack 25
  6208   0014EC                     
  6209                           ;get_time.c: 11:  clock_reg[0] = read_ds1307(0x02);
  6210   0014EC  0E02               	movlw	2
  6211   0014EE  EC48  F008         	call	_read_ds1307
  6212   0014F2  6E34               	movwf	_clock_reg^0,c
  6213                           
  6214                           ;get_time.c: 12:  clock_reg[1] = read_ds1307(0x01);
  6215   0014F4  0E01               	movlw	1
  6216   0014F6  EC48  F008         	call	_read_ds1307
  6217   0014FA  6E35               	movwf	(_clock_reg+1)^0,c
  6218                           
  6219                           ;get_time.c: 13:  clock_reg[2] = read_ds1307(0x00);
  6220   0014FC  0E00               	movlw	0
  6221   0014FE  EC48  F008         	call	_read_ds1307
  6222   001502  6E36               	movwf	(_clock_reg+2)^0,c
  6223   001504                     
  6224                           ;get_time.c: 15:   if (clock_reg[0] & 0x40)
  6225   001504  AC34               	btfss	_clock_reg^0,6,c
  6226   001506  EF87  F00A         	goto	u1791
  6227   00150A  EF89  F00A         	goto	u1790
  6228   00150E                     u1791:
  6229   00150E  EF95  F00A         	goto	l2975
  6230   001512                     u1790:
  6231   001512                     
  6232                           ;get_time.c: 16:   {;get_time.c: 17:   time[0] = '0' + ((clock_reg[0] >> 4) & 0x01);
  6233   001512  3834               	swapf	_clock_reg^0,w,c
  6234   001514  0B0F               	andlw	15
  6235   001516  0B01               	andlw	1
  6236   001518  0F30               	addlw	48
  6237   00151A  0100               	movlb	0	; () banked
  6238   00151C  6FE1               	movwf	_time& (0+255),b
  6239                           
  6240                           ;get_time.c: 18:   time[1] = '0' + (clock_reg[0] & 0x0F);
  6241   00151E  5034               	movf	_clock_reg^0,w,c
  6242   001520  0B0F               	andlw	15
  6243   001522  0F30               	addlw	48
  6244   001524  6FE2               	movwf	(_time+1)& (0+255),b
  6245                           
  6246                           ;get_time.c: 19:   }
  6247   001526  EF9F  F00A         	goto	l2977
  6248   00152A                     l2975:
  6249                           
  6250                           ;get_time.c: 21:   {;get_time.c: 22:   time[0] = '0' + ((clock_reg[0] >> 4) & 0x03);
  6251   00152A  3834               	swapf	_clock_reg^0,w,c
  6252   00152C  0B0F               	andlw	15
  6253   00152E  0B03               	andlw	3
  6254   001530  0F30               	addlw	48
  6255   001532  0100               	movlb	0	; () banked
  6256   001534  6FE1               	movwf	_time& (0+255),b
  6257                           
  6258                           ;get_time.c: 23:   time[1] = '0' + (clock_reg[0] & 0x0F);
  6259   001536  5034               	movf	_clock_reg^0,w,c
  6260   001538  0B0F               	andlw	15
  6261   00153A  0F30               	addlw	48
  6262   00153C  6FE2               	movwf	(_time+1)& (0+255),b
  6263   00153E                     l2977:
  6264                           
  6265                           ; BSR set to: 0
  6266                           ;get_time.c: 25:         time[2] = ':';
  6267   00153E  0E3A               	movlw	58
  6268   001540  6FE3               	movwf	(_time+2)& (0+255),b
  6269   001542                     
  6270                           ; BSR set to: 0
  6271                           ;get_time.c: 26:         time[3] = '0' + ((clock_reg[1] >> 4) & 0x0F);
  6272   001542  3835               	swapf	(_clock_reg+1)^0,w,c
  6273   001544  0B0F               	andlw	15
  6274   001546  0B0F               	andlw	15
  6275   001548  0F30               	addlw	48
  6276   00154A  6FE4               	movwf	(_time+3)& (0+255),b
  6277   00154C                     
  6278                           ; BSR set to: 0
  6279                           ;get_time.c: 27:         time[4] = '0' + (clock_reg[1] & 0x0F);
  6280   00154C  5035               	movf	(_clock_reg+1)^0,w,c
  6281   00154E  0B0F               	andlw	15
  6282   001550  0F30               	addlw	48
  6283   001552  6FE5               	movwf	(_time+4)& (0+255),b
  6284   001554                     
  6285                           ; BSR set to: 0
  6286                           ;get_time.c: 28:         time[5] = ':';
  6287   001554  0E3A               	movlw	58
  6288   001556  6FE6               	movwf	(_time+5)& (0+255),b
  6289                           
  6290                           ;get_time.c: 29:         time[6] = '0' + ((clock_reg[2] >> 4) & 0x0F);
  6291   001558  3836               	swapf	(_clock_reg+2)^0,w,c
  6292   00155A  0B0F               	andlw	15
  6293   00155C  0B0F               	andlw	15
  6294   00155E  0F30               	addlw	48
  6295   001560  6FE7               	movwf	(_time+6)& (0+255),b
  6296                           
  6297                           ;get_time.c: 30:         time[7] = '0' + (clock_reg[2] & 0x0F);
  6298   001562  5036               	movf	(_clock_reg+2)^0,w,c
  6299   001564  0B0F               	andlw	15
  6300   001566  0F30               	addlw	48
  6301   001568  6FE8               	movwf	(_time+7)& (0+255),b
  6302   00156A                     
  6303                           ; BSR set to: 0
  6304                           ;get_time.c: 31:         time[8] = '\0';
  6305   00156A  6BE9               	clrf	(_time+8)& (0+255),b
  6306   00156C                     
  6307                           ; BSR set to: 0
  6308   00156C  0012               	return		;funcret
  6309   00156E                     __end_of_get_time:
  6310                           	callstack 0
  6311                           
  6312 ;; *************** function ___xxtofl *****************
  6313 ;; Defined at:
  6314 ;;		line 10 in file "D:\XC8_compiler\pic\sources\c99\common\xxtofl.c"
  6315 ;; Parameters:    Size  Location     Type
  6316 ;;  sign            1    wreg     unsigned char 
  6317 ;;  val             4    0[COMRAM] long 
  6318 ;; Auto vars:     Size  Location     Type
  6319 ;;  sign            1    8[COMRAM] unsigned char 
  6320 ;;  arg             4   10[COMRAM] unsigned long 
  6321 ;;  exp             1    9[COMRAM] unsigned char 
  6322 ;; Return value:  Size  Location     Type
  6323 ;;                  4    0[COMRAM] unsigned char 
  6324 ;; Registers used:
  6325 ;;		wreg, status,2, status,0
  6326 ;; Tracked objects:
  6327 ;;		On entry : 0/0
  6328 ;;		On exit  : 0/0
  6329 ;;		Unchanged: 0/0
  6330 ;; Data sizes:     COMRAM   BANK0   BANK1   BANK2   BANK3   BANK4   BANK5
  6331 ;;      Params:         4       0       0       0       0       0       0
  6332 ;;      Locals:         6       0       0       0       0       0       0
  6333 ;;      Temps:          4       0       0       0       0       0       0
  6334 ;;      Totals:        14       0       0       0       0       0       0
  6335 ;;Total ram usage:       14 bytes
  6336 ;; Hardware stack levels used: 1
  6337 ;; This function calls:
  6338 ;;		Nothing
  6339 ;; This function is called by:
  6340 ;;		_view_dashboard
  6341 ;; This function uses a non-reentrant model
  6342 ;;
  6343                           
  6344                           	psect	text6
  6345   001C58                     __ptext6:
  6346                           	callstack 0
  6347   001C58                     ___xxtofl:
  6348                           	callstack 29
  6349                           
  6350                           ; BSR set to: 0
  6351                           ;incstack = 0
  6352                           ;___xxtofl@sign stored from wreg
  6353   001C58  6E09               	movwf	___xxtofl@sign^0,c
  6354   001C5A  5009               	movf	___xxtofl@sign^0,w,c
  6355   001C5C  B4D8               	btfsc	status,2,c
  6356   001C5E  EF33  F00E         	goto	u2211
  6357   001C62  EF35  F00E         	goto	u2210
  6358   001C66                     u2211:
  6359   001C66  EF57  F00E         	goto	l1497
  6360   001C6A                     u2210:
  6361   001C6A  BE04               	btfsc	(___xxtofl@val+3)^0,7,c
  6362   001C6C  EF3C  F00E         	goto	u2220
  6363   001C70  EF3A  F00E         	goto	u2221
  6364   001C74                     u2221:
  6365   001C74  EF57  F00E         	goto	l1497
  6366   001C78                     u2220:
  6367   001C78  C001  F005         	movff	___xxtofl@val,??___xxtofl
  6368   001C7C  C002  F006         	movff	___xxtofl@val+1,??___xxtofl+1
  6369   001C80  C003  F007         	movff	___xxtofl@val+2,??___xxtofl+2
  6370   001C84  C004  F008         	movff	___xxtofl@val+3,??___xxtofl+3
  6371   001C88  1E05               	comf	??___xxtofl^0,f,c
  6372   001C8A  1E06               	comf	(??___xxtofl+1)^0,f,c
  6373   001C8C  1E07               	comf	(??___xxtofl+2)^0,f,c
  6374   001C8E  1E08               	comf	(??___xxtofl+3)^0,f,c
  6375   001C90  2A05               	incf	??___xxtofl^0,f,c
  6376   001C92  0E00               	movlw	0
  6377   001C94  2206               	addwfc	(??___xxtofl+1)^0,f,c
  6378   001C96  2207               	addwfc	(??___xxtofl+2)^0,f,c
  6379   001C98  2208               	addwfc	(??___xxtofl+3)^0,f,c
  6380   001C9A  C005  F00B         	movff	??___xxtofl,___xxtofl@arg
  6381   001C9E  C006  F00C         	movff	??___xxtofl+1,___xxtofl@arg+1
  6382   001CA2  C007  F00D         	movff	??___xxtofl+2,___xxtofl@arg+2
  6383   001CA6  C008  F00E         	movff	??___xxtofl+3,___xxtofl@arg+3
  6384   001CAA  EF5F  F00E         	goto	l3223
  6385   001CAE                     l1497:
  6386   001CAE  C001  F00B         	movff	___xxtofl@val,___xxtofl@arg
  6387   001CB2  C002  F00C         	movff	___xxtofl@val+1,___xxtofl@arg+1
  6388   001CB6  C003  F00D         	movff	___xxtofl@val+2,___xxtofl@arg+2
  6389   001CBA  C004  F00E         	movff	___xxtofl@val+3,___xxtofl@arg+3
  6390   001CBE                     l3223:
  6391   001CBE  5001               	movf	___xxtofl@val^0,w,c
  6392   001CC0  1002               	iorwf	(___xxtofl@val+1)^0,w,c
  6393   001CC2  1003               	iorwf	(___xxtofl@val+2)^0,w,c
  6394   001CC4  1004               	iorwf	(___xxtofl@val+3)^0,w,c
  6395   001CC6  A4D8               	btfss	status,2,c
  6396   001CC8  EF68  F00E         	goto	u2231
  6397   001CCC  EF6A  F00E         	goto	u2230
  6398   001CD0                     u2231:
  6399   001CD0  EF74  F00E         	goto	l3229
  6400   001CD4                     u2230:
  6401   001CD4  0E00               	movlw	0
  6402   001CD6  6E01               	movwf	?___xxtofl^0,c
  6403   001CD8  0E00               	movlw	0
  6404   001CDA  6E02               	movwf	(?___xxtofl+1)^0,c
  6405   001CDC  0E00               	movlw	0
  6406   001CDE  6E03               	movwf	(?___xxtofl+2)^0,c
  6407   001CE0  0E00               	movlw	0
  6408   001CE2  6E04               	movwf	(?___xxtofl+3)^0,c
  6409   001CE4  EF05  F00F         	goto	l1500
  6410   001CE8                     l3229:
  6411   001CE8  0E96               	movlw	150
  6412   001CEA  6E0A               	movwf	___xxtofl@exp^0,c
  6413   001CEC  EF7E  F00E         	goto	l3233
  6414   001CF0                     l3231:
  6415   001CF0  2A0A               	incf	___xxtofl@exp^0,f,c
  6416   001CF2  90D8               	bcf	status,0,c
  6417   001CF4  320E               	rrcf	(___xxtofl@arg+3)^0,f,c
  6418   001CF6  320D               	rrcf	(___xxtofl@arg+2)^0,f,c
  6419   001CF8  320C               	rrcf	(___xxtofl@arg+1)^0,f,c
  6420   001CFA  320B               	rrcf	___xxtofl@arg^0,f,c
  6421   001CFC                     l3233:
  6422   001CFC  0E00               	movlw	0
  6423   001CFE  140B               	andwf	___xxtofl@arg^0,w,c
  6424   001D00  6E05               	movwf	??___xxtofl^0,c
  6425   001D02  0E00               	movlw	0
  6426   001D04  140C               	andwf	(___xxtofl@arg+1)^0,w,c
  6427   001D06  6E06               	movwf	(??___xxtofl+1)^0,c
  6428   001D08  0E00               	movlw	0
  6429   001D0A  140D               	andwf	(___xxtofl@arg+2)^0,w,c
  6430   001D0C  6E07               	movwf	(??___xxtofl+2)^0,c
  6431   001D0E  0EFE               	movlw	254
  6432   001D10  140E               	andwf	(___xxtofl@arg+3)^0,w,c
  6433   001D12  6E08               	movwf	(??___xxtofl+3)^0,c
  6434   001D14  5005               	movf	??___xxtofl^0,w,c
  6435   001D16  1006               	iorwf	(??___xxtofl+1)^0,w,c
  6436   001D18  1007               	iorwf	(??___xxtofl+2)^0,w,c
  6437   001D1A  1008               	iorwf	(??___xxtofl+3)^0,w,c
  6438   001D1C  A4D8               	btfss	status,2,c
  6439   001D1E  EF93  F00E         	goto	u2241
  6440   001D22  EF95  F00E         	goto	u2240
  6441   001D26                     u2241:
  6442   001D26  EF78  F00E         	goto	l3231
  6443   001D2A                     u2240:
  6444   001D2A  EFA3  F00E         	goto	l1504
  6445   001D2E                     l3235:
  6446   001D2E  2A0A               	incf	___xxtofl@exp^0,f,c
  6447   001D30  0E01               	movlw	1
  6448   001D32  260B               	addwf	___xxtofl@arg^0,f,c
  6449   001D34  0E00               	movlw	0
  6450   001D36  220C               	addwfc	(___xxtofl@arg+1)^0,f,c
  6451   001D38  220D               	addwfc	(___xxtofl@arg+2)^0,f,c
  6452   001D3A  220E               	addwfc	(___xxtofl@arg+3)^0,f,c
  6453   001D3C  90D8               	bcf	status,0,c
  6454   001D3E  320E               	rrcf	(___xxtofl@arg+3)^0,f,c
  6455   001D40  320D               	rrcf	(___xxtofl@arg+2)^0,f,c
  6456   001D42  320C               	rrcf	(___xxtofl@arg+1)^0,f,c
  6457   001D44  320B               	rrcf	___xxtofl@arg^0,f,c
  6458   001D46                     l1504:
  6459   001D46  0E00               	movlw	0
  6460   001D48  140B               	andwf	___xxtofl@arg^0,w,c
  6461   001D4A  6E05               	movwf	??___xxtofl^0,c
  6462   001D4C  0E00               	movlw	0
  6463   001D4E  140C               	andwf	(___xxtofl@arg+1)^0,w,c
  6464   001D50  6E06               	movwf	(??___xxtofl+1)^0,c
  6465   001D52  0E00               	movlw	0
  6466   001D54  140D               	andwf	(___xxtofl@arg+2)^0,w,c
  6467   001D56  6E07               	movwf	(??___xxtofl+2)^0,c
  6468   001D58  0EFF               	movlw	255
  6469   001D5A  140E               	andwf	(___xxtofl@arg+3)^0,w,c
  6470   001D5C  6E08               	movwf	(??___xxtofl+3)^0,c
  6471   001D5E  5005               	movf	??___xxtofl^0,w,c
  6472   001D60  1006               	iorwf	(??___xxtofl+1)^0,w,c
  6473   001D62  1007               	iorwf	(??___xxtofl+2)^0,w,c
  6474   001D64  1008               	iorwf	(??___xxtofl+3)^0,w,c
  6475   001D66  A4D8               	btfss	status,2,c
  6476   001D68  EFB8  F00E         	goto	u2251
  6477   001D6C  EFBA  F00E         	goto	u2250
  6478   001D70                     u2251:
  6479   001D70  EF97  F00E         	goto	l3235
  6480   001D74                     u2250:
  6481   001D74  EFC2  F00E         	goto	l3243
  6482   001D78                     l3241:
  6483   001D78  060A               	decf	___xxtofl@exp^0,f,c
  6484   001D7A  90D8               	bcf	status,0,c
  6485   001D7C  360B               	rlcf	___xxtofl@arg^0,f,c
  6486   001D7E  360C               	rlcf	(___xxtofl@arg+1)^0,f,c
  6487   001D80  360D               	rlcf	(___xxtofl@arg+2)^0,f,c
  6488   001D82  360E               	rlcf	(___xxtofl@arg+3)^0,f,c
  6489   001D84                     l3243:
  6490   001D84  BE0D               	btfsc	(___xxtofl@arg+2)^0,7,c
  6491   001D86  EFC7  F00E         	goto	u2261
  6492   001D8A  EFC9  F00E         	goto	u2260
  6493   001D8E                     u2261:
  6494   001D8E  EFD1  F00E         	goto	l1511
  6495   001D92                     u2260:
  6496   001D92  0E02               	movlw	2
  6497   001D94  600A               	cpfslt	___xxtofl@exp^0,c
  6498   001D96  EFCF  F00E         	goto	u2271
  6499   001D9A  EFD1  F00E         	goto	u2270
  6500   001D9E                     u2271:
  6501   001D9E  EFBC  F00E         	goto	l3241
  6502   001DA2                     u2270:
  6503   001DA2                     l1511:
  6504   001DA2  B00A               	btfsc	___xxtofl@exp^0,0,c
  6505   001DA4  EFD6  F00E         	goto	u2281
  6506   001DA8  EFD8  F00E         	goto	u2280
  6507   001DAC                     u2281:
  6508   001DAC  EFD9  F00E         	goto	l3249
  6509   001DB0                     u2280:
  6510   001DB0  9E0D               	bcf	(___xxtofl@arg+2)^0,7,c
  6511   001DB2                     l3249:
  6512   001DB2  90D8               	bcf	status,0,c
  6513   001DB4  320A               	rrcf	___xxtofl@exp^0,f,c
  6514   001DB6  C00A  F005         	movff	___xxtofl@exp,??___xxtofl
  6515   001DBA  6A06               	clrf	(??___xxtofl+1)^0,c
  6516   001DBC  6A07               	clrf	(??___xxtofl+2)^0,c
  6517   001DBE  6A08               	clrf	(??___xxtofl+3)^0,c
  6518   001DC0  C005  F008         	movff	??___xxtofl,??___xxtofl+3
  6519   001DC4  6A07               	clrf	(??___xxtofl+2)^0,c
  6520   001DC6  6A06               	clrf	(??___xxtofl+1)^0,c
  6521   001DC8  6A05               	clrf	??___xxtofl^0,c
  6522   001DCA  5005               	movf	??___xxtofl^0,w,c
  6523   001DCC  120B               	iorwf	___xxtofl@arg^0,f,c
  6524   001DCE  5006               	movf	(??___xxtofl+1)^0,w,c
  6525   001DD0  120C               	iorwf	(___xxtofl@arg+1)^0,f,c
  6526   001DD2  5007               	movf	(??___xxtofl+2)^0,w,c
  6527   001DD4  120D               	iorwf	(___xxtofl@arg+2)^0,f,c
  6528   001DD6  5008               	movf	(??___xxtofl+3)^0,w,c
  6529   001DD8  120E               	iorwf	(___xxtofl@arg+3)^0,f,c
  6530   001DDA  5009               	movf	___xxtofl@sign^0,w,c
  6531   001DDC  B4D8               	btfsc	status,2,c
  6532   001DDE  EFF3  F00E         	goto	u2291
  6533   001DE2  EFF5  F00E         	goto	u2290
  6534   001DE6                     u2291:
  6535   001DE6  EFFD  F00E         	goto	l3259
  6536   001DEA                     u2290:
  6537   001DEA  BE04               	btfsc	(___xxtofl@val+3)^0,7,c
  6538   001DEC  EFFC  F00E         	goto	u2300
  6539   001DF0  EFFA  F00E         	goto	u2301
  6540   001DF4                     u2301:
  6541   001DF4  EFFD  F00E         	goto	l3259
  6542   001DF8                     u2300:
  6543   001DF8  8E0E               	bsf	(___xxtofl@arg+3)^0,7,c
  6544   001DFA                     l3259:
  6545   001DFA  C00B  F001         	movff	___xxtofl@arg,?___xxtofl
  6546   001DFE  C00C  F002         	movff	___xxtofl@arg+1,?___xxtofl+1
  6547   001E02  C00D  F003         	movff	___xxtofl@arg+2,?___xxtofl+2
  6548   001E06  C00E  F004         	movff	___xxtofl@arg+3,?___xxtofl+3
  6549   001E0A                     l1500:
  6550   001E0A  0012               	return		;funcret
  6551   001E0C                     __end_of___xxtofl:
  6552                           	callstack 0
  6553                           
  6554 ;; *************** function ___fltol *****************
  6555 ;; Defined at:
  6556 ;;		line 43 in file "D:\XC8_compiler\pic\sources\c99\common\fltol.c"
  6557 ;; Parameters:    Size  Location     Type
  6558 ;;  f1              4   39[COMRAM] unsigned char 
  6559 ;; Auto vars:     Size  Location     Type
  6560 ;;  exp1            1   48[COMRAM] unsigned char 
  6561 ;;  sign1           1   47[COMRAM] unsigned char 
  6562 ;; Return value:  Size  Location     Type
  6563 ;;                  4   39[COMRAM] long 
  6564 ;; Registers used:
  6565 ;;		wreg, status,2, status,0
  6566 ;; Tracked objects:
  6567 ;;		On entry : 0/0
  6568 ;;		On exit  : 0/0
  6569 ;;		Unchanged: 0/0
  6570 ;; Data sizes:     COMRAM   BANK0   BANK1   BANK2   BANK3   BANK4   BANK5
  6571 ;;      Params:         4       0       0       0       0       0       0
  6572 ;;      Locals:         2       0       0       0       0       0       0
  6573 ;;      Temps:          4       0       0       0       0       0       0
  6574 ;;      Totals:        10       0       0       0       0       0       0
  6575 ;;Total ram usage:       10 bytes
  6576 ;; Hardware stack levels used: 1
  6577 ;; This function calls:
  6578 ;;		Nothing
  6579 ;; This function is called by:
  6580 ;;		_view_dashboard
  6581 ;; This function uses a non-reentrant model
  6582 ;;
  6583                           
  6584                           	psect	text7
  6585   001918                     __ptext7:
  6586                           	callstack 0
  6587   001918                     ___fltol:
  6588                           	callstack 29
  6589   001918  342A               	rlcf	(___fltol@f1+2)^0,w,c
  6590   00191A  342B               	rlcf	(___fltol@f1+3)^0,w,c
  6591   00191C  6E31               	movwf	___fltol@exp1^0,c
  6592   00191E  5031               	movf	___fltol@exp1^0,w,c
  6593   001920  A4D8               	btfss	status,2,c
  6594   001922  EF95  F00C         	goto	u2141
  6595   001926  EF97  F00C         	goto	u2140
  6596   00192A                     u2141:
  6597   00192A  EFA1  F00C         	goto	l3179
  6598   00192E                     u2140:
  6599   00192E                     l3175:
  6600   00192E  0E00               	movlw	0
  6601   001930  6E28               	movwf	?___fltol^0,c
  6602   001932  0E00               	movlw	0
  6603   001934  6E29               	movwf	(?___fltol+1)^0,c
  6604   001936  0E00               	movlw	0
  6605   001938  6E2A               	movwf	(?___fltol+2)^0,c
  6606   00193A  0E00               	movlw	0
  6607   00193C  6E2B               	movwf	(?___fltol+3)^0,c
  6608   00193E  EF0E  F00D         	goto	l1139
  6609   001942                     l3179:
  6610   001942  C028  F02C         	movff	___fltol@f1,??___fltol
  6611   001946  C029  F02D         	movff	___fltol@f1+1,??___fltol+1
  6612   00194A  C02A  F02E         	movff	___fltol@f1+2,??___fltol+2
  6613   00194E  C02B  F02F         	movff	___fltol@f1+3,??___fltol+3
  6614   001952  0E20               	movlw	32
  6615   001954  EFB1  F00C         	goto	u2150
  6616   001958                     u2155:
  6617   001958  90D8               	bcf	status,0,c
  6618   00195A  322F               	rrcf	(??___fltol+3)^0,f,c
  6619   00195C  322E               	rrcf	(??___fltol+2)^0,f,c
  6620   00195E  322D               	rrcf	(??___fltol+1)^0,f,c
  6621   001960  322C               	rrcf	??___fltol^0,f,c
  6622   001962                     u2150:
  6623   001962  2EE8               	decfsz	wreg,f,c
  6624   001964  EFAC  F00C         	goto	u2155
  6625   001968  502C               	movf	??___fltol^0,w,c
  6626   00196A  6E30               	movwf	___fltol@sign1^0,c
  6627   00196C  8E2A               	bsf	(___fltol@f1+2)^0,7,c
  6628   00196E  0EFF               	movlw	255
  6629   001970  1628               	andwf	___fltol@f1^0,f,c
  6630   001972  0EFF               	movlw	255
  6631   001974  1629               	andwf	(___fltol@f1+1)^0,f,c
  6632   001976  0EFF               	movlw	255
  6633   001978  162A               	andwf	(___fltol@f1+2)^0,f,c
  6634   00197A  0E00               	movlw	0
  6635   00197C  162B               	andwf	(___fltol@f1+3)^0,f,c
  6636   00197E  0E96               	movlw	150
  6637   001980  5E31               	subwf	___fltol@exp1^0,f,c
  6638   001982  BE31               	btfsc	___fltol@exp1^0,7,c
  6639   001984  EFC8  F00C         	goto	u2160
  6640   001988  EFC6  F00C         	goto	u2161
  6641   00198C                     u2161:
  6642   00198C  EFDE  F00C         	goto	l3199
  6643   001990                     u2160:
  6644   001990  5031               	movf	___fltol@exp1^0,w,c
  6645   001992  0A80               	xorlw	128
  6646   001994  0F97               	addlw	151
  6647   001996  B0D8               	btfsc	status,0,c
  6648   001998  EFD0  F00C         	goto	u2171
  6649   00199C  EFD2  F00C         	goto	u2170
  6650   0019A0                     u2171:
  6651   0019A0  EFD4  F00C         	goto	l3195
  6652   0019A4                     u2170:
  6653   0019A4  EF97  F00C         	goto	l3175
  6654   0019A8                     l3195:
  6655   0019A8  90D8               	bcf	status,0,c
  6656   0019AA  322B               	rrcf	(___fltol@f1+3)^0,f,c
  6657   0019AC  322A               	rrcf	(___fltol@f1+2)^0,f,c
  6658   0019AE  3229               	rrcf	(___fltol@f1+1)^0,f,c
  6659   0019B0  3228               	rrcf	___fltol@f1^0,f,c
  6660   0019B2  3E31               	incfsz	___fltol@exp1^0,f,c
  6661   0019B4  EFD4  F00C         	goto	l3195
  6662   0019B8  EFF6  F00C         	goto	l3209
  6663   0019BC                     l3199:
  6664   0019BC  0E1F               	movlw	31
  6665   0019BE  6431               	cpfsgt	___fltol@exp1^0,c
  6666   0019C0  EFE4  F00C         	goto	u2181
  6667   0019C4  EFE6  F00C         	goto	u2180
  6668   0019C8                     u2181:
  6669   0019C8  EFEE  F00C         	goto	l3207
  6670   0019CC                     u2180:
  6671   0019CC  EF97  F00C         	goto	l3175
  6672   0019D0                     l3205:
  6673   0019D0  90D8               	bcf	status,0,c
  6674   0019D2  3628               	rlcf	___fltol@f1^0,f,c
  6675   0019D4  3629               	rlcf	(___fltol@f1+1)^0,f,c
  6676   0019D6  362A               	rlcf	(___fltol@f1+2)^0,f,c
  6677   0019D8  362B               	rlcf	(___fltol@f1+3)^0,f,c
  6678   0019DA  0631               	decf	___fltol@exp1^0,f,c
  6679   0019DC                     l3207:
  6680   0019DC  5031               	movf	___fltol@exp1^0,w,c
  6681   0019DE  A4D8               	btfss	status,2,c
  6682   0019E0  EFF4  F00C         	goto	u2191
  6683   0019E4  EFF6  F00C         	goto	u2190
  6684   0019E8                     u2191:
  6685   0019E8  EFE8  F00C         	goto	l3205
  6686   0019EC                     u2190:
  6687   0019EC                     l3209:
  6688   0019EC  5030               	movf	___fltol@sign1^0,w,c
  6689   0019EE  B4D8               	btfsc	status,2,c
  6690   0019F0  EFFC  F00C         	goto	u2201
  6691   0019F4  EFFE  F00C         	goto	u2200
  6692   0019F8                     u2201:
  6693   0019F8  EF06  F00D         	goto	l3213
  6694   0019FC                     u2200:
  6695   0019FC  1E2B               	comf	(___fltol@f1+3)^0,f,c
  6696   0019FE  1E2A               	comf	(___fltol@f1+2)^0,f,c
  6697   001A00  1E29               	comf	(___fltol@f1+1)^0,f,c
  6698   001A02  6C28               	negf	___fltol@f1^0,c
  6699   001A04  0E00               	movlw	0
  6700   001A06  2229               	addwfc	(___fltol@f1+1)^0,f,c
  6701   001A08  222A               	addwfc	(___fltol@f1+2)^0,f,c
  6702   001A0A  222B               	addwfc	(___fltol@f1+3)^0,f,c
  6703   001A0C                     l3213:
  6704   001A0C  C028  F028         	movff	___fltol@f1,?___fltol
  6705   001A10  C029  F029         	movff	___fltol@f1+1,?___fltol+1
  6706   001A14  C02A  F02A         	movff	___fltol@f1+2,?___fltol+2
  6707   001A18  C02B  F02B         	movff	___fltol@f1+3,?___fltol+3
  6708   001A1C                     l1139:
  6709   001A1C  0012               	return		;funcret
  6710   001A1E                     __end_of___fltol:
  6711                           	callstack 0
  6712                           
  6713 ;; *************** function ___fldiv *****************
  6714 ;; Defined at:
  6715 ;;		line 11 in file "D:\XC8_compiler\pic\sources\c99\common\sprcdiv.c"
  6716 ;; Parameters:    Size  Location     Type
  6717 ;;  b               4   14[COMRAM] long 
  6718 ;;  a               4   18[COMRAM] long 
  6719 ;; Auto vars:     Size  Location     Type
  6720 ;;  grs             4   33[COMRAM] unsigned long 
  6721 ;;  rem             4   26[COMRAM] unsigned long 
  6722 ;;  new_exp         2   31[COMRAM] short 
  6723 ;;  aexp            1   38[COMRAM] unsigned char 
  6724 ;;  bexp            1   37[COMRAM] unsigned char 
  6725 ;;  sign            1   30[COMRAM] unsigned char 
  6726 ;; Return value:  Size  Location     Type
  6727 ;;                  4   14[COMRAM] unsigned char 
  6728 ;; Registers used:
  6729 ;;		wreg, status,2, status,0
  6730 ;; Tracked objects:
  6731 ;;		On entry : 0/0
  6732 ;;		On exit  : 0/0
  6733 ;;		Unchanged: 0/0
  6734 ;; Data sizes:     COMRAM   BANK0   BANK1   BANK2   BANK3   BANK4   BANK5
  6735 ;;      Params:         8       0       0       0       0       0       0
  6736 ;;      Locals:        13       0       0       0       0       0       0
  6737 ;;      Temps:          4       0       0       0       0       0       0
  6738 ;;      Totals:        25       0       0       0       0       0       0
  6739 ;;Total ram usage:       25 bytes
  6740 ;; Hardware stack levels used: 1
  6741 ;; This function calls:
  6742 ;;		Nothing
  6743 ;; This function is called by:
  6744 ;;		_view_dashboard
  6745 ;; This function uses a non-reentrant model
  6746 ;;
  6747                           
  6748                           	psect	text8
  6749   002578                     __ptext8:
  6750                           	callstack 0
  6751   002578                     ___fldiv:
  6752                           	callstack 29
  6753   002578  5012               	movf	(___fldiv@b+3)^0,w,c
  6754   00257A  0B80               	andlw	128
  6755   00257C  6E1F               	movwf	___fldiv@sign^0,c
  6756   00257E  5012               	movf	(___fldiv@b+3)^0,w,c
  6757   002580  2412               	addwf	(___fldiv@b+3)^0,w,c
  6758   002582  6E26               	movwf	___fldiv@bexp^0,c
  6759   002584  AE11               	btfss	(___fldiv@b+2)^0,7,c
  6760   002586  EFC7  F012         	goto	u1911
  6761   00258A  EFC9  F012         	goto	u1910
  6762   00258E                     u1911:
  6763   00258E  EFCA  F012         	goto	l3043
  6764   002592                     u1910:
  6765   002592  8026               	bsf	___fldiv@bexp^0,0,c
  6766   002594                     l3043:
  6767   002594  5026               	movf	___fldiv@bexp^0,w,c
  6768   002596  B4D8               	btfsc	status,2,c
  6769   002598  EFD0  F012         	goto	u1921
  6770   00259C  EFD2  F012         	goto	u1920
  6771   0025A0                     u1921:
  6772   0025A0  EFE6  F012         	goto	l3053
  6773   0025A4                     u1920:
  6774   0025A4  2826               	incf	___fldiv@bexp^0,w,c
  6775   0025A6  A4D8               	btfss	status,2,c
  6776   0025A8  EFD8  F012         	goto	u1931
  6777   0025AC  EFDA  F012         	goto	u1930
  6778   0025B0                     u1931:
  6779   0025B0  EFE2  F012         	goto	l3049
  6780   0025B4                     u1930:
  6781   0025B4  0E00               	movlw	0
  6782   0025B6  6E0F               	movwf	___fldiv@b^0,c
  6783   0025B8  0E00               	movlw	0
  6784   0025BA  6E10               	movwf	(___fldiv@b+1)^0,c
  6785   0025BC  0E00               	movlw	0
  6786   0025BE  6E11               	movwf	(___fldiv@b+2)^0,c
  6787   0025C0  0E00               	movlw	0
  6788   0025C2  6E12               	movwf	(___fldiv@b+3)^0,c
  6789   0025C4                     l3049:
  6790   0025C4  8E11               	bsf	(___fldiv@b+2)^0,7,c
  6791   0025C6  6A12               	clrf	(___fldiv@b+3)^0,c
  6792   0025C8  EFEE  F012         	goto	l3055
  6793   0025CC                     l3053:
  6794   0025CC  0E00               	movlw	0
  6795   0025CE  6E0F               	movwf	___fldiv@b^0,c
  6796   0025D0  0E00               	movlw	0
  6797   0025D2  6E10               	movwf	(___fldiv@b+1)^0,c
  6798   0025D4  0E00               	movlw	0
  6799   0025D6  6E11               	movwf	(___fldiv@b+2)^0,c
  6800   0025D8  0E00               	movlw	0
  6801   0025DA  6E12               	movwf	(___fldiv@b+3)^0,c
  6802   0025DC                     l3055:
  6803   0025DC  5016               	movf	(___fldiv@a+3)^0,w,c
  6804   0025DE  0B80               	andlw	128
  6805   0025E0  1A1F               	xorwf	___fldiv@sign^0,f,c
  6806   0025E2  5016               	movf	(___fldiv@a+3)^0,w,c
  6807   0025E4  2416               	addwf	(___fldiv@a+3)^0,w,c
  6808   0025E6  6E27               	movwf	___fldiv@aexp^0,c
  6809   0025E8  AE15               	btfss	(___fldiv@a+2)^0,7,c
  6810   0025EA  EFF9  F012         	goto	u1941
  6811   0025EE  EFFB  F012         	goto	u1940
  6812   0025F2                     u1941:
  6813   0025F2  EFFC  F012         	goto	l3063
  6814   0025F6                     u1940:
  6815   0025F6  8027               	bsf	___fldiv@aexp^0,0,c
  6816   0025F8                     l3063:
  6817   0025F8  5027               	movf	___fldiv@aexp^0,w,c
  6818   0025FA  B4D8               	btfsc	status,2,c
  6819   0025FC  EF02  F013         	goto	u1951
  6820   002600  EF04  F013         	goto	u1950
  6821   002604                     u1951:
  6822   002604  EF18  F013         	goto	l3073
  6823   002608                     u1950:
  6824   002608  2827               	incf	___fldiv@aexp^0,w,c
  6825   00260A  A4D8               	btfss	status,2,c
  6826   00260C  EF0A  F013         	goto	u1961
  6827   002610  EF0C  F013         	goto	u1960
  6828   002614                     u1961:
  6829   002614  EF14  F013         	goto	l3069
  6830   002618                     u1960:
  6831   002618  0E00               	movlw	0
  6832   00261A  6E13               	movwf	___fldiv@a^0,c
  6833   00261C  0E00               	movlw	0
  6834   00261E  6E14               	movwf	(___fldiv@a+1)^0,c
  6835   002620  0E00               	movlw	0
  6836   002622  6E15               	movwf	(___fldiv@a+2)^0,c
  6837   002624  0E00               	movlw	0
  6838   002626  6E16               	movwf	(___fldiv@a+3)^0,c
  6839   002628                     l3069:
  6840   002628  8E15               	bsf	(___fldiv@a+2)^0,7,c
  6841   00262A  6A16               	clrf	(___fldiv@a+3)^0,c
  6842   00262C  EF20  F013         	goto	l3075
  6843   002630                     l3073:
  6844   002630  0E00               	movlw	0
  6845   002632  6E13               	movwf	___fldiv@a^0,c
  6846   002634  0E00               	movlw	0
  6847   002636  6E14               	movwf	(___fldiv@a+1)^0,c
  6848   002638  0E00               	movlw	0
  6849   00263A  6E15               	movwf	(___fldiv@a+2)^0,c
  6850   00263C  0E00               	movlw	0
  6851   00263E  6E16               	movwf	(___fldiv@a+3)^0,c
  6852   002640                     l3075:
  6853   002640  5013               	movf	___fldiv@a^0,w,c
  6854   002642  1014               	iorwf	(___fldiv@a+1)^0,w,c
  6855   002644  1015               	iorwf	(___fldiv@a+2)^0,w,c
  6856   002646  1016               	iorwf	(___fldiv@a+3)^0,w,c
  6857   002648  A4D8               	btfss	status,2,c
  6858   00264A  EF29  F013         	goto	u1971
  6859   00264E  EF2B  F013         	goto	u1970
  6860   002652                     u1971:
  6861   002652  EF43  F013         	goto	l3087
  6862   002656                     u1970:
  6863   002656  0E00               	movlw	0
  6864   002658  6E0F               	movwf	___fldiv@b^0,c
  6865   00265A  0E00               	movlw	0
  6866   00265C  6E10               	movwf	(___fldiv@b+1)^0,c
  6867   00265E  0E00               	movlw	0
  6868   002660  6E11               	movwf	(___fldiv@b+2)^0,c
  6869   002662  0E00               	movlw	0
  6870   002664  6E12               	movwf	(___fldiv@b+3)^0,c
  6871   002666  0E80               	movlw	128
  6872   002668  1211               	iorwf	(___fldiv@b+2)^0,f,c
  6873   00266A  0E7F               	movlw	127
  6874   00266C  1212               	iorwf	(___fldiv@b+3)^0,f,c
  6875   00266E                     l3081:
  6876   00266E  501F               	movf	___fldiv@sign^0,w,c
  6877   002670  1212               	iorwf	(___fldiv@b+3)^0,f,c
  6878   002672  C00F  F00F         	movff	___fldiv@b,?___fldiv
  6879   002676  C010  F010         	movff	___fldiv@b+1,?___fldiv+1
  6880   00267A  C011  F011         	movff	___fldiv@b+2,?___fldiv+2
  6881   00267E  C012  F012         	movff	___fldiv@b+3,?___fldiv+3
  6882   002682  EF83  F014         	goto	l1424
  6883   002686                     l3087:
  6884   002686  5026               	movf	___fldiv@bexp^0,w,c
  6885   002688  A4D8               	btfss	status,2,c
  6886   00268A  EF49  F013         	goto	u1981
  6887   00268E  EF4B  F013         	goto	u1980
  6888   002692                     u1981:
  6889   002692  EF55  F013         	goto	l3095
  6890   002696                     u1980:
  6891   002696  0E00               	movlw	0
  6892   002698  6E0F               	movwf	?___fldiv^0,c
  6893   00269A  0E00               	movlw	0
  6894   00269C  6E10               	movwf	(?___fldiv+1)^0,c
  6895   00269E  0E00               	movlw	0
  6896   0026A0  6E11               	movwf	(?___fldiv+2)^0,c
  6897   0026A2  0E00               	movlw	0
  6898   0026A4  6E12               	movwf	(?___fldiv+3)^0,c
  6899   0026A6  EF83  F014         	goto	l1424
  6900   0026AA                     l3095:
  6901   0026AA  5027               	movf	___fldiv@aexp^0,w,c
  6902   0026AC  C026  F017         	movff	___fldiv@bexp,??___fldiv
  6903   0026B0  6A18               	clrf	(??___fldiv+1)^0,c
  6904   0026B2  5E17               	subwf	??___fldiv^0,f,c
  6905   0026B4  0E00               	movlw	0
  6906   0026B6  5A18               	subwfb	(??___fldiv+1)^0,f,c
  6907   0026B8  0E7F               	movlw	127
  6908   0026BA  2417               	addwf	??___fldiv^0,w,c
  6909   0026BC  6E20               	movwf	___fldiv@new_exp^0,c
  6910   0026BE  0E00               	movlw	0
  6911   0026C0  2018               	addwfc	(??___fldiv+1)^0,w,c
  6912   0026C2  6E21               	movwf	(___fldiv@new_exp+1)^0,c
  6913   0026C4  C00F  F01B         	movff	___fldiv@b,___fldiv@rem
  6914   0026C8  C010  F01C         	movff	___fldiv@b+1,___fldiv@rem+1
  6915   0026CC  C011  F01D         	movff	___fldiv@b+2,___fldiv@rem+2
  6916   0026D0  C012  F01E         	movff	___fldiv@b+3,___fldiv@rem+3
  6917   0026D4  0E00               	movlw	0
  6918   0026D6  6E0F               	movwf	___fldiv@b^0,c
  6919   0026D8  0E00               	movlw	0
  6920   0026DA  6E10               	movwf	(___fldiv@b+1)^0,c
  6921   0026DC  0E00               	movlw	0
  6922   0026DE  6E11               	movwf	(___fldiv@b+2)^0,c
  6923   0026E0  0E00               	movlw	0
  6924   0026E2  6E12               	movwf	(___fldiv@b+3)^0,c
  6925   0026E4  0E00               	movlw	0
  6926   0026E6  6E22               	movwf	___fldiv@grs^0,c
  6927   0026E8  0E00               	movlw	0
  6928   0026EA  6E23               	movwf	(___fldiv@grs+1)^0,c
  6929   0026EC  0E00               	movlw	0
  6930   0026EE  6E24               	movwf	(___fldiv@grs+2)^0,c
  6931   0026F0  0E00               	movlw	0
  6932   0026F2  6E25               	movwf	(___fldiv@grs+3)^0,c
  6933   0026F4  6A27               	clrf	___fldiv@aexp^0,c
  6934   0026F6  EFB5  F013         	goto	l1426
  6935   0026FA                     l3105:
  6936   0026FA  5027               	movf	___fldiv@aexp^0,w,c
  6937   0026FC  B4D8               	btfsc	status,2,c
  6938   0026FE  EF83  F013         	goto	u1991
  6939   002702  EF85  F013         	goto	u1990
  6940   002706                     u1991:
  6941   002706  EF9C  F013         	goto	l3113
  6942   00270A                     u1990:
  6943   00270A  90D8               	bcf	status,0,c
  6944   00270C  361B               	rlcf	___fldiv@rem^0,f,c
  6945   00270E  361C               	rlcf	(___fldiv@rem+1)^0,f,c
  6946   002710  361D               	rlcf	(___fldiv@rem+2)^0,f,c
  6947   002712  361E               	rlcf	(___fldiv@rem+3)^0,f,c
  6948   002714  90D8               	bcf	status,0,c
  6949   002716  360F               	rlcf	___fldiv@b^0,f,c
  6950   002718  3610               	rlcf	(___fldiv@b+1)^0,f,c
  6951   00271A  3611               	rlcf	(___fldiv@b+2)^0,f,c
  6952   00271C  3612               	rlcf	(___fldiv@b+3)^0,f,c
  6953   00271E  AE25               	btfss	(___fldiv@grs+3)^0,7,c
  6954   002720  EF94  F013         	goto	u2001
  6955   002724  EF96  F013         	goto	u2000
  6956   002728                     u2001:
  6957   002728  EF97  F013         	goto	l1429
  6958   00272C                     u2000:
  6959   00272C  800F               	bsf	___fldiv@b^0,0,c
  6960   00272E                     l1429:
  6961   00272E  90D8               	bcf	status,0,c
  6962   002730  3622               	rlcf	___fldiv@grs^0,f,c
  6963   002732  3623               	rlcf	(___fldiv@grs+1)^0,f,c
  6964   002734  3624               	rlcf	(___fldiv@grs+2)^0,f,c
  6965   002736  3625               	rlcf	(___fldiv@grs+3)^0,f,c
  6966   002738                     l3113:
  6967   002738  5013               	movf	___fldiv@a^0,w,c
  6968   00273A  5C1B               	subwf	___fldiv@rem^0,w,c
  6969   00273C  5014               	movf	(___fldiv@a+1)^0,w,c
  6970   00273E  581C               	subwfb	(___fldiv@rem+1)^0,w,c
  6971   002740  5015               	movf	(___fldiv@a+2)^0,w,c
  6972   002742  581D               	subwfb	(___fldiv@rem+2)^0,w,c
  6973   002744  5016               	movf	(___fldiv@a+3)^0,w,c
  6974   002746  581E               	subwfb	(___fldiv@rem+3)^0,w,c
  6975   002748  A0D8               	btfss	status,0,c
  6976   00274A  EFA9  F013         	goto	u2011
  6977   00274E  EFAB  F013         	goto	u2010
  6978   002752                     u2011:
  6979   002752  EFB4  F013         	goto	l3119
  6980   002756                     u2010:
  6981   002756  8C25               	bsf	(___fldiv@grs+3)^0,6,c
  6982   002758  5013               	movf	___fldiv@a^0,w,c
  6983   00275A  5E1B               	subwf	___fldiv@rem^0,f,c
  6984   00275C  5014               	movf	(___fldiv@a+1)^0,w,c
  6985   00275E  5A1C               	subwfb	(___fldiv@rem+1)^0,f,c
  6986   002760  5015               	movf	(___fldiv@a+2)^0,w,c
  6987   002762  5A1D               	subwfb	(___fldiv@rem+2)^0,f,c
  6988   002764  5016               	movf	(___fldiv@a+3)^0,w,c
  6989   002766  5A1E               	subwfb	(___fldiv@rem+3)^0,f,c
  6990   002768                     l3119:
  6991   002768  2A27               	incf	___fldiv@aexp^0,f,c
  6992   00276A                     l1426:
  6993   00276A  0E19               	movlw	25
  6994   00276C  6427               	cpfsgt	___fldiv@aexp^0,c
  6995   00276E  EFBB  F013         	goto	u2021
  6996   002772  EFBD  F013         	goto	u2020
  6997   002776                     u2021:
  6998   002776  EF7D  F013         	goto	l3105
  6999   00277A                     u2020:
  7000   00277A  501B               	movf	___fldiv@rem^0,w,c
  7001   00277C  101C               	iorwf	(___fldiv@rem+1)^0,w,c
  7002   00277E  101D               	iorwf	(___fldiv@rem+2)^0,w,c
  7003   002780  101E               	iorwf	(___fldiv@rem+3)^0,w,c
  7004   002782  B4D8               	btfsc	status,2,c
  7005   002784  EFC6  F013         	goto	u2031
  7006   002788  EFC8  F013         	goto	u2030
  7007   00278C                     u2031:
  7008   00278C  EFE0  F013         	goto	l3131
  7009   002790                     u2030:
  7010   002790  8022               	bsf	___fldiv@grs^0,0,c
  7011   002792  EFE0  F013         	goto	l3131
  7012   002796                     l3125:
  7013   002796  90D8               	bcf	status,0,c
  7014   002798  360F               	rlcf	___fldiv@b^0,f,c
  7015   00279A  3610               	rlcf	(___fldiv@b+1)^0,f,c
  7016   00279C  3611               	rlcf	(___fldiv@b+2)^0,f,c
  7017   00279E  3612               	rlcf	(___fldiv@b+3)^0,f,c
  7018   0027A0  AE25               	btfss	(___fldiv@grs+3)^0,7,c
  7019   0027A2  EFD5  F013         	goto	u2041
  7020   0027A6  EFD7  F013         	goto	u2040
  7021   0027AA                     u2041:
  7022   0027AA  EFD8  F013         	goto	l1435
  7023   0027AE                     u2040:
  7024   0027AE  800F               	bsf	___fldiv@b^0,0,c
  7025   0027B0                     l1435:
  7026   0027B0  90D8               	bcf	status,0,c
  7027   0027B2  3622               	rlcf	___fldiv@grs^0,f,c
  7028   0027B4  3623               	rlcf	(___fldiv@grs+1)^0,f,c
  7029   0027B6  3624               	rlcf	(___fldiv@grs+2)^0,f,c
  7030   0027B8  3625               	rlcf	(___fldiv@grs+3)^0,f,c
  7031   0027BA  0620               	decf	___fldiv@new_exp^0,f,c
  7032   0027BC  A0D8               	btfss	status,0,c
  7033   0027BE  0621               	decf	(___fldiv@new_exp+1)^0,f,c
  7034   0027C0                     l3131:
  7035   0027C0  AE11               	btfss	(___fldiv@b+2)^0,7,c
  7036   0027C2  EFE5  F013         	goto	u2051
  7037   0027C6  EFE7  F013         	goto	u2050
  7038   0027CA                     u2051:
  7039   0027CA  EFCB  F013         	goto	l3125
  7040   0027CE                     u2050:
  7041   0027CE  6A27               	clrf	___fldiv@aexp^0,c
  7042   0027D0  AE25               	btfss	(___fldiv@grs+3)^0,7,c
  7043   0027D2  EFED  F013         	goto	u2061
  7044   0027D6  EFEF  F013         	goto	u2060
  7045   0027DA                     u2061:
  7046   0027DA  EF13  F014         	goto	l1437
  7047   0027DE                     u2060:
  7048   0027DE  0EFF               	movlw	255
  7049   0027E0  1422               	andwf	___fldiv@grs^0,w,c
  7050   0027E2  6E17               	movwf	??___fldiv^0,c
  7051   0027E4  0EFF               	movlw	255
  7052   0027E6  1423               	andwf	(___fldiv@grs+1)^0,w,c
  7053   0027E8  6E18               	movwf	(??___fldiv+1)^0,c
  7054   0027EA  0EFF               	movlw	255
  7055   0027EC  1424               	andwf	(___fldiv@grs+2)^0,w,c
  7056   0027EE  6E19               	movwf	(??___fldiv+2)^0,c
  7057   0027F0  0E7F               	movlw	127
  7058   0027F2  1425               	andwf	(___fldiv@grs+3)^0,w,c
  7059   0027F4  6E1A               	movwf	(??___fldiv+3)^0,c
  7060   0027F6  5017               	movf	??___fldiv^0,w,c
  7061   0027F8  1018               	iorwf	(??___fldiv+1)^0,w,c
  7062   0027FA  1019               	iorwf	(??___fldiv+2)^0,w,c
  7063   0027FC  101A               	iorwf	(??___fldiv+3)^0,w,c
  7064   0027FE  B4D8               	btfsc	status,2,c
  7065   002800  EF04  F014         	goto	u2071
  7066   002804  EF06  F014         	goto	u2070
  7067   002808                     u2071:
  7068   002808  EF0A  F014         	goto	l1438
  7069   00280C                     u2070:
  7070   00280C                     l3135:
  7071   00280C  0E01               	movlw	1
  7072   00280E  6E27               	movwf	___fldiv@aexp^0,c
  7073   002810  EF13  F014         	goto	l1437
  7074   002814                     l1438:
  7075   002814  A00F               	btfss	___fldiv@b^0,0,c
  7076   002816  EF0F  F014         	goto	u2081
  7077   00281A  EF11  F014         	goto	u2080
  7078   00281E                     u2081:
  7079   00281E  EF13  F014         	goto	l1437
  7080   002822                     u2080:
  7081   002822  EF06  F014         	goto	l3135
  7082   002826                     l1437:
  7083   002826  5027               	movf	___fldiv@aexp^0,w,c
  7084   002828  B4D8               	btfsc	status,2,c
  7085   00282A  EF19  F014         	goto	u2091
  7086   00282E  EF1B  F014         	goto	u2090
  7087   002832                     u2091:
  7088   002832  EF3F  F014         	goto	l3147
  7089   002836                     u2090:
  7090   002836  0E01               	movlw	1
  7091   002838  260F               	addwf	___fldiv@b^0,f,c
  7092   00283A  0E00               	movlw	0
  7093   00283C  2210               	addwfc	(___fldiv@b+1)^0,f,c
  7094   00283E  2211               	addwfc	(___fldiv@b+2)^0,f,c
  7095   002840  2212               	addwfc	(___fldiv@b+3)^0,f,c
  7096   002842  A012               	btfss	(___fldiv@b+3)^0,0,c
  7097   002844  EF26  F014         	goto	u2101
  7098   002848  EF28  F014         	goto	u2100
  7099   00284C                     u2101:
  7100   00284C  EF3F  F014         	goto	l3147
  7101   002850                     u2100:
  7102   002850  C00F  F017         	movff	___fldiv@b,??___fldiv
  7103   002854  C010  F018         	movff	___fldiv@b+1,??___fldiv+1
  7104   002858  C011  F019         	movff	___fldiv@b+2,??___fldiv+2
  7105   00285C  C012  F01A         	movff	___fldiv@b+3,??___fldiv+3
  7106   002860  341A               	rlcf	(??___fldiv+3)^0,w,c
  7107   002862  321A               	rrcf	(??___fldiv+3)^0,f,c
  7108   002864  3219               	rrcf	(??___fldiv+2)^0,f,c
  7109   002866  3218               	rrcf	(??___fldiv+1)^0,f,c
  7110   002868  3217               	rrcf	??___fldiv^0,f,c
  7111   00286A  C017  F00F         	movff	??___fldiv,___fldiv@b
  7112   00286E  C018  F010         	movff	??___fldiv+1,___fldiv@b+1
  7113   002872  C019  F011         	movff	??___fldiv+2,___fldiv@b+2
  7114   002876  C01A  F012         	movff	??___fldiv+3,___fldiv@b+3
  7115   00287A  4A20               	infsnz	___fldiv@new_exp^0,f,c
  7116   00287C  2A21               	incf	(___fldiv@new_exp+1)^0,f,c
  7117   00287E                     l3147:
  7118   00287E  BE21               	btfsc	(___fldiv@new_exp+1)^0,7,c
  7119   002880  EF4A  F014         	goto	u2111
  7120   002884  5021               	movf	(___fldiv@new_exp+1)^0,w,c
  7121   002886  E108               	bnz	u2110
  7122   002888  2820               	incf	___fldiv@new_exp^0,w,c
  7123   00288A  A0D8               	btfss	status,0,c
  7124   00288C  EF4A  F014         	goto	u2111
  7125   002890  EF4C  F014         	goto	u2110
  7126   002894                     u2111:
  7127   002894  EF57  F014         	goto	l3151
  7128   002898                     u2110:
  7129   002898  0E00               	movlw	0
  7130   00289A  6E21               	movwf	(___fldiv@new_exp+1)^0,c
  7131   00289C  6820               	setf	___fldiv@new_exp^0,c
  7132   00289E  0E00               	movlw	0
  7133   0028A0  6E0F               	movwf	___fldiv@b^0,c
  7134   0028A2  0E00               	movlw	0
  7135   0028A4  6E10               	movwf	(___fldiv@b+1)^0,c
  7136   0028A6  0E00               	movlw	0
  7137   0028A8  6E11               	movwf	(___fldiv@b+2)^0,c
  7138   0028AA  0E00               	movlw	0
  7139   0028AC  6E12               	movwf	(___fldiv@b+3)^0,c
  7140   0028AE                     l3151:
  7141   0028AE  BE21               	btfsc	(___fldiv@new_exp+1)^0,7,c
  7142   0028B0  EF64  F014         	goto	u2120
  7143   0028B4  5021               	movf	(___fldiv@new_exp+1)^0,w,c
  7144   0028B6  E106               	bnz	u2121
  7145   0028B8  0420               	decf	___fldiv@new_exp^0,w,c
  7146   0028BA  B0D8               	btfsc	status,0,c
  7147   0028BC  EF62  F014         	goto	u2121
  7148   0028C0  EF64  F014         	goto	u2120
  7149   0028C4                     u2121:
  7150   0028C4  EF71  F014         	goto	l3157
  7151   0028C8                     u2120:
  7152   0028C8  0E00               	movlw	0
  7153   0028CA  6E21               	movwf	(___fldiv@new_exp+1)^0,c
  7154   0028CC  0E00               	movlw	0
  7155   0028CE  6E20               	movwf	___fldiv@new_exp^0,c
  7156   0028D0  0E00               	movlw	0
  7157   0028D2  6E0F               	movwf	___fldiv@b^0,c
  7158   0028D4  0E00               	movlw	0
  7159   0028D6  6E10               	movwf	(___fldiv@b+1)^0,c
  7160   0028D8  0E00               	movlw	0
  7161   0028DA  6E11               	movwf	(___fldiv@b+2)^0,c
  7162   0028DC  0E00               	movlw	0
  7163   0028DE  6E12               	movwf	(___fldiv@b+3)^0,c
  7164   0028E0  6A1F               	clrf	___fldiv@sign^0,c
  7165   0028E2                     l3157:
  7166   0028E2  C020  F026         	movff	___fldiv@new_exp,___fldiv@bexp
  7167   0028E6  A026               	btfss	___fldiv@bexp^0,0,c
  7168   0028E8  EF78  F014         	goto	u2131
  7169   0028EC  EF7A  F014         	goto	u2130
  7170   0028F0                     u2131:
  7171   0028F0  EF7D  F014         	goto	l3163
  7172   0028F4                     u2130:
  7173   0028F4  8E11               	bsf	(___fldiv@b+2)^0,7,c
  7174   0028F6  EF7E  F014         	goto	l3165
  7175   0028FA                     l3163:
  7176   0028FA  9E11               	bcf	(___fldiv@b+2)^0,7,c
  7177   0028FC                     l3165:
  7178   0028FC  90D8               	bcf	status,0,c
  7179   0028FE  3026               	rrcf	___fldiv@bexp^0,w,c
  7180   002900  6E12               	movwf	(___fldiv@b+3)^0,c
  7181   002902  EF37  F013         	goto	l3081
  7182   002906                     l1424:
  7183   002906  0012               	return		;funcret
  7184   002908                     __end_of___fldiv:
  7185                           	callstack 0
  7186                           
  7187 ;; *************** function _set_time *****************
  7188 ;; Defined at:
  7189 ;;		line 328 in file "car_black_box.c"
  7190 ;; Parameters:    Size  Location     Type
  7191 ;;		None
  7192 ;; Auto vars:     Size  Location     Type
  7193 ;;		None
  7194 ;; Return value:  Size  Location     Type
  7195 ;;                  1    wreg      void 
  7196 ;; Registers used:
  7197 ;;		wreg, fsr1l, fsr1h, fsr2l, fsr2h, status,2, status,0, tblptrl, tblptrh, tblptru, prodl, prodh, cstack
  7198 ;; Tracked objects:
  7199 ;;		On entry : 0/0
  7200 ;;		On exit  : 0/0
  7201 ;;		Unchanged: 0/0
  7202 ;; Data sizes:     COMRAM   BANK0   BANK1   BANK2   BANK3   BANK4   BANK5
  7203 ;;      Params:         0       0       0       0       0       0       0
  7204 ;;      Locals:         0       0       0       0       0       0       0
  7205 ;;      Temps:          2       0       0       0       0       0       0
  7206 ;;      Totals:         2       0       0       0       0       0       0
  7207 ;;Total ram usage:        2 bytes
  7208 ;; Hardware stack levels used: 1
  7209 ;; Hardware stack levels required when called: 5
  7210 ;; This function calls:
  7211 ;;		___awdiv
  7212 ;;		___awmod
  7213 ;;		_clcd_print
  7214 ;;		_clcd_putch
  7215 ;;		_clcd_write
  7216 ;;		_event_store
  7217 ;;		_write_ds1307
  7218 ;; This function is called by:
  7219 ;;		_main
  7220 ;; This function uses a non-reentrant model
  7221 ;;
  7222                           
  7223                           	psect	text9
  7224   002908                     __ptext9:
  7225                           	callstack 0
  7226   002908                     _set_time:
  7227                           	callstack 25
  7228   002908                     
  7229                           ;car_black_box.c: 335:     clcd_print("HH:MM:SS", (0x80 + (3)));
  7230   002908  0ED7               	movlw	low STR_34
  7231   00290A  6E03               	movwf	clcd_print@data^0,c
  7232   00290C  0E2F               	movlw	high STR_34
  7233   00290E  6E04               	movwf	(clcd_print@data+1)^0,c
  7234   002910  0E83               	movlw	131
  7235   002912  6E05               	movwf	clcd_print@addr^0,c
  7236   002914  ECD0  F009         	call	_clcd_print	;wreg free
  7237   002918                     
  7238                           ;car_black_box.c: 337:     if (a == 0) {
  7239   002918  5039               	movf	_a^0,w,c
  7240   00291A  103A               	iorwf	(_a+1)^0,w,c
  7241   00291C  A4D8               	btfss	status,2,c
  7242   00291E  EF93  F014         	goto	u2651
  7243   002922  EF95  F014         	goto	u2650
  7244   002926                     u2651:
  7245   002926  EFAC  F014         	goto	l3549
  7246   00292A                     u2650:
  7247   00292A                     
  7248                           ;car_black_box.c: 339:         hour = (time[0] - '0') * 10 + (time[1] - '0');
  7249   00292A  0100               	movlb	0	; () banked
  7250   00292C  51E1               	movf	_time& (0+255),w,b
  7251   00292E  0D0A               	mullw	10
  7252   002930  50F3               	movf	243,w,c
  7253   002932  25E2               	addwf	(_time+1)& (0+255),w,b
  7254   002934  0FF0               	addlw	240
  7255   002936  6E57               	movwf	_hour^0,c
  7256                           
  7257                           ;car_black_box.c: 340:         min = (time[3] - '0') * 10 + (time[4] - '0');
  7258   002938  51E4               	movf	(_time+3)& (0+255),w,b
  7259   00293A  0D0A               	mullw	10
  7260   00293C  50F3               	movf	243,w,c
  7261   00293E  25E5               	addwf	(_time+4)& (0+255),w,b
  7262   002940  0FF0               	addlw	240
  7263   002942  6E56               	movwf	_min^0,c
  7264                           
  7265                           ;car_black_box.c: 341:         sec = (time[6] - '0') * 10 + (time[7] - '0');
  7266   002944  51E7               	movf	(_time+6)& (0+255),w,b
  7267   002946  0D0A               	mullw	10
  7268   002948  50F3               	movf	243,w,c
  7269   00294A  25E8               	addwf	(_time+7)& (0+255),w,b
  7270   00294C  0FF0               	addlw	240
  7271   00294E  6E55               	movwf	_sec^0,c
  7272   002950                     
  7273                           ; BSR set to: 0
  7274                           ;car_black_box.c: 342:         a = 1;
  7275   002950  0E00               	movlw	0
  7276   002952  6E3A               	movwf	(_a+1)^0,c
  7277   002954  0E01               	movlw	1
  7278   002956  6E39               	movwf	_a^0,c
  7279   002958                     l3549:
  7280                           
  7281                           ;car_black_box.c: 345:     if (field == 0) {
  7282   002958  503D               	movf	_field^0,w,c
  7283   00295A  103E               	iorwf	(_field+1)^0,w,c
  7284   00295C  A4D8               	btfss	status,2,c
  7285   00295E  EFB3  F014         	goto	u2661
  7286   002962  EFB5  F014         	goto	u2660
  7287   002966                     u2661:
  7288   002966  EF2E  F015         	goto	l3567
  7289   00296A                     u2660:
  7290   00296A                     
  7291                           ;car_black_box.c: 346:         clcd_putch(min % 10 + '0', (0xC0 + (7)));
  7292   00296A  0EC7               	movlw	199
  7293   00296C  6E09               	movwf	clcd_putch@addr^0,c
  7294   00296E  C056  F001         	movff	_min,___awmod@dividend
  7295   002972  6A02               	clrf	(___awmod@dividend+1)^0,c
  7296   002974  0E00               	movlw	0
  7297   002976  6E04               	movwf	(___awmod@divisor+1)^0,c
  7298   002978  0E0A               	movlw	10
  7299   00297A  6E03               	movwf	___awmod@divisor^0,c
  7300   00297C  EC0E  F00B         	call	___awmod	;wreg free
  7301   002980  5001               	movf	?___awmod^0,w,c
  7302   002982  0F30               	addlw	48
  7303   002984  ECFA  F007         	call	_clcd_putch
  7304                           
  7305                           ;car_black_box.c: 347:         clcd_putch(min / 10 + '0', (0xC0 + (6)));
  7306   002988  0EC6               	movlw	198
  7307   00298A  6E09               	movwf	clcd_putch@addr^0,c
  7308   00298C  C056  F001         	movff	_min,___awdiv@dividend
  7309   002990  6A02               	clrf	(___awdiv@dividend+1)^0,c
  7310   002992  0E00               	movlw	0
  7311   002994  6E04               	movwf	(___awdiv@divisor+1)^0,c
  7312   002996  0E0A               	movlw	10
  7313   002998  6E03               	movwf	___awdiv@divisor^0,c
  7314   00299A  EC65  F00B         	call	___awdiv	;wreg free
  7315   00299E  5001               	movf	?___awdiv^0,w,c
  7316   0029A0  0F30               	addlw	48
  7317   0029A2  ECFA  F007         	call	_clcd_putch
  7318   0029A6                     
  7319                           ;car_black_box.c: 348:         clcd_putch(':', (0xC0 + (8)));
  7320   0029A6  0EC8               	movlw	200
  7321   0029A8  6E09               	movwf	clcd_putch@addr^0,c
  7322   0029AA  0E3A               	movlw	58
  7323   0029AC  ECFA  F007         	call	_clcd_putch
  7324   0029B0                     
  7325                           ;car_black_box.c: 349:         clcd_putch(sec % 10 + '0', (0xC0 + (10)));
  7326   0029B0  0ECA               	movlw	202
  7327   0029B2  6E09               	movwf	clcd_putch@addr^0,c
  7328   0029B4  C055  F001         	movff	_sec,___awmod@dividend
  7329   0029B8  6A02               	clrf	(___awmod@dividend+1)^0,c
  7330   0029BA  0E00               	movlw	0
  7331   0029BC  6E04               	movwf	(___awmod@divisor+1)^0,c
  7332   0029BE  0E0A               	movlw	10
  7333   0029C0  6E03               	movwf	___awmod@divisor^0,c
  7334   0029C2  EC0E  F00B         	call	___awmod	;wreg free
  7335   0029C6  5001               	movf	?___awmod^0,w,c
  7336   0029C8  0F30               	addlw	48
  7337   0029CA  ECFA  F007         	call	_clcd_putch
  7338   0029CE                     
  7339                           ;car_black_box.c: 350:         clcd_putch(sec / 10 + '0', (0xC0 + (9)));
  7340   0029CE  0EC9               	movlw	201
  7341   0029D0  6E09               	movwf	clcd_putch@addr^0,c
  7342   0029D2  C055  F001         	movff	_sec,___awdiv@dividend
  7343   0029D6  6A02               	clrf	(___awdiv@dividend+1)^0,c
  7344   0029D8  0E00               	movlw	0
  7345   0029DA  6E04               	movwf	(___awdiv@divisor+1)^0,c
  7346   0029DC  0E0A               	movlw	10
  7347   0029DE  6E03               	movwf	___awdiv@divisor^0,c
  7348   0029E0  EC65  F00B         	call	___awdiv	;wreg free
  7349   0029E4  5001               	movf	?___awdiv^0,w,c
  7350   0029E6  0F30               	addlw	48
  7351   0029E8  ECFA  F007         	call	_clcd_putch
  7352   0029EC                     
  7353                           ;car_black_box.c: 351:         clcd_putch(':', (0xC0 + (5)));
  7354   0029EC  0EC5               	movlw	197
  7355   0029EE  6E09               	movwf	clcd_putch@addr^0,c
  7356   0029F0  0E3A               	movlw	58
  7357   0029F2  ECFA  F007         	call	_clcd_putch
  7358   0029F6                     
  7359                           ;car_black_box.c: 353:         if (blink) {
  7360   0029F6  503F               	movf	_blink^0,w,c
  7361   0029F8  1040               	iorwf	(_blink+1)^0,w,c
  7362   0029FA  B4D8               	btfsc	status,2,c
  7363   0029FC  EF02  F015         	goto	u2671
  7364   002A00  EF04  F015         	goto	u2670
  7365   002A04                     u2671:
  7366   002A04  EF24  F015         	goto	l3565
  7367   002A08                     u2670:
  7368   002A08                     
  7369                           ;car_black_box.c: 354:             clcd_putch(hour % 10 + '0', (0xC0 + (4)));
  7370   002A08  0EC4               	movlw	196
  7371   002A0A  6E09               	movwf	clcd_putch@addr^0,c
  7372   002A0C  C057  F001         	movff	_hour,___awmod@dividend
  7373   002A10  6A02               	clrf	(___awmod@dividend+1)^0,c
  7374   002A12  0E00               	movlw	0
  7375   002A14  6E04               	movwf	(___awmod@divisor+1)^0,c
  7376   002A16  0E0A               	movlw	10
  7377   002A18  6E03               	movwf	___awmod@divisor^0,c
  7378   002A1A  EC0E  F00B         	call	___awmod	;wreg free
  7379   002A1E  5001               	movf	?___awmod^0,w,c
  7380   002A20  0F30               	addlw	48
  7381   002A22  ECFA  F007         	call	_clcd_putch
  7382                           
  7383                           ;car_black_box.c: 355:             clcd_putch(hour / 10 + '0', (0xC0 + (3)));
  7384   002A26  0EC3               	movlw	195
  7385   002A28  6E09               	movwf	clcd_putch@addr^0,c
  7386   002A2A  C057  F001         	movff	_hour,___awdiv@dividend
  7387   002A2E  6A02               	clrf	(___awdiv@dividend+1)^0,c
  7388   002A30  0E00               	movlw	0
  7389   002A32  6E04               	movwf	(___awdiv@divisor+1)^0,c
  7390   002A34  0E0A               	movlw	10
  7391   002A36  6E03               	movwf	___awdiv@divisor^0,c
  7392   002A38  EC65  F00B         	call	___awdiv	;wreg free
  7393   002A3C  5001               	movf	?___awdiv^0,w,c
  7394   002A3E  0F30               	addlw	48
  7395   002A40  ECFA  F007         	call	_clcd_putch
  7396                           
  7397                           ;car_black_box.c: 356:         } else {
  7398   002A44  EF31  F016         	goto	l3603
  7399   002A48                     l3565:
  7400                           
  7401                           ;car_black_box.c: 357:             clcd_print("  ", (0xC0 + (3)));
  7402   002A48  0E2A               	movlw	low (STR_24+14)
  7403   002A4A  6E03               	movwf	clcd_print@data^0,c
  7404   002A4C  0E2F               	movlw	high (STR_24+14)
  7405   002A4E  6E04               	movwf	(clcd_print@data+1)^0,c
  7406   002A50  0EC3               	movlw	195
  7407   002A52  6E05               	movwf	clcd_print@addr^0,c
  7408   002A54  ECD0  F009         	call	_clcd_print	;wreg free
  7409   002A58  EF31  F016         	goto	l3603
  7410   002A5C                     l3567:
  7411   002A5C  043D               	decf	_field^0,w,c
  7412   002A5E  103E               	iorwf	(_field+1)^0,w,c
  7413   002A60  A4D8               	btfss	status,2,c
  7414   002A62  EF35  F015         	goto	u2681
  7415   002A66  EF37  F015         	goto	u2680
  7416   002A6A                     u2681:
  7417   002A6A  EFB0  F015         	goto	l3585
  7418   002A6E                     u2680:
  7419   002A6E                     
  7420                           ;car_black_box.c: 360:         clcd_putch(hour % 10 + '0', (0xC0 + (4)));
  7421   002A6E  0EC4               	movlw	196
  7422   002A70  6E09               	movwf	clcd_putch@addr^0,c
  7423   002A72  C057  F001         	movff	_hour,___awmod@dividend
  7424   002A76  6A02               	clrf	(___awmod@dividend+1)^0,c
  7425   002A78  0E00               	movlw	0
  7426   002A7A  6E04               	movwf	(___awmod@divisor+1)^0,c
  7427   002A7C  0E0A               	movlw	10
  7428   002A7E  6E03               	movwf	___awmod@divisor^0,c
  7429   002A80  EC0E  F00B         	call	___awmod	;wreg free
  7430   002A84  5001               	movf	?___awmod^0,w,c
  7431   002A86  0F30               	addlw	48
  7432   002A88  ECFA  F007         	call	_clcd_putch
  7433                           
  7434                           ;car_black_box.c: 361:         clcd_putch(hour / 10 + '0', (0xC0 + (3)));
  7435   002A8C  0EC3               	movlw	195
  7436   002A8E  6E09               	movwf	clcd_putch@addr^0,c
  7437   002A90  C057  F001         	movff	_hour,___awdiv@dividend
  7438   002A94  6A02               	clrf	(___awdiv@dividend+1)^0,c
  7439   002A96  0E00               	movlw	0
  7440   002A98  6E04               	movwf	(___awdiv@divisor+1)^0,c
  7441   002A9A  0E0A               	movlw	10
  7442   002A9C  6E03               	movwf	___awdiv@divisor^0,c
  7443   002A9E  EC65  F00B         	call	___awdiv	;wreg free
  7444   002AA2  5001               	movf	?___awdiv^0,w,c
  7445   002AA4  0F30               	addlw	48
  7446   002AA6  ECFA  F007         	call	_clcd_putch
  7447   002AAA                     
  7448                           ;car_black_box.c: 362:         clcd_putch(':', (0xC0 + (5)));
  7449   002AAA  0EC5               	movlw	197
  7450   002AAC  6E09               	movwf	clcd_putch@addr^0,c
  7451   002AAE  0E3A               	movlw	58
  7452   002AB0  ECFA  F007         	call	_clcd_putch
  7453   002AB4                     
  7454                           ;car_black_box.c: 363:         clcd_putch(sec % 10 + '0', (0xC0 + (10)));
  7455   002AB4  0ECA               	movlw	202
  7456   002AB6  6E09               	movwf	clcd_putch@addr^0,c
  7457   002AB8  C055  F001         	movff	_sec,___awmod@dividend
  7458   002ABC  6A02               	clrf	(___awmod@dividend+1)^0,c
  7459   002ABE  0E00               	movlw	0
  7460   002AC0  6E04               	movwf	(___awmod@divisor+1)^0,c
  7461   002AC2  0E0A               	movlw	10
  7462   002AC4  6E03               	movwf	___awmod@divisor^0,c
  7463   002AC6  EC0E  F00B         	call	___awmod	;wreg free
  7464   002ACA  5001               	movf	?___awmod^0,w,c
  7465   002ACC  0F30               	addlw	48
  7466   002ACE  ECFA  F007         	call	_clcd_putch
  7467   002AD2                     
  7468                           ;car_black_box.c: 364:         clcd_putch(sec / 10 + '0', (0xC0 + (9)));
  7469   002AD2  0EC9               	movlw	201
  7470   002AD4  6E09               	movwf	clcd_putch@addr^0,c
  7471   002AD6  C055  F001         	movff	_sec,___awdiv@dividend
  7472   002ADA  6A02               	clrf	(___awdiv@dividend+1)^0,c
  7473   002ADC  0E00               	movlw	0
  7474   002ADE  6E04               	movwf	(___awdiv@divisor+1)^0,c
  7475   002AE0  0E0A               	movlw	10
  7476   002AE2  6E03               	movwf	___awdiv@divisor^0,c
  7477   002AE4  EC65  F00B         	call	___awdiv	;wreg free
  7478   002AE8  5001               	movf	?___awdiv^0,w,c
  7479   002AEA  0F30               	addlw	48
  7480   002AEC  ECFA  F007         	call	_clcd_putch
  7481   002AF0                     
  7482                           ;car_black_box.c: 365:         clcd_putch(':', (0xC0 + (8)));
  7483   002AF0  0EC8               	movlw	200
  7484   002AF2  6E09               	movwf	clcd_putch@addr^0,c
  7485   002AF4  0E3A               	movlw	58
  7486   002AF6  ECFA  F007         	call	_clcd_putch
  7487   002AFA                     
  7488                           ;car_black_box.c: 367:         if (blink) {
  7489   002AFA  503F               	movf	_blink^0,w,c
  7490   002AFC  1040               	iorwf	(_blink+1)^0,w,c
  7491   002AFE  B4D8               	btfsc	status,2,c
  7492   002B00  EF84  F015         	goto	u2691
  7493   002B04  EF86  F015         	goto	u2690
  7494   002B08                     u2691:
  7495   002B08  EFA6  F015         	goto	l3583
  7496   002B0C                     u2690:
  7497   002B0C                     
  7498                           ;car_black_box.c: 368:             clcd_putch(min % 10 + '0', (0xC0 + (7)));
  7499   002B0C  0EC7               	movlw	199
  7500   002B0E  6E09               	movwf	clcd_putch@addr^0,c
  7501   002B10  C056  F001         	movff	_min,___awmod@dividend
  7502   002B14  6A02               	clrf	(___awmod@dividend+1)^0,c
  7503   002B16  0E00               	movlw	0
  7504   002B18  6E04               	movwf	(___awmod@divisor+1)^0,c
  7505   002B1A  0E0A               	movlw	10
  7506   002B1C  6E03               	movwf	___awmod@divisor^0,c
  7507   002B1E  EC0E  F00B         	call	___awmod	;wreg free
  7508   002B22  5001               	movf	?___awmod^0,w,c
  7509   002B24  0F30               	addlw	48
  7510   002B26  ECFA  F007         	call	_clcd_putch
  7511                           
  7512                           ;car_black_box.c: 369:             clcd_putch(min / 10 + '0', (0xC0 + (6)));
  7513   002B2A  0EC6               	movlw	198
  7514   002B2C  6E09               	movwf	clcd_putch@addr^0,c
  7515   002B2E  C056  F001         	movff	_min,___awdiv@dividend
  7516   002B32  6A02               	clrf	(___awdiv@dividend+1)^0,c
  7517   002B34  0E00               	movlw	0
  7518   002B36  6E04               	movwf	(___awdiv@divisor+1)^0,c
  7519   002B38  0E0A               	movlw	10
  7520   002B3A  6E03               	movwf	___awdiv@divisor^0,c
  7521   002B3C  EC65  F00B         	call	___awdiv	;wreg free
  7522   002B40  5001               	movf	?___awdiv^0,w,c
  7523   002B42  0F30               	addlw	48
  7524   002B44  ECFA  F007         	call	_clcd_putch
  7525                           
  7526                           ;car_black_box.c: 370:         } else {
  7527   002B48  EF31  F016         	goto	l3603
  7528   002B4C                     l3583:
  7529                           
  7530                           ;car_black_box.c: 371:             clcd_print("  ", (0xC0 + (6)));
  7531   002B4C  0E2A               	movlw	low (STR_24+14)
  7532   002B4E  6E03               	movwf	clcd_print@data^0,c
  7533   002B50  0E2F               	movlw	high (STR_24+14)
  7534   002B52  6E04               	movwf	(clcd_print@data+1)^0,c
  7535   002B54  0EC6               	movlw	198
  7536   002B56  6E05               	movwf	clcd_print@addr^0,c
  7537   002B58  ECD0  F009         	call	_clcd_print	;wreg free
  7538   002B5C  EF31  F016         	goto	l3603
  7539   002B60                     l3585:
  7540   002B60  0E02               	movlw	2
  7541   002B62  183D               	xorwf	_field^0,w,c
  7542   002B64  103E               	iorwf	(_field+1)^0,w,c
  7543   002B66  A4D8               	btfss	status,2,c
  7544   002B68  EFB8  F015         	goto	u2701
  7545   002B6C  EFBA  F015         	goto	u2700
  7546   002B70                     u2701:
  7547   002B70  EF31  F016         	goto	l3603
  7548   002B74                     u2700:
  7549   002B74                     
  7550                           ;car_black_box.c: 374:         clcd_putch(hour % 10 + '0', (0xC0 + (4)));
  7551   002B74  0EC4               	movlw	196
  7552   002B76  6E09               	movwf	clcd_putch@addr^0,c
  7553   002B78  C057  F001         	movff	_hour,___awmod@dividend
  7554   002B7C  6A02               	clrf	(___awmod@dividend+1)^0,c
  7555   002B7E  0E00               	movlw	0
  7556   002B80  6E04               	movwf	(___awmod@divisor+1)^0,c
  7557   002B82  0E0A               	movlw	10
  7558   002B84  6E03               	movwf	___awmod@divisor^0,c
  7559   002B86  EC0E  F00B         	call	___awmod	;wreg free
  7560   002B8A  5001               	movf	?___awmod^0,w,c
  7561   002B8C  0F30               	addlw	48
  7562   002B8E  ECFA  F007         	call	_clcd_putch
  7563                           
  7564                           ;car_black_box.c: 375:         clcd_putch(hour / 10 + '0', (0xC0 + (3)));
  7565   002B92  0EC3               	movlw	195
  7566   002B94  6E09               	movwf	clcd_putch@addr^0,c
  7567   002B96  C057  F001         	movff	_hour,___awdiv@dividend
  7568   002B9A  6A02               	clrf	(___awdiv@dividend+1)^0,c
  7569   002B9C  0E00               	movlw	0
  7570   002B9E  6E04               	movwf	(___awdiv@divisor+1)^0,c
  7571   002BA0  0E0A               	movlw	10
  7572   002BA2  6E03               	movwf	___awdiv@divisor^0,c
  7573   002BA4  EC65  F00B         	call	___awdiv	;wreg free
  7574   002BA8  5001               	movf	?___awdiv^0,w,c
  7575   002BAA  0F30               	addlw	48
  7576   002BAC  ECFA  F007         	call	_clcd_putch
  7577   002BB0                     
  7578                           ;car_black_box.c: 376:         clcd_putch(':', (0xC0 + (5)));
  7579   002BB0  0EC5               	movlw	197
  7580   002BB2  6E09               	movwf	clcd_putch@addr^0,c
  7581   002BB4  0E3A               	movlw	58
  7582   002BB6  ECFA  F007         	call	_clcd_putch
  7583   002BBA                     
  7584                           ;car_black_box.c: 377:         clcd_putch(min % 10 + '0', (0xC0 + (7)));
  7585   002BBA  0EC7               	movlw	199
  7586   002BBC  6E09               	movwf	clcd_putch@addr^0,c
  7587   002BBE  C056  F001         	movff	_min,___awmod@dividend
  7588   002BC2  6A02               	clrf	(___awmod@dividend+1)^0,c
  7589   002BC4  0E00               	movlw	0
  7590   002BC6  6E04               	movwf	(___awmod@divisor+1)^0,c
  7591   002BC8  0E0A               	movlw	10
  7592   002BCA  6E03               	movwf	___awmod@divisor^0,c
  7593   002BCC  EC0E  F00B         	call	___awmod	;wreg free
  7594   002BD0  5001               	movf	?___awmod^0,w,c
  7595   002BD2  0F30               	addlw	48
  7596   002BD4  ECFA  F007         	call	_clcd_putch
  7597   002BD8                     
  7598                           ;car_black_box.c: 378:         clcd_putch(min / 10 + '0', (0xC0 + (6)));
  7599   002BD8  0EC6               	movlw	198
  7600   002BDA  6E09               	movwf	clcd_putch@addr^0,c
  7601   002BDC  C056  F001         	movff	_min,___awdiv@dividend
  7602   002BE0  6A02               	clrf	(___awdiv@dividend+1)^0,c
  7603   002BE2  0E00               	movlw	0
  7604   002BE4  6E04               	movwf	(___awdiv@divisor+1)^0,c
  7605   002BE6  0E0A               	movlw	10
  7606   002BE8  6E03               	movwf	___awdiv@divisor^0,c
  7607   002BEA  EC65  F00B         	call	___awdiv	;wreg free
  7608   002BEE  5001               	movf	?___awdiv^0,w,c
  7609   002BF0  0F30               	addlw	48
  7610   002BF2  ECFA  F007         	call	_clcd_putch
  7611   002BF6                     
  7612                           ;car_black_box.c: 379:         clcd_putch(':', (0xC0 + (8)));
  7613   002BF6  0EC8               	movlw	200
  7614   002BF8  6E09               	movwf	clcd_putch@addr^0,c
  7615   002BFA  0E3A               	movlw	58
  7616   002BFC  ECFA  F007         	call	_clcd_putch
  7617   002C00                     
  7618                           ;car_black_box.c: 381:         if (blink) {
  7619   002C00  503F               	movf	_blink^0,w,c
  7620   002C02  1040               	iorwf	(_blink+1)^0,w,c
  7621   002C04  B4D8               	btfsc	status,2,c
  7622   002C06  EF07  F016         	goto	u2711
  7623   002C0A  EF09  F016         	goto	u2710
  7624   002C0E                     u2711:
  7625   002C0E  EF29  F016         	goto	l3601
  7626   002C12                     u2710:
  7627   002C12                     
  7628                           ;car_black_box.c: 382:             clcd_putch(sec % 10 + '0', (0xC0 + (10)));
  7629   002C12  0ECA               	movlw	202
  7630   002C14  6E09               	movwf	clcd_putch@addr^0,c
  7631   002C16  C055  F001         	movff	_sec,___awmod@dividend
  7632   002C1A  6A02               	clrf	(___awmod@dividend+1)^0,c
  7633   002C1C  0E00               	movlw	0
  7634   002C1E  6E04               	movwf	(___awmod@divisor+1)^0,c
  7635   002C20  0E0A               	movlw	10
  7636   002C22  6E03               	movwf	___awmod@divisor^0,c
  7637   002C24  EC0E  F00B         	call	___awmod	;wreg free
  7638   002C28  5001               	movf	?___awmod^0,w,c
  7639   002C2A  0F30               	addlw	48
  7640   002C2C  ECFA  F007         	call	_clcd_putch
  7641                           
  7642                           ;car_black_box.c: 383:             clcd_putch(sec / 10 + '0', (0xC0 + (9)));
  7643   002C30  0EC9               	movlw	201
  7644   002C32  6E09               	movwf	clcd_putch@addr^0,c
  7645   002C34  C055  F001         	movff	_sec,___awdiv@dividend
  7646   002C38  6A02               	clrf	(___awdiv@dividend+1)^0,c
  7647   002C3A  0E00               	movlw	0
  7648   002C3C  6E04               	movwf	(___awdiv@divisor+1)^0,c
  7649   002C3E  0E0A               	movlw	10
  7650   002C40  6E03               	movwf	___awdiv@divisor^0,c
  7651   002C42  EC65  F00B         	call	___awdiv	;wreg free
  7652   002C46  5001               	movf	?___awdiv^0,w,c
  7653   002C48  0F30               	addlw	48
  7654   002C4A  ECFA  F007         	call	_clcd_putch
  7655                           
  7656                           ;car_black_box.c: 384:         } else {
  7657   002C4E  EF31  F016         	goto	l3603
  7658   002C52                     l3601:
  7659                           
  7660                           ;car_black_box.c: 385:             clcd_print("  ", (0xC0 + (9)));
  7661   002C52  0E2A               	movlw	low (STR_24+14)
  7662   002C54  6E03               	movwf	clcd_print@data^0,c
  7663   002C56  0E2F               	movlw	high (STR_24+14)
  7664   002C58  6E04               	movwf	(clcd_print@data+1)^0,c
  7665   002C5A  0EC9               	movlw	201
  7666   002C5C  6E05               	movwf	clcd_print@addr^0,c
  7667   002C5E  ECD0  F009         	call	_clcd_print	;wreg free
  7668   002C62                     l3603:
  7669                           
  7670                           ;car_black_box.c: 390:     if (key == 2) {
  7671   002C62  0E02               	movlw	2
  7672   002C64  1859               	xorwf	_key^0,w,c
  7673   002C66  A4D8               	btfss	status,2,c
  7674   002C68  EF38  F016         	goto	u2721
  7675   002C6C  EF3A  F016         	goto	u2720
  7676   002C70                     u2721:
  7677   002C70  EF4C  F016         	goto	l3607
  7678   002C74                     u2720:
  7679   002C74                     
  7680                           ;car_black_box.c: 391:         field = (field + 1) % 3;
  7681   002C74  0E01               	movlw	1
  7682   002C76  243D               	addwf	_field^0,w,c
  7683   002C78  6E01               	movwf	___awmod@dividend^0,c
  7684   002C7A  0E00               	movlw	0
  7685   002C7C  203E               	addwfc	(_field+1)^0,w,c
  7686   002C7E  6E02               	movwf	(___awmod@dividend+1)^0,c
  7687   002C80  0E00               	movlw	0
  7688   002C82  6E04               	movwf	(___awmod@divisor+1)^0,c
  7689   002C84  0E03               	movlw	3
  7690   002C86  6E03               	movwf	___awmod@divisor^0,c
  7691   002C88  EC0E  F00B         	call	___awmod	;wreg free
  7692   002C8C  C001  F03D         	movff	?___awmod,_field
  7693   002C90  C002  F03E         	movff	?___awmod+1,_field+1
  7694                           
  7695                           ;car_black_box.c: 392:     } else if (key == 1) {
  7696   002C94  EF6C  F017         	goto	l3661
  7697   002C98                     l3607:
  7698   002C98  0459               	decf	_key^0,w,c
  7699   002C9A  A4D8               	btfss	status,2,c
  7700   002C9C  EF52  F016         	goto	u2731
  7701   002CA0  EF54  F016         	goto	u2730
  7702   002CA4                     u2731:
  7703   002CA4  EFA0  F016         	goto	l3621
  7704   002CA8                     u2730:
  7705   002CA8                     
  7706                           ;car_black_box.c: 393:         if (field == 0)
  7707   002CA8  503D               	movf	_field^0,w,c
  7708   002CAA  103E               	iorwf	(_field+1)^0,w,c
  7709   002CAC  A4D8               	btfss	status,2,c
  7710   002CAE  EF5B  F016         	goto	u2741
  7711   002CB2  EF5D  F016         	goto	u2740
  7712   002CB6                     u2741:
  7713   002CB6  EF6D  F016         	goto	l3613
  7714   002CBA                     u2740:
  7715   002CBA                     
  7716                           ;car_black_box.c: 394:             hour = (hour + 1) % 24;
  7717   002CBA  0E01               	movlw	1
  7718   002CBC  2457               	addwf	_hour^0,w,c
  7719   002CBE  6E01               	movwf	___awmod@dividend^0,c
  7720   002CC0  6A02               	clrf	(___awmod@dividend+1)^0,c
  7721   002CC2  0E00               	movlw	0
  7722   002CC4  2202               	addwfc	(___awmod@dividend+1)^0,f,c
  7723   002CC6  0E00               	movlw	0
  7724   002CC8  6E04               	movwf	(___awmod@divisor+1)^0,c
  7725   002CCA  0E18               	movlw	24
  7726   002CCC  6E03               	movwf	___awmod@divisor^0,c
  7727   002CCE  EC0E  F00B         	call	___awmod	;wreg free
  7728   002CD2  5001               	movf	?___awmod^0,w,c
  7729   002CD4  6E57               	movwf	_hour^0,c
  7730   002CD6  EF6C  F017         	goto	l3661
  7731   002CDA                     l3613:
  7732   002CDA  043D               	decf	_field^0,w,c
  7733   002CDC  103E               	iorwf	(_field+1)^0,w,c
  7734   002CDE  A4D8               	btfss	status,2,c
  7735   002CE0  EF74  F016         	goto	u2751
  7736   002CE4  EF76  F016         	goto	u2750
  7737   002CE8                     u2751:
  7738   002CE8  EF86  F016         	goto	l3617
  7739   002CEC                     u2750:
  7740   002CEC                     
  7741                           ;car_black_box.c: 396:             min = (min + 1) % 60;
  7742   002CEC  0E01               	movlw	1
  7743   002CEE  2456               	addwf	_min^0,w,c
  7744   002CF0  6E01               	movwf	___awmod@dividend^0,c
  7745   002CF2  6A02               	clrf	(___awmod@dividend+1)^0,c
  7746   002CF4  0E00               	movlw	0
  7747   002CF6  2202               	addwfc	(___awmod@dividend+1)^0,f,c
  7748   002CF8  0E00               	movlw	0
  7749   002CFA  6E04               	movwf	(___awmod@divisor+1)^0,c
  7750   002CFC  0E3C               	movlw	60
  7751   002CFE  6E03               	movwf	___awmod@divisor^0,c
  7752   002D00  EC0E  F00B         	call	___awmod	;wreg free
  7753   002D04  5001               	movf	?___awmod^0,w,c
  7754   002D06  6E56               	movwf	_min^0,c
  7755   002D08  EF6C  F017         	goto	l3661
  7756   002D0C                     l3617:
  7757   002D0C  0E02               	movlw	2
  7758   002D0E  183D               	xorwf	_field^0,w,c
  7759   002D10  103E               	iorwf	(_field+1)^0,w,c
  7760   002D12  A4D8               	btfss	status,2,c
  7761   002D14  EF8E  F016         	goto	u2761
  7762   002D18  EF90  F016         	goto	u2760
  7763   002D1C                     u2761:
  7764   002D1C  EF6C  F017         	goto	l443
  7765   002D20                     u2760:
  7766   002D20                     
  7767                           ;car_black_box.c: 398:             sec = (sec + 1) % 60;
  7768   002D20  0E01               	movlw	1
  7769   002D22  2455               	addwf	_sec^0,w,c
  7770   002D24  6E01               	movwf	___awmod@dividend^0,c
  7771   002D26  6A02               	clrf	(___awmod@dividend+1)^0,c
  7772   002D28  0E00               	movlw	0
  7773   002D2A  2202               	addwfc	(___awmod@dividend+1)^0,f,c
  7774   002D2C  0E00               	movlw	0
  7775   002D2E  6E04               	movwf	(___awmod@divisor+1)^0,c
  7776   002D30  0E3C               	movlw	60
  7777   002D32  6E03               	movwf	___awmod@divisor^0,c
  7778   002D34  EC0E  F00B         	call	___awmod	;wreg free
  7779   002D38  5001               	movf	?___awmod^0,w,c
  7780   002D3A  6E55               	movwf	_sec^0,c
  7781   002D3C  EF6C  F017         	goto	l3661
  7782   002D40                     l3621:
  7783   002D40  0E0B               	movlw	11
  7784   002D42  1859               	xorwf	_key^0,w,c
  7785   002D44  A4D8               	btfss	status,2,c
  7786   002D46  EFA7  F016         	goto	u2771
  7787   002D4A  EFA9  F016         	goto	u2770
  7788   002D4E                     u2771:
  7789   002D4E  EF2F  F017         	goto	l3641
  7790   002D52                     u2770:
  7791   002D52                     
  7792                           ;car_black_box.c: 401:         write_ds1307(0x00, ((sec / 10) << 4) | (sec % 10));
  7793   002D52  C055  F001         	movff	_sec,___awmod@dividend
  7794   002D56  6A02               	clrf	(___awmod@dividend+1)^0,c
  7795   002D58  0E00               	movlw	0
  7796   002D5A  6E04               	movwf	(___awmod@divisor+1)^0,c
  7797   002D5C  0E0A               	movlw	10
  7798   002D5E  6E03               	movwf	___awmod@divisor^0,c
  7799   002D60  EC0E  F00B         	call	___awmod	;wreg free
  7800   002D64  C001  F00E         	movff	?___awmod,??_set_time
  7801   002D68  C002  F00F         	movff	?___awmod+1,??_set_time+1
  7802   002D6C  C055  F001         	movff	_sec,___awdiv@dividend
  7803   002D70  6A02               	clrf	(___awdiv@dividend+1)^0,c
  7804   002D72  0E00               	movlw	0
  7805   002D74  6E04               	movwf	(___awdiv@divisor+1)^0,c
  7806   002D76  0E0A               	movlw	10
  7807   002D78  6E03               	movwf	___awdiv@divisor^0,c
  7808   002D7A  EC65  F00B         	call	___awdiv	;wreg free
  7809   002D7E  3801               	swapf	?___awdiv^0,w,c
  7810   002D80  0BF0               	andlw	240
  7811   002D82  100E               	iorwf	??_set_time^0,w,c
  7812   002D84  6E09               	movwf	write_ds1307@data^0,c
  7813   002D86  0E00               	movlw	0
  7814   002D88  EC14  F008         	call	_write_ds1307
  7815                           
  7816                           ;car_black_box.c: 402:         write_ds1307(0x01, ((min / 10) << 4) | (min % 10));
  7817   002D8C  C056  F001         	movff	_min,___awmod@dividend
  7818   002D90  6A02               	clrf	(___awmod@dividend+1)^0,c
  7819   002D92  0E00               	movlw	0
  7820   002D94  6E04               	movwf	(___awmod@divisor+1)^0,c
  7821   002D96  0E0A               	movlw	10
  7822   002D98  6E03               	movwf	___awmod@divisor^0,c
  7823   002D9A  EC0E  F00B         	call	___awmod	;wreg free
  7824   002D9E  C001  F00E         	movff	?___awmod,??_set_time
  7825   002DA2  C002  F00F         	movff	?___awmod+1,??_set_time+1
  7826   002DA6  C056  F001         	movff	_min,___awdiv@dividend
  7827   002DAA  6A02               	clrf	(___awdiv@dividend+1)^0,c
  7828   002DAC  0E00               	movlw	0
  7829   002DAE  6E04               	movwf	(___awdiv@divisor+1)^0,c
  7830   002DB0  0E0A               	movlw	10
  7831   002DB2  6E03               	movwf	___awdiv@divisor^0,c
  7832   002DB4  EC65  F00B         	call	___awdiv	;wreg free
  7833   002DB8  3801               	swapf	?___awdiv^0,w,c
  7834   002DBA  0BF0               	andlw	240
  7835   002DBC  100E               	iorwf	??_set_time^0,w,c
  7836   002DBE  6E09               	movwf	write_ds1307@data^0,c
  7837   002DC0  0E01               	movlw	1
  7838   002DC2  EC14  F008         	call	_write_ds1307
  7839                           
  7840                           ;car_black_box.c: 403:         write_ds1307(0x02, ((hour / 10) << 4) | (hour % 10));
  7841   002DC6  C057  F001         	movff	_hour,___awmod@dividend
  7842   002DCA  6A02               	clrf	(___awmod@dividend+1)^0,c
  7843   002DCC  0E00               	movlw	0
  7844   002DCE  6E04               	movwf	(___awmod@divisor+1)^0,c
  7845   002DD0  0E0A               	movlw	10
  7846   002DD2  6E03               	movwf	___awmod@divisor^0,c
  7847   002DD4  EC0E  F00B         	call	___awmod	;wreg free
  7848   002DD8  C001  F00E         	movff	?___awmod,??_set_time
  7849   002DDC  C002  F00F         	movff	?___awmod+1,??_set_time+1
  7850   002DE0  C057  F001         	movff	_hour,___awdiv@dividend
  7851   002DE4  6A02               	clrf	(___awdiv@dividend+1)^0,c
  7852   002DE6  0E00               	movlw	0
  7853   002DE8  6E04               	movwf	(___awdiv@divisor+1)^0,c
  7854   002DEA  0E0A               	movlw	10
  7855   002DEC  6E03               	movwf	___awdiv@divisor^0,c
  7856   002DEE  EC65  F00B         	call	___awdiv	;wreg free
  7857   002DF2  3801               	swapf	?___awdiv^0,w,c
  7858   002DF4  0BF0               	andlw	240
  7859   002DF6  100E               	iorwf	??_set_time^0,w,c
  7860   002DF8  6E09               	movwf	write_ds1307@data^0,c
  7861   002DFA  0E02               	movlw	2
  7862   002DFC  EC14  F008         	call	_write_ds1307
  7863   002E00                     
  7864                           ;car_black_box.c: 406:         clcd_print("TIME SAVED", (0x80 + (3)));
  7865   002E00  0ECC               	movlw	low STR_38
  7866   002E02  6E03               	movwf	clcd_print@data^0,c
  7867   002E04  0E2F               	movlw	high STR_38
  7868   002E06  6E04               	movwf	(clcd_print@data+1)^0,c
  7869   002E08  0E83               	movlw	131
  7870   002E0A  6E05               	movwf	clcd_print@addr^0,c
  7871   002E0C  ECD0  F009         	call	_clcd_print	;wreg free
  7872   002E10                     
  7873                           ;car_black_box.c: 407:         clcd_print("SUCCESSFULLY", (0xC0 + (2)));
  7874   002E10  0EB3               	movlw	low STR_39
  7875   002E12  6E03               	movwf	clcd_print@data^0,c
  7876   002E14  0E2F               	movlw	high STR_39
  7877   002E16  6E04               	movwf	(clcd_print@data+1)^0,c
  7878   002E18  0EC2               	movlw	194
  7879   002E1A  6E05               	movwf	clcd_print@addr^0,c
  7880   002E1C  ECD0  F009         	call	_clcd_print	;wreg free
  7881   002E20                     
  7882                           ;car_black_box.c: 409:         _delay((unsigned long)((2000)*(20000000/4000.0)));
  7883   002E20  0E33               	movlw	51
  7884   002E22  6E0F               	movwf	(??_set_time+1)^0,c
  7885   002E24  0EBB               	movlw	187
  7886   002E26  6E0E               	movwf	??_set_time^0,c
  7887   002E28  0EE0               	movlw	224
  7888   002E2A                     u2827:
  7889   002E2A  2EE8               	decfsz	wreg,f,c
  7890   002E2C  D7FE               	bra	u2827
  7891   002E2E  2E0E               	decfsz	??_set_time^0,f,c
  7892   002E30  D7FC               	bra	u2827
  7893   002E32  2E0F               	decfsz	(??_set_time+1)^0,f,c
  7894   002E34  D7FA               	bra	u2827
  7895   002E36                     
  7896                           ;car_black_box.c: 410:          clcd_write(0x01, 0);
  7897   002E36  0E00               	movlw	0
  7898   002E38  6E01               	movwf	clcd_write@control_bit^0,c
  7899   002E3A  0E01               	movlw	1
  7900   002E3C  EC77  F008         	call	_clcd_write
  7901   002E40                     
  7902                           ;car_black_box.c: 412:         i = 9;
  7903   002E40  0E00               	movlw	0
  7904   002E42  6E4C               	movwf	(_i+1)^0,c
  7905   002E44  0E09               	movlw	9
  7906   002E46  6E4B               	movwf	_i^0,c
  7907   002E48                     
  7908                           ;car_black_box.c: 413:         event_store();
  7909   002E48  EC42  F009         	call	_event_store	;wreg free
  7910   002E4C                     
  7911                           ;car_black_box.c: 414:         flag = 0;
  7912   002E4C  0E00               	movlw	0
  7913   002E4E  0100               	movlb	0	; () banked
  7914   002E50  6FE0               	movwf	(_flag+1)& (0+255),b
  7915   002E52  0E00               	movlw	0
  7916   002E54  6FDF               	movwf	_flag& (0+255),b
  7917   002E56                     
  7918                           ; BSR set to: 0
  7919                           ;car_black_box.c: 415:         state = e_main_menu;
  7920   002E56  0E01               	movlw	1
  7921   002E58  6E54               	movwf	_state^0,c
  7922                           
  7923                           ;car_black_box.c: 416:     } else if (key == 12) {
  7924   002E5A  EF6C  F017         	goto	l3661
  7925   002E5E                     l3641:
  7926   002E5E  0E0C               	movlw	12
  7927   002E60  1859               	xorwf	_key^0,w,c
  7928   002E62  A4D8               	btfss	status,2,c
  7929   002E64  EF36  F017         	goto	u2781
  7930   002E68  EF38  F017         	goto	u2780
  7931   002E6C                     u2781:
  7932   002E6C  EF6C  F017         	goto	l443
  7933   002E70                     u2780:
  7934   002E70                     
  7935                           ;car_black_box.c: 417:         clcd_write(0x01, 0);
  7936   002E70  0E00               	movlw	0
  7937   002E72  6E01               	movwf	clcd_write@control_bit^0,c
  7938   002E74  0E01               	movlw	1
  7939   002E76  EC77  F008         	call	_clcd_write
  7940   002E7A                     
  7941                           ;car_black_box.c: 418:         clcd_print("TIME NOT SAVED", (0x80 + (1)));
  7942   002E7A  0EA4               	movlw	low STR_40
  7943   002E7C  6E03               	movwf	clcd_print@data^0,c
  7944   002E7E  0E2F               	movlw	high STR_40
  7945   002E80  6E04               	movwf	(clcd_print@data+1)^0,c
  7946   002E82  0E81               	movlw	129
  7947   002E84  6E05               	movwf	clcd_print@addr^0,c
  7948   002E86  ECD0  F009         	call	_clcd_print	;wreg free
  7949   002E8A                     
  7950                           ;car_black_box.c: 419:         clcd_print("SUCCESSFULLY", (0xC0 + (2)));
  7951   002E8A  0EB3               	movlw	low STR_39
  7952   002E8C  6E03               	movwf	clcd_print@data^0,c
  7953   002E8E  0E2F               	movlw	high STR_39
  7954   002E90  6E04               	movwf	(clcd_print@data+1)^0,c
  7955   002E92  0EC2               	movlw	194
  7956   002E94  6E05               	movwf	clcd_print@addr^0,c
  7957   002E96  ECD0  F009         	call	_clcd_print	;wreg free
  7958   002E9A                     
  7959                           ;car_black_box.c: 421:         _delay((unsigned long)((2000)*(20000000/4000.0)));
  7960   002E9A  0E33               	movlw	51
  7961   002E9C  6E0F               	movwf	(??_set_time+1)^0,c
  7962   002E9E  0EBB               	movlw	187
  7963   002EA0  6E0E               	movwf	??_set_time^0,c
  7964   002EA2  0EE0               	movlw	224
  7965   002EA4                     u2837:
  7966   002EA4  2EE8               	decfsz	wreg,f,c
  7967   002EA6  D7FE               	bra	u2837
  7968   002EA8  2E0E               	decfsz	??_set_time^0,f,c
  7969   002EAA  D7FC               	bra	u2837
  7970   002EAC  2E0F               	decfsz	(??_set_time+1)^0,f,c
  7971   002EAE  D7FA               	bra	u2837
  7972   002EB0                     
  7973                           ;car_black_box.c: 423:         i = 9;
  7974   002EB0  0E00               	movlw	0
  7975   002EB2  6E4C               	movwf	(_i+1)^0,c
  7976   002EB4  0E09               	movlw	9
  7977   002EB6  6E4B               	movwf	_i^0,c
  7978   002EB8                     
  7979                           ;car_black_box.c: 424:         event_store();
  7980   002EB8  EC42  F009         	call	_event_store	;wreg free
  7981   002EBC                     
  7982                           ;car_black_box.c: 425:         flag = 0;
  7983   002EBC  0E00               	movlw	0
  7984   002EBE  0100               	movlb	0	; () banked
  7985   002EC0  6FE0               	movwf	(_flag+1)& (0+255),b
  7986   002EC2  0E00               	movlw	0
  7987   002EC4  6FDF               	movwf	_flag& (0+255),b
  7988   002EC6                     
  7989                           ; BSR set to: 0
  7990                           ;car_black_box.c: 426:         state = e_main_menu;
  7991   002EC6  0E01               	movlw	1
  7992   002EC8  6E54               	movwf	_state^0,c
  7993   002ECA                     
  7994                           ; BSR set to: 0
  7995                           ;car_black_box.c: 427:         clcd_write(0x01, 0);
  7996   002ECA  0E00               	movlw	0
  7997   002ECC  6E01               	movwf	clcd_write@control_bit^0,c
  7998   002ECE  0E01               	movlw	1
  7999   002ED0  EC77  F008         	call	_clcd_write
  8000   002ED4  EF6C  F017         	goto	l3661
  8001   002ED8                     l443:
  8002   002ED8                     l3661:
  8003                           
  8004                           ;car_black_box.c: 432:     if (delay++ == 150) {
  8005   002ED8  4A3B               	infsnz	_delay^0,f,c
  8006   002EDA  2A3C               	incf	(_delay+1)^0,f,c
  8007   002EDC  0E97               	movlw	151
  8008   002EDE  183B               	xorwf	_delay^0,w,c
  8009   002EE0  103C               	iorwf	(_delay+1)^0,w,c
  8010   002EE2  A4D8               	btfss	status,2,c
  8011   002EE4  EF76  F017         	goto	u2791
  8012   002EE8  EF78  F017         	goto	u2790
  8013   002EEC                     u2791:
  8014   002EEC  EF7E  F017         	goto	l448
  8015   002EF0                     u2790:
  8016   002EF0                     
  8017                           ;car_black_box.c: 433:         delay = 0;
  8018   002EF0  0E00               	movlw	0
  8019   002EF2  6E3C               	movwf	(_delay+1)^0,c
  8020   002EF4  0E00               	movlw	0
  8021   002EF6  6E3B               	movwf	_delay^0,c
  8022   002EF8                     
  8023                           ;car_black_box.c: 434:         blink = ~blink;
  8024   002EF8  1E3F               	comf	_blink^0,f,c
  8025   002EFA  1E40               	comf	(_blink+1)^0,f,c
  8026   002EFC                     l448:
  8027   002EFC  0012               	return		;funcret
  8028   002EFE                     __end_of_set_time:
  8029                           	callstack 0
  8030                           
  8031 ;; *************** function _clcd_putch *****************
  8032 ;; Defined at:
  8033 ;;		line 51 in file "clcd.c"
  8034 ;; Parameters:    Size  Location     Type
  8035 ;;  data            1    wreg     const unsigned char 
  8036 ;;  addr            1    8[COMRAM] unsigned char 
  8037 ;; Auto vars:     Size  Location     Type
  8038 ;;  data            1    9[COMRAM] const unsigned char 
  8039 ;; Return value:  Size  Location     Type
  8040 ;;                  1    wreg      void 
  8041 ;; Registers used:
  8042 ;;		wreg, status,2, cstack
  8043 ;; Tracked objects:
  8044 ;;		On entry : 0/0
  8045 ;;		On exit  : 0/0
  8046 ;;		Unchanged: 0/0
  8047 ;; Data sizes:     COMRAM   BANK0   BANK1   BANK2   BANK3   BANK4   BANK5
  8048 ;;      Params:         1       0       0       0       0       0       0
  8049 ;;      Locals:         1       0       0       0       0       0       0
  8050 ;;      Temps:          0       0       0       0       0       0       0
  8051 ;;      Totals:         2       0       0       0       0       0       0
  8052 ;;Total ram usage:        2 bytes
  8053 ;; Hardware stack levels used: 1
  8054 ;; Hardware stack levels required when called: 1
  8055 ;; This function calls:
  8056 ;;		_clcd_write
  8057 ;; This function is called by:
  8058 ;;		_view_log
  8059 ;;		_set_time
  8060 ;; This function uses a non-reentrant model
  8061 ;;
  8062                           
  8063                           	psect	text10
  8064   000FF4                     __ptext10:
  8065                           	callstack 0
  8066   000FF4                     _clcd_putch:
  8067                           	callstack 28
  8068                           
  8069                           ;incstack = 0
  8070                           ;clcd_putch@data stored from wreg
  8071   000FF4  6E0A               	movwf	clcd_putch@data^0,c
  8072   000FF6                     
  8073                           ;clcd.c: 51: void clcd_putch(const unsigned char data, unsigned char addr);clcd.c: 52: {
      +                          ;clcd.c: 53:  clcd_write(addr, 0);
  8074   000FF6  0E00               	movlw	0
  8075   000FF8  6E01               	movwf	clcd_write@control_bit^0,c
  8076   000FFA  5009               	movf	clcd_putch@addr^0,w,c
  8077   000FFC  EC77  F008         	call	_clcd_write
  8078                           
  8079                           ;clcd.c: 54:  clcd_write(data, 1);
  8080   001000  0E01               	movlw	1
  8081   001002  6E01               	movwf	clcd_write@control_bit^0,c
  8082   001004  500A               	movf	clcd_putch@data^0,w,c
  8083   001006  EC77  F008         	call	_clcd_write
  8084   00100A  0012               	return		;funcret
  8085   00100C                     __end_of_clcd_putch:
  8086                           	callstack 0
  8087                           
  8088 ;; *************** function ___awmod *****************
  8089 ;; Defined at:
  8090 ;;		line 7 in file "D:\XC8_compiler\pic\sources\c99\common\awmod.c"
  8091 ;; Parameters:    Size  Location     Type
  8092 ;;  dividend        2    0[COMRAM] int 
  8093 ;;  divisor         2    2[COMRAM] int 
  8094 ;; Auto vars:     Size  Location     Type
  8095 ;;  sign            1    5[COMRAM] unsigned char 
  8096 ;;  counter         1    4[COMRAM] unsigned char 
  8097 ;; Return value:  Size  Location     Type
  8098 ;;                  2    0[COMRAM] int 
  8099 ;; Registers used:
  8100 ;;		wreg, status,2, status,0
  8101 ;; Tracked objects:
  8102 ;;		On entry : 0/0
  8103 ;;		On exit  : 0/0
  8104 ;;		Unchanged: 0/0
  8105 ;; Data sizes:     COMRAM   BANK0   BANK1   BANK2   BANK3   BANK4   BANK5
  8106 ;;      Params:         4       0       0       0       0       0       0
  8107 ;;      Locals:         2       0       0       0       0       0       0
  8108 ;;      Temps:          0       0       0       0       0       0       0
  8109 ;;      Totals:         6       0       0       0       0       0       0
  8110 ;;Total ram usage:        6 bytes
  8111 ;; Hardware stack levels used: 1
  8112 ;; This function calls:
  8113 ;;		Nothing
  8114 ;; This function is called by:
  8115 ;;		_int_to_str
  8116 ;;		_set_time
  8117 ;; This function uses a non-reentrant model
  8118 ;;
  8119                           
  8120                           	psect	text11
  8121   00161C                     __ptext11:
  8122                           	callstack 0
  8123   00161C                     ___awmod:
  8124                           	callstack 28
  8125   00161C  6A06               	clrf	___awmod@sign^0,c
  8126   00161E  BE02               	btfsc	(___awmod@dividend+1)^0,7,c
  8127   001620  EF16  F00B         	goto	u1670
  8128   001624  EF14  F00B         	goto	u1671
  8129   001628                     u1671:
  8130   001628  EF1C  F00B         	goto	l2873
  8131   00162C                     u1670:
  8132   00162C  6C01               	negf	___awmod@dividend^0,c
  8133   00162E  1E02               	comf	(___awmod@dividend+1)^0,f,c
  8134   001630  B0D8               	btfsc	status,0,c
  8135   001632  2A02               	incf	(___awmod@dividend+1)^0,f,c
  8136   001634  0E01               	movlw	1
  8137   001636  6E06               	movwf	___awmod@sign^0,c
  8138   001638                     l2873:
  8139   001638  BE04               	btfsc	(___awmod@divisor+1)^0,7,c
  8140   00163A  EF23  F00B         	goto	u1680
  8141   00163E  EF21  F00B         	goto	u1681
  8142   001642                     u1681:
  8143   001642  EF27  F00B         	goto	l2877
  8144   001646                     u1680:
  8145   001646  6C03               	negf	___awmod@divisor^0,c
  8146   001648  1E04               	comf	(___awmod@divisor+1)^0,f,c
  8147   00164A  B0D8               	btfsc	status,0,c
  8148   00164C  2A04               	incf	(___awmod@divisor+1)^0,f,c
  8149   00164E                     l2877:
  8150   00164E  5003               	movf	___awmod@divisor^0,w,c
  8151   001650  1004               	iorwf	(___awmod@divisor+1)^0,w,c
  8152   001652  B4D8               	btfsc	status,2,c
  8153   001654  EF2E  F00B         	goto	u1691
  8154   001658  EF30  F00B         	goto	u1690
  8155   00165C                     u1691:
  8156   00165C  EF54  F00B         	goto	l2893
  8157   001660                     u1690:
  8158   001660  0E01               	movlw	1
  8159   001662  6E05               	movwf	___awmod@counter^0,c
  8160   001664  EF38  F00B         	goto	l2883
  8161   001668                     l2881:
  8162   001668  90D8               	bcf	status,0,c
  8163   00166A  3603               	rlcf	___awmod@divisor^0,f,c
  8164   00166C  3604               	rlcf	(___awmod@divisor+1)^0,f,c
  8165   00166E  2A05               	incf	___awmod@counter^0,f,c
  8166   001670                     l2883:
  8167   001670  AE04               	btfss	(___awmod@divisor+1)^0,7,c
  8168   001672  EF3D  F00B         	goto	u1701
  8169   001676  EF3F  F00B         	goto	u1700
  8170   00167A                     u1701:
  8171   00167A  EF34  F00B         	goto	l2881
  8172   00167E                     u1700:
  8173   00167E                     l2885:
  8174   00167E  5003               	movf	___awmod@divisor^0,w,c
  8175   001680  5C01               	subwf	___awmod@dividend^0,w,c
  8176   001682  5004               	movf	(___awmod@divisor+1)^0,w,c
  8177   001684  5802               	subwfb	(___awmod@dividend+1)^0,w,c
  8178   001686  A0D8               	btfss	status,0,c
  8179   001688  EF48  F00B         	goto	u1711
  8180   00168C  EF4A  F00B         	goto	u1710
  8181   001690                     u1711:
  8182   001690  EF4E  F00B         	goto	l2889
  8183   001694                     u1710:
  8184   001694  5003               	movf	___awmod@divisor^0,w,c
  8185   001696  5E01               	subwf	___awmod@dividend^0,f,c
  8186   001698  5004               	movf	(___awmod@divisor+1)^0,w,c
  8187   00169A  5A02               	subwfb	(___awmod@dividend+1)^0,f,c
  8188   00169C                     l2889:
  8189   00169C  90D8               	bcf	status,0,c
  8190   00169E  3204               	rrcf	(___awmod@divisor+1)^0,f,c
  8191   0016A0  3203               	rrcf	___awmod@divisor^0,f,c
  8192   0016A2  2E05               	decfsz	___awmod@counter^0,f,c
  8193   0016A4  EF3F  F00B         	goto	l2885
  8194   0016A8                     l2893:
  8195   0016A8  5006               	movf	___awmod@sign^0,w,c
  8196   0016AA  B4D8               	btfsc	status,2,c
  8197   0016AC  EF5A  F00B         	goto	u1721
  8198   0016B0  EF5C  F00B         	goto	u1720
  8199   0016B4                     u1721:
  8200   0016B4  EF60  F00B         	goto	l2897
  8201   0016B8                     u1720:
  8202   0016B8  6C01               	negf	___awmod@dividend^0,c
  8203   0016BA  1E02               	comf	(___awmod@dividend+1)^0,f,c
  8204   0016BC  B0D8               	btfsc	status,0,c
  8205   0016BE  2A02               	incf	(___awmod@dividend+1)^0,f,c
  8206   0016C0                     l2897:
  8207   0016C0  C001  F001         	movff	___awmod@dividend,?___awmod
  8208   0016C4  C002  F002         	movff	___awmod@dividend+1,?___awmod+1
  8209   0016C8  0012               	return		;funcret
  8210   0016CA                     __end_of___awmod:
  8211                           	callstack 0
  8212                           
  8213 ;; *************** function ___awdiv *****************
  8214 ;; Defined at:
  8215 ;;		line 7 in file "D:\XC8_compiler\pic\sources\c99\common\awdiv.c"
  8216 ;; Parameters:    Size  Location     Type
  8217 ;;  dividend        2    0[COMRAM] int 
  8218 ;;  divisor         2    2[COMRAM] int 
  8219 ;; Auto vars:     Size  Location     Type
  8220 ;;  quotient        2    6[COMRAM] int 
  8221 ;;  sign            1    5[COMRAM] unsigned char 
  8222 ;;  counter         1    4[COMRAM] unsigned char 
  8223 ;; Return value:  Size  Location     Type
  8224 ;;                  2    0[COMRAM] int 
  8225 ;; Registers used:
  8226 ;;		wreg, status,2, status,0
  8227 ;; Tracked objects:
  8228 ;;		On entry : 0/0
  8229 ;;		On exit  : 0/0
  8230 ;;		Unchanged: 0/0
  8231 ;; Data sizes:     COMRAM   BANK0   BANK1   BANK2   BANK3   BANK4   BANK5
  8232 ;;      Params:         4       0       0       0       0       0       0
  8233 ;;      Locals:         4       0       0       0       0       0       0
  8234 ;;      Temps:          0       0       0       0       0       0       0
  8235 ;;      Totals:         8       0       0       0       0       0       0
  8236 ;;Total ram usage:        8 bytes
  8237 ;; Hardware stack levels used: 1
  8238 ;; This function calls:
  8239 ;;		Nothing
  8240 ;; This function is called by:
  8241 ;;		_int_to_str
  8242 ;;		_set_time
  8243 ;; This function uses a non-reentrant model
  8244 ;;
  8245                           
  8246                           	psect	text12
  8247   0016CA                     __ptext12:
  8248                           	callstack 0
  8249   0016CA                     ___awdiv:
  8250                           	callstack 28
  8251   0016CA  6A06               	clrf	___awdiv@sign^0,c
  8252   0016CC  BE04               	btfsc	(___awdiv@divisor+1)^0,7,c
  8253   0016CE  EF6D  F00B         	goto	u1610
  8254   0016D2  EF6B  F00B         	goto	u1611
  8255   0016D6                     u1611:
  8256   0016D6  EF73  F00B         	goto	l2829
  8257   0016DA                     u1610:
  8258   0016DA  6C03               	negf	___awdiv@divisor^0,c
  8259   0016DC  1E04               	comf	(___awdiv@divisor+1)^0,f,c
  8260   0016DE  B0D8               	btfsc	status,0,c
  8261   0016E0  2A04               	incf	(___awdiv@divisor+1)^0,f,c
  8262   0016E2  0E01               	movlw	1
  8263   0016E4  6E06               	movwf	___awdiv@sign^0,c
  8264   0016E6                     l2829:
  8265   0016E6  BE02               	btfsc	(___awdiv@dividend+1)^0,7,c
  8266   0016E8  EF7A  F00B         	goto	u1620
  8267   0016EC  EF78  F00B         	goto	u1621
  8268   0016F0                     u1621:
  8269   0016F0  EF80  F00B         	goto	l2835
  8270   0016F4                     u1620:
  8271   0016F4  6C01               	negf	___awdiv@dividend^0,c
  8272   0016F6  1E02               	comf	(___awdiv@dividend+1)^0,f,c
  8273   0016F8  B0D8               	btfsc	status,0,c
  8274   0016FA  2A02               	incf	(___awdiv@dividend+1)^0,f,c
  8275   0016FC  0E01               	movlw	1
  8276   0016FE  1A06               	xorwf	___awdiv@sign^0,f,c
  8277   001700                     l2835:
  8278   001700  0E00               	movlw	0
  8279   001702  6E08               	movwf	(___awdiv@quotient+1)^0,c
  8280   001704  0E00               	movlw	0
  8281   001706  6E07               	movwf	___awdiv@quotient^0,c
  8282   001708  5003               	movf	___awdiv@divisor^0,w,c
  8283   00170A  1004               	iorwf	(___awdiv@divisor+1)^0,w,c
  8284   00170C  B4D8               	btfsc	status,2,c
  8285   00170E  EF8B  F00B         	goto	u1631
  8286   001712  EF8D  F00B         	goto	u1630
  8287   001716                     u1631:
  8288   001716  EFB5  F00B         	goto	l2857
  8289   00171A                     u1630:
  8290   00171A  0E01               	movlw	1
  8291   00171C  6E05               	movwf	___awdiv@counter^0,c
  8292   00171E  EF95  F00B         	goto	l2843
  8293   001722                     l2841:
  8294   001722  90D8               	bcf	status,0,c
  8295   001724  3603               	rlcf	___awdiv@divisor^0,f,c
  8296   001726  3604               	rlcf	(___awdiv@divisor+1)^0,f,c
  8297   001728  2A05               	incf	___awdiv@counter^0,f,c
  8298   00172A                     l2843:
  8299   00172A  AE04               	btfss	(___awdiv@divisor+1)^0,7,c
  8300   00172C  EF9A  F00B         	goto	u1641
  8301   001730  EF9C  F00B         	goto	u1640
  8302   001734                     u1641:
  8303   001734  EF91  F00B         	goto	l2841
  8304   001738                     u1640:
  8305   001738                     l2845:
  8306   001738  90D8               	bcf	status,0,c
  8307   00173A  3607               	rlcf	___awdiv@quotient^0,f,c
  8308   00173C  3608               	rlcf	(___awdiv@quotient+1)^0,f,c
  8309   00173E  5003               	movf	___awdiv@divisor^0,w,c
  8310   001740  5C01               	subwf	___awdiv@dividend^0,w,c
  8311   001742  5004               	movf	(___awdiv@divisor+1)^0,w,c
  8312   001744  5802               	subwfb	(___awdiv@dividend+1)^0,w,c
  8313   001746  A0D8               	btfss	status,0,c
  8314   001748  EFA8  F00B         	goto	u1651
  8315   00174C  EFAA  F00B         	goto	u1650
  8316   001750                     u1651:
  8317   001750  EFAF  F00B         	goto	l2853
  8318   001754                     u1650:
  8319   001754  5003               	movf	___awdiv@divisor^0,w,c
  8320   001756  5E01               	subwf	___awdiv@dividend^0,f,c
  8321   001758  5004               	movf	(___awdiv@divisor+1)^0,w,c
  8322   00175A  5A02               	subwfb	(___awdiv@dividend+1)^0,f,c
  8323   00175C  8007               	bsf	___awdiv@quotient^0,0,c
  8324   00175E                     l2853:
  8325   00175E  90D8               	bcf	status,0,c
  8326   001760  3204               	rrcf	(___awdiv@divisor+1)^0,f,c
  8327   001762  3203               	rrcf	___awdiv@divisor^0,f,c
  8328   001764  2E05               	decfsz	___awdiv@counter^0,f,c
  8329   001766  EF9C  F00B         	goto	l2845
  8330   00176A                     l2857:
  8331   00176A  5006               	movf	___awdiv@sign^0,w,c
  8332   00176C  B4D8               	btfsc	status,2,c
  8333   00176E  EFBB  F00B         	goto	u1661
  8334   001772  EFBD  F00B         	goto	u1660
  8335   001776                     u1661:
  8336   001776  EFC1  F00B         	goto	l2861
  8337   00177A                     u1660:
  8338   00177A  6C07               	negf	___awdiv@quotient^0,c
  8339   00177C  1E08               	comf	(___awdiv@quotient+1)^0,f,c
  8340   00177E  B0D8               	btfsc	status,0,c
  8341   001780  2A08               	incf	(___awdiv@quotient+1)^0,f,c
  8342   001782                     l2861:
  8343   001782  C007  F001         	movff	___awdiv@quotient,?___awdiv
  8344   001786  C008  F002         	movff	___awdiv@quotient+1,?___awdiv+1
  8345   00178A  0012               	return		;funcret
  8346   00178C                     __end_of___awdiv:
  8347                           	callstack 0
  8348                           
  8349 ;; *************** function _read_switches *****************
  8350 ;; Defined at:
  8351 ;;		line 88 in file "matrix_keypad.c"
  8352 ;; Parameters:    Size  Location     Type
  8353 ;;  detection_ty    1    wreg     unsigned char 
  8354 ;; Auto vars:     Size  Location     Type
  8355 ;;  detection_ty    1    0[COMRAM] unsigned char 
  8356 ;; Return value:  Size  Location     Type
  8357 ;;                  1    wreg      unsigned char 
  8358 ;; Registers used:
  8359 ;;		wreg, status,2, status,0, cstack
  8360 ;; Tracked objects:
  8361 ;;		On entry : 0/0
  8362 ;;		On exit  : 0/0
  8363 ;;		Unchanged: 0/0
  8364 ;; Data sizes:     COMRAM   BANK0   BANK1   BANK2   BANK3   BANK4   BANK5
  8365 ;;      Params:         0       0       0       0       0       0       0
  8366 ;;      Locals:         1       0       0       0       0       0       0
  8367 ;;      Temps:          0       0       0       0       0       0       0
  8368 ;;      Totals:         1       0       0       0       0       0       0
  8369 ;;Total ram usage:        1 bytes
  8370 ;; Hardware stack levels used: 1
  8371 ;; Hardware stack levels required when called: 1
  8372 ;; This function calls:
  8373 ;;		_scan_key
  8374 ;; This function is called by:
  8375 ;;		_main
  8376 ;; This function uses a non-reentrant model
  8377 ;;
  8378                           
  8379                           	psect	text13
  8380   001478                     __ptext13:
  8381                           	callstack 0
  8382   001478                     _read_switches:
  8383                           	callstack 29
  8384                           
  8385                           ;incstack = 0
  8386                           ;read_switches@detection_type stored from wreg
  8387   001478  6E01               	movwf	read_switches@detection_type^0,c
  8388   00147A                     
  8389                           ;matrix_keypad.c: 88: unsigned char read_switches(unsigned char detection_type);matrix_k
      +                          eypad.c: 89: {;matrix_keypad.c: 90:  static unsigned char once = 1, key;;matrix_keypad.c
      +                          : 92:  if (detection_type == 1)
  8390   00147A  0401               	decf	read_switches@detection_type^0,w,c
  8391   00147C  A4D8               	btfss	status,2,c
  8392   00147E  EF43  F00A         	goto	u911
  8393   001482  EF45  F00A         	goto	u910
  8394   001486                     u911:
  8395   001486  EF68  F00A         	goto	l2207
  8396   00148A                     u910:
  8397   00148A                     
  8398                           ;matrix_keypad.c: 93:  {;matrix_keypad.c: 94:   key = scan_key();
  8399   00148A  EC0F  F00D         	call	_scan_key	;wreg free
  8400   00148E  6E5A               	movwf	read_switches@key^0,c
  8401   001490                     
  8402                           ;matrix_keypad.c: 95:   if(key != 0xFF && once )
  8403   001490  285A               	incf	read_switches@key^0,w,c
  8404   001492  B4D8               	btfsc	status,2,c
  8405   001494  EF4E  F00A         	goto	u921
  8406   001498  EF50  F00A         	goto	u920
  8407   00149C                     u921:
  8408   00149C  EF5C  F00A         	goto	l2203
  8409   0014A0                     u920:
  8410   0014A0  505E               	movf	read_switches@once^0,w,c
  8411   0014A2  B4D8               	btfsc	status,2,c
  8412   0014A4  EF56  F00A         	goto	u931
  8413   0014A8  EF58  F00A         	goto	u930
  8414   0014AC                     u931:
  8415   0014AC  EF5C  F00A         	goto	l2203
  8416   0014B0                     u930:
  8417   0014B0                     
  8418                           ;matrix_keypad.c: 96:   {;matrix_keypad.c: 97:    once = 0;
  8419   0014B0  6A5E               	clrf	read_switches@once^0,c
  8420   0014B2                     
  8421                           ;matrix_keypad.c: 98:    return key;
  8422   0014B2  505A               	movf	read_switches@key^0,w,c
  8423   0014B4  EF75  F00A         	goto	l79
  8424   0014B8                     l2203:
  8425   0014B8  285A               	incf	read_switches@key^0,w,c
  8426   0014BA  A4D8               	btfss	status,2,c
  8427   0014BC  EF62  F00A         	goto	u941
  8428   0014C0  EF64  F00A         	goto	u940
  8429   0014C4                     u941:
  8430   0014C4  EF74  F00A         	goto	l2213
  8431   0014C8                     u940:
  8432   0014C8                     
  8433                           ;matrix_keypad.c: 101:   {;matrix_keypad.c: 102:    once = 1;
  8434   0014C8  0E01               	movlw	1
  8435   0014CA  6E5E               	movwf	read_switches@once^0,c
  8436   0014CC  EF74  F00A         	goto	l2213
  8437   0014D0                     l2207:
  8438   0014D0  5001               	movf	read_switches@detection_type^0,w,c
  8439   0014D2  A4D8               	btfss	status,2,c
  8440   0014D4  EF6E  F00A         	goto	u951
  8441   0014D8  EF70  F00A         	goto	u950
  8442   0014DC                     u951:
  8443   0014DC  EF74  F00A         	goto	l2213
  8444   0014E0                     u950:
  8445   0014E0                     
  8446                           ;matrix_keypad.c: 106:  {;matrix_keypad.c: 107:   return scan_key();
  8447   0014E0  EC0F  F00D         	call	_scan_key	;wreg free
  8448   0014E4  EF75  F00A         	goto	l79
  8449   0014E8                     l2213:
  8450                           
  8451                           ;matrix_keypad.c: 110:  return 0xFF;
  8452   0014E8  0EFF               	movlw	255
  8453   0014EA                     l79:
  8454   0014EA  0012               	return		;funcret
  8455   0014EC                     __end_of_read_switches:
  8456                           	callstack 0
  8457                           
  8458 ;; *************** function _scan_key *****************
  8459 ;; Defined at:
  8460 ;;		line 18 in file "matrix_keypad.c"
  8461 ;; Parameters:    Size  Location     Type
  8462 ;;		None
  8463 ;; Auto vars:     Size  Location     Type
  8464 ;;		None
  8465 ;; Return value:  Size  Location     Type
  8466 ;;                  1    wreg      unsigned char 
  8467 ;; Registers used:
  8468 ;;		wreg
  8469 ;; Tracked objects:
  8470 ;;		On entry : 0/0
  8471 ;;		On exit  : 0/0
  8472 ;;		Unchanged: 0/0
  8473 ;; Data sizes:     COMRAM   BANK0   BANK1   BANK2   BANK3   BANK4   BANK5
  8474 ;;      Params:         0       0       0       0       0       0       0
  8475 ;;      Locals:         0       0       0       0       0       0       0
  8476 ;;      Temps:          0       0       0       0       0       0       0
  8477 ;;      Totals:         0       0       0       0       0       0       0
  8478 ;;Total ram usage:        0 bytes
  8479 ;; Hardware stack levels used: 1
  8480 ;; This function calls:
  8481 ;;		Nothing
  8482 ;; This function is called by:
  8483 ;;		_read_switches
  8484 ;; This function uses a non-reentrant model
  8485 ;;
  8486                           
  8487                           	psect	text14
  8488   001A1E                     __ptext14:
  8489                           	callstack 0
  8490   001A1E                     _scan_key:
  8491                           	callstack 29
  8492   001A1E                     
  8493                           ;matrix_keypad.c: 20:  PORTBbits.RB5 = 0;
  8494   001A1E  9A81               	bcf	129,5,c	;volatile
  8495                           
  8496                           ;matrix_keypad.c: 21:  PORTBbits.RB6 = 1;
  8497   001A20  8C81               	bsf	129,6,c	;volatile
  8498                           
  8499                           ;matrix_keypad.c: 22:  PORTBbits.RB7 = 1;
  8500   001A22  8E81               	bsf	129,7,c	;volatile
  8501                           
  8502                           ;matrix_keypad.c: 24:  if (PORTBbits.RB1 == 0)
  8503   001A24  B281               	btfsc	129,1,c	;volatile
  8504   001A26  EF17  F00D         	goto	u241
  8505   001A2A  EF19  F00D         	goto	u240
  8506   001A2E                     u241:
  8507   001A2E  EF1C  F00D         	goto	l49
  8508   001A32                     u240:
  8509   001A32                     
  8510                           ;matrix_keypad.c: 25:  {;matrix_keypad.c: 26:   return 1;
  8511   001A32  0E01               	movlw	1
  8512   001A34  EF92  F00D         	goto	l50
  8513   001A38                     l49:
  8514   001A38  B481               	btfsc	129,2,c	;volatile
  8515   001A3A  EF21  F00D         	goto	u251
  8516   001A3E  EF23  F00D         	goto	u250
  8517   001A42                     u251:
  8518   001A42  EF26  F00D         	goto	l52
  8519   001A46                     u250:
  8520   001A46                     
  8521                           ;matrix_keypad.c: 29:  {;matrix_keypad.c: 30:   return 4;
  8522   001A46  0E04               	movlw	4
  8523   001A48  EF92  F00D         	goto	l50
  8524   001A4C                     l52:
  8525   001A4C  B681               	btfsc	129,3,c	;volatile
  8526   001A4E  EF2B  F00D         	goto	u261
  8527   001A52  EF2D  F00D         	goto	u260
  8528   001A56                     u261:
  8529   001A56  EF30  F00D         	goto	l54
  8530   001A5A                     u260:
  8531   001A5A                     
  8532                           ;matrix_keypad.c: 33:  {;matrix_keypad.c: 34:   return 7;
  8533   001A5A  0E07               	movlw	7
  8534   001A5C  EF92  F00D         	goto	l50
  8535   001A60                     l54:
  8536   001A60  B881               	btfsc	129,4,c	;volatile
  8537   001A62  EF35  F00D         	goto	u271
  8538   001A66  EF37  F00D         	goto	u270
  8539   001A6A                     u271:
  8540   001A6A  EF3A  F00D         	goto	l51
  8541   001A6E                     u270:
  8542   001A6E                     
  8543                           ;matrix_keypad.c: 37:  {;matrix_keypad.c: 38:   return 10;
  8544   001A6E  0E0A               	movlw	10
  8545   001A70  EF92  F00D         	goto	l50
  8546   001A74                     l51:
  8547                           
  8548                           ;matrix_keypad.c: 41:  PORTBbits.RB5 = 1;
  8549   001A74  8A81               	bsf	129,5,c	;volatile
  8550                           
  8551                           ;matrix_keypad.c: 42:  PORTBbits.RB6 = 0;
  8552   001A76  9C81               	bcf	129,6,c	;volatile
  8553                           
  8554                           ;matrix_keypad.c: 43:  PORTBbits.RB7 = 1;
  8555   001A78  8E81               	bsf	129,7,c	;volatile
  8556                           
  8557                           ;matrix_keypad.c: 45:  if (PORTBbits.RB1 == 0)
  8558   001A7A  B281               	btfsc	129,1,c	;volatile
  8559   001A7C  EF42  F00D         	goto	u281
  8560   001A80  EF44  F00D         	goto	u280
  8561   001A84                     u281:
  8562   001A84  EF47  F00D         	goto	l57
  8563   001A88                     u280:
  8564   001A88                     
  8565                           ;matrix_keypad.c: 46:  {;matrix_keypad.c: 47:   return 2;
  8566   001A88  0E02               	movlw	2
  8567   001A8A  EF92  F00D         	goto	l50
  8568   001A8E                     l57:
  8569   001A8E  B481               	btfsc	129,2,c	;volatile
  8570   001A90  EF4C  F00D         	goto	u291
  8571   001A94  EF4E  F00D         	goto	u290
  8572   001A98                     u291:
  8573   001A98  EF51  F00D         	goto	l59
  8574   001A9C                     u290:
  8575   001A9C                     
  8576                           ;matrix_keypad.c: 50:  {;matrix_keypad.c: 51:   return 5;
  8577   001A9C  0E05               	movlw	5
  8578   001A9E  EF92  F00D         	goto	l50
  8579   001AA2                     l59:
  8580   001AA2  B681               	btfsc	129,3,c	;volatile
  8581   001AA4  EF56  F00D         	goto	u301
  8582   001AA8  EF58  F00D         	goto	u300
  8583   001AAC                     u301:
  8584   001AAC  EF5B  F00D         	goto	l61
  8585   001AB0                     u300:
  8586   001AB0                     
  8587                           ;matrix_keypad.c: 54:  {;matrix_keypad.c: 55:   return 8;
  8588   001AB0  0E08               	movlw	8
  8589   001AB2  EF92  F00D         	goto	l50
  8590   001AB6                     l61:
  8591   001AB6  B881               	btfsc	129,4,c	;volatile
  8592   001AB8  EF60  F00D         	goto	u311
  8593   001ABC  EF62  F00D         	goto	u310
  8594   001AC0                     u311:
  8595   001AC0  EF65  F00D         	goto	l58
  8596   001AC4                     u310:
  8597   001AC4                     
  8598                           ;matrix_keypad.c: 58:  {;matrix_keypad.c: 59:   return 11;
  8599   001AC4  0E0B               	movlw	11
  8600   001AC6  EF92  F00D         	goto	l50
  8601   001ACA                     l58:
  8602                           
  8603                           ;matrix_keypad.c: 62:  PORTBbits.RB5 = 1;
  8604   001ACA  8A81               	bsf	129,5,c	;volatile
  8605                           
  8606                           ;matrix_keypad.c: 63:  PORTBbits.RB6 = 1;
  8607   001ACC  8C81               	bsf	129,6,c	;volatile
  8608                           
  8609                           ;matrix_keypad.c: 64:  PORTBbits.RB7 = 0;
  8610   001ACE  9E81               	bcf	129,7,c	;volatile
  8611                           
  8612                           ;matrix_keypad.c: 66:  PORTBbits.RB7 = 0;
  8613   001AD0  9E81               	bcf	129,7,c	;volatile
  8614                           
  8615                           ;matrix_keypad.c: 68:  if (PORTBbits.RB1 == 0)
  8616   001AD2  B281               	btfsc	129,1,c	;volatile
  8617   001AD4  EF6E  F00D         	goto	u321
  8618   001AD8  EF70  F00D         	goto	u320
  8619   001ADC                     u321:
  8620   001ADC  EF73  F00D         	goto	l64
  8621   001AE0                     u320:
  8622   001AE0                     
  8623                           ;matrix_keypad.c: 69:  {;matrix_keypad.c: 70:   return 3;
  8624   001AE0  0E03               	movlw	3
  8625   001AE2  EF92  F00D         	goto	l50
  8626   001AE6                     l64:
  8627   001AE6  B481               	btfsc	129,2,c	;volatile
  8628   001AE8  EF78  F00D         	goto	u331
  8629   001AEC  EF7A  F00D         	goto	u330
  8630   001AF0                     u331:
  8631   001AF0  EF7D  F00D         	goto	l66
  8632   001AF4                     u330:
  8633   001AF4                     
  8634                           ;matrix_keypad.c: 73:  {;matrix_keypad.c: 74:   return 6;
  8635   001AF4  0E06               	movlw	6
  8636   001AF6  EF92  F00D         	goto	l50
  8637   001AFA                     l66:
  8638   001AFA  B681               	btfsc	129,3,c	;volatile
  8639   001AFC  EF82  F00D         	goto	u341
  8640   001B00  EF84  F00D         	goto	u340
  8641   001B04                     u341:
  8642   001B04  EF87  F00D         	goto	l68
  8643   001B08                     u340:
  8644   001B08                     
  8645                           ;matrix_keypad.c: 77:  {;matrix_keypad.c: 78:   return 9;
  8646   001B08  0E09               	movlw	9
  8647   001B0A  EF92  F00D         	goto	l50
  8648   001B0E                     l68:
  8649   001B0E  B881               	btfsc	129,4,c	;volatile
  8650   001B10  EF8C  F00D         	goto	u351
  8651   001B14  EF8E  F00D         	goto	u350
  8652   001B18                     u351:
  8653   001B18  EF91  F00D         	goto	l67
  8654   001B1C                     u350:
  8655   001B1C                     
  8656                           ;matrix_keypad.c: 81:  {;matrix_keypad.c: 82:   return 12;
  8657   001B1C  0E0C               	movlw	12
  8658   001B1E  EF92  F00D         	goto	l50
  8659   001B22                     l67:
  8660   001B22                     
  8661                           ;matrix_keypad.c: 85:  return 0xFF;
  8662   001B22  0EFF               	movlw	255
  8663   001B24                     l50:
  8664   001B24  0012               	return		;funcret
  8665   001B26                     __end_of_scan_key:
  8666                           	callstack 0
  8667                           
  8668 ;; *************** function _init_config *****************
  8669 ;; Defined at:
  8670 ;;		line 5 in file "main.c"
  8671 ;; Parameters:    Size  Location     Type
  8672 ;;		None
  8673 ;; Auto vars:     Size  Location     Type
  8674 ;;		None
  8675 ;; Return value:  Size  Location     Type
  8676 ;;                  1    wreg      void 
  8677 ;; Registers used:
  8678 ;;		wreg, status,2, status,0, cstack
  8679 ;; Tracked objects:
  8680 ;;		On entry : 0/0
  8681 ;;		On exit  : 0/0
  8682 ;;		Unchanged: 0/0
  8683 ;; Data sizes:     COMRAM   BANK0   BANK1   BANK2   BANK3   BANK4   BANK5
  8684 ;;      Params:         0       0       0       0       0       0       0
  8685 ;;      Locals:         0       0       0       0       0       0       0
  8686 ;;      Temps:          0       0       0       0       0       0       0
  8687 ;;      Totals:         0       0       0       0       0       0       0
  8688 ;;Total ram usage:        0 bytes
  8689 ;; Hardware stack levels used: 1
  8690 ;; Hardware stack levels required when called: 5
  8691 ;; This function calls:
  8692 ;;		_init_adc
  8693 ;;		_init_clcd
  8694 ;;		_init_ds1307
  8695 ;;		_init_i2c
  8696 ;;		_init_matrix_keypad
  8697 ;;		_init_uart
  8698 ;;		_read_external_eeprom
  8699 ;;		_write_external_eeprom
  8700 ;; This function is called by:
  8701 ;;		_main
  8702 ;; This function uses a non-reentrant model
  8703 ;;
  8704                           
  8705                           	psect	text15
  8706   001128                     __ptext15:
  8707                           	callstack 0
  8708   001128                     _init_config:
  8709                           	callstack 25
  8710   001128                     
  8711                           ;main.c: 7:     state = e_dashboard;
  8712   001128  6A54               	clrf	_state^0,c
  8713   00112A                     
  8714                           ;main.c: 9:     init_clcd();
  8715   00112A  EC5D  F008         	call	_init_clcd	;wreg free
  8716                           
  8717                           ;main.c: 10:     init_matrix_keypad();
  8718   00112E  ECDA  F007         	call	_init_matrix_keypad	;wreg free
  8719   001132                     
  8720                           ;main.c: 11:     init_adc();
  8721   001132  EC06  F008         	call	_init_adc	;wreg free
  8722   001136                     
  8723                           ;main.c: 12:     init_i2c();
  8724   001136  ECE3  F007         	call	_init_i2c	;wreg free
  8725   00113A                     
  8726                           ;main.c: 13:     init_ds1307();
  8727   00113A  ECF5  F008         	call	_init_ds1307	;wreg free
  8728   00113E                     
  8729                           ;main.c: 14:     init_uart();
  8730   00113E  EC23  F008         	call	_init_uart	;wreg free
  8731   001142                     
  8732                           ;main.c: 17:     if (read_external_eeprom(0x00) == 0xFF) {
  8733   001142  0E00               	movlw	0
  8734   001144  EC33  F008         	call	_read_external_eeprom
  8735   001148  0AFF               	xorlw	255
  8736   00114A  A4D8               	btfss	status,2,c
  8737   00114C  EFAA  F008         	goto	u2311
  8738   001150  EFAC  F008         	goto	u2310
  8739   001154                     u2311:
  8740   001154  EFB1  F008         	goto	l175
  8741   001158                     u2310:
  8742   001158                     
  8743                           ;main.c: 18:         write_external_eeprom(0x00, 0);
  8744   001158  0E00               	movlw	0
  8745   00115A  6E04               	movwf	write_external_eeprom@data^0,c
  8746   00115C  0E00               	movlw	0
  8747   00115E  ECB2  F008         	call	_write_external_eeprom
  8748   001162                     l175:
  8749   001162  0012               	return		;funcret
  8750   001164                     __end_of_init_config:
  8751                           	callstack 0
  8752                           
  8753 ;; *************** function _init_uart *****************
  8754 ;; Defined at:
  8755 ;;		line 5 in file "uart.c"
  8756 ;; Parameters:    Size  Location     Type
  8757 ;;		None
  8758 ;; Auto vars:     Size  Location     Type
  8759 ;;		None
  8760 ;; Return value:  Size  Location     Type
  8761 ;;                  1    wreg      void 
  8762 ;; Registers used:
  8763 ;;		wreg, status,2
  8764 ;; Tracked objects:
  8765 ;;		On entry : 0/0
  8766 ;;		On exit  : 0/0
  8767 ;;		Unchanged: 0/0
  8768 ;; Data sizes:     COMRAM   BANK0   BANK1   BANK2   BANK3   BANK4   BANK5
  8769 ;;      Params:         0       0       0       0       0       0       0
  8770 ;;      Locals:         0       0       0       0       0       0       0
  8771 ;;      Temps:          0       0       0       0       0       0       0
  8772 ;;      Totals:         0       0       0       0       0       0       0
  8773 ;;Total ram usage:        0 bytes
  8774 ;; Hardware stack levels used: 1
  8775 ;; This function calls:
  8776 ;;		Nothing
  8777 ;; This function is called by:
  8778 ;;		_init_config
  8779 ;; This function uses a non-reentrant model
  8780 ;;
  8781                           
  8782                           	psect	text16
  8783   001046                     __ptext16:
  8784                           	callstack 0
  8785   001046                     _init_uart:
  8786                           	callstack 29
  8787   001046                     
  8788                           ;uart.c: 8:  TRISC7 = 1;
  8789   001046  8E94               	bsf	3988,7,c	;volatile
  8790                           
  8791                           ;uart.c: 9:  TRISC6 = 0;
  8792   001048  9C94               	bcf	3988,6,c	;volatile
  8793                           
  8794                           ;uart.c: 13:  TX9 = 0;
  8795   00104A  9CAC               	bcf	4012,6,c	;volatile
  8796                           
  8797                           ;uart.c: 15:  TXEN = 1;
  8798   00104C  8AAC               	bsf	4012,5,c	;volatile
  8799                           
  8800                           ;uart.c: 18:  SYNC = 0;
  8801   00104E  98AC               	bcf	4012,4,c	;volatile
  8802                           
  8803                           ;uart.c: 20:  SENDB = 0;
  8804   001050  96AC               	bcf	4012,3,c	;volatile
  8805                           
  8806                           ;uart.c: 23:  BRGH = 1;
  8807   001052  84AC               	bsf	4012,2,c	;volatile
  8808                           
  8809                           ;uart.c: 27:  SPEN = 1;
  8810   001054  8EAB               	bsf	4011,7,c	;volatile
  8811                           
  8812                           ;uart.c: 29:  RX9 = 0;
  8813   001056  9CAB               	bcf	4011,6,c	;volatile
  8814                           
  8815                           ;uart.c: 31:  CREN = 1;
  8816   001058  88AB               	bsf	4011,4,c	;volatile
  8817                           
  8818                           ;uart.c: 38:  BRG16 = 0;
  8819   00105A  96B8               	bcf	4024,3,c	;volatile
  8820   00105C                     
  8821                           ;uart.c: 48:  SPBRG = 129;
  8822   00105C  0E81               	movlw	129
  8823   00105E  6EAF               	movwf	175,c	;volatile
  8824   001060                     
  8825                           ;uart.c: 52:  TXIF = 0;
  8826   001060  989E               	bcf	3998,4,c	;volatile
  8827   001062                     
  8828                           ;uart.c: 55:  RCIF = 0;
  8829   001062  9A9E               	bcf	3998,5,c	;volatile
  8830   001064  0012               	return		;funcret
  8831   001066                     __end_of_init_uart:
  8832                           	callstack 0
  8833                           
  8834 ;; *************** function _init_matrix_keypad *****************
  8835 ;; Defined at:
  8836 ;;		line 4 in file "matrix_keypad.c"
  8837 ;; Parameters:    Size  Location     Type
  8838 ;;		None
  8839 ;; Auto vars:     Size  Location     Type
  8840 ;;		None
  8841 ;; Return value:  Size  Location     Type
  8842 ;;                  1    wreg      void 
  8843 ;; Registers used:
  8844 ;;		wreg, status,2, status,0
  8845 ;; Tracked objects:
  8846 ;;		On entry : 0/0
  8847 ;;		On exit  : 0/0
  8848 ;;		Unchanged: 0/0
  8849 ;; Data sizes:     COMRAM   BANK0   BANK1   BANK2   BANK3   BANK4   BANK5
  8850 ;;      Params:         0       0       0       0       0       0       0
  8851 ;;      Locals:         0       0       0       0       0       0       0
  8852 ;;      Temps:          0       0       0       0       0       0       0
  8853 ;;      Totals:         0       0       0       0       0       0       0
  8854 ;;Total ram usage:        0 bytes
  8855 ;; Hardware stack levels used: 1
  8856 ;; This function calls:
  8857 ;;		Nothing
  8858 ;; This function is called by:
  8859 ;;		_init_config
  8860 ;; This function uses a non-reentrant model
  8861 ;;
  8862                           
  8863                           	psect	text17
  8864   000FB4                     __ptext17:
  8865                           	callstack 0
  8866   000FB4                     _init_matrix_keypad:
  8867                           	callstack 29
  8868   000FB4                     
  8869                           ;matrix_keypad.c: 7:  ADCON1 = 0x0F;
  8870   000FB4  0E0F               	movlw	15
  8871   000FB6  6EC1               	movwf	193,c	;volatile
  8872                           
  8873                           ;matrix_keypad.c: 10:  TRISB = 0x1E;
  8874   000FB8  0E1E               	movlw	30
  8875   000FBA  6E93               	movwf	147,c	;volatile
  8876   000FBC                     
  8877                           ;matrix_keypad.c: 13:  RBPU = 0;
  8878   000FBC  9EF1               	bcf	4081,7,c	;volatile
  8879   000FBE                     
  8880                           ;matrix_keypad.c: 15:  PORTB = PORTB | 0xE0;
  8881   000FBE  5081               	movf	129,w,c	;volatile
  8882   000FC0  09E0               	iorlw	224
  8883   000FC2  6E81               	movwf	129,c	;volatile
  8884   000FC4  0012               	return		;funcret
  8885   000FC6                     __end_of_init_matrix_keypad:
  8886                           	callstack 0
  8887                           
  8888 ;; *************** function _init_i2c *****************
  8889 ;; Defined at:
  8890 ;;		line 4 in file "i2c.c"
  8891 ;; Parameters:    Size  Location     Type
  8892 ;;		None
  8893 ;; Auto vars:     Size  Location     Type
  8894 ;;		None
  8895 ;; Return value:  Size  Location     Type
  8896 ;;                  1    wreg      void 
  8897 ;; Registers used:
  8898 ;;		wreg, status,2
  8899 ;; Tracked objects:
  8900 ;;		On entry : 0/0
  8901 ;;		On exit  : 0/0
  8902 ;;		Unchanged: 0/0
  8903 ;; Data sizes:     COMRAM   BANK0   BANK1   BANK2   BANK3   BANK4   BANK5
  8904 ;;      Params:         0       0       0       0       0       0       0
  8905 ;;      Locals:         0       0       0       0       0       0       0
  8906 ;;      Temps:          0       0       0       0       0       0       0
  8907 ;;      Totals:         0       0       0       0       0       0       0
  8908 ;;Total ram usage:        0 bytes
  8909 ;; Hardware stack levels used: 1
  8910 ;; This function calls:
  8911 ;;		Nothing
  8912 ;; This function is called by:
  8913 ;;		_init_config
  8914 ;; This function uses a non-reentrant model
  8915 ;;
  8916                           
  8917                           	psect	text18
  8918   000FC6                     __ptext18:
  8919                           	callstack 0
  8920   000FC6                     _init_i2c:
  8921                           	callstack 29
  8922   000FC6                     
  8923                           ;i2c.c: 7:  TRISC3 = 1;
  8924   000FC6  8694               	bsf	3988,3,c	;volatile
  8925                           
  8926                           ;i2c.c: 8:  TRISC4 = 1;
  8927   000FC8  8894               	bsf	3988,4,c	;volatile
  8928   000FCA                     
  8929                           ;i2c.c: 10:  SSPCON1 = 0x28;
  8930   000FCA  0E28               	movlw	40
  8931   000FCC  6EC6               	movwf	198,c	;volatile
  8932                           
  8933                           ;i2c.c: 12:  SSPADD = 0x31;
  8934   000FCE  0E31               	movlw	49
  8935   000FD0  6EC8               	movwf	200,c	;volatile
  8936   000FD2                     
  8937                           ;i2c.c: 14:  CKE = 0;
  8938   000FD2  9CC7               	bcf	4039,6,c	;volatile
  8939   000FD4                     
  8940                           ;i2c.c: 16:  SMP = 1;
  8941   000FD4  8EC7               	bsf	4039,7,c	;volatile
  8942   000FD6                     
  8943                           ;i2c.c: 18:  SSPIF = 0;
  8944   000FD6  969E               	bcf	3998,3,c	;volatile
  8945   000FD8                     
  8946                           ;i2c.c: 20:  BCLIF = 0;
  8947   000FD8  96A1               	bcf	4001,3,c	;volatile
  8948   000FDA  0012               	return		;funcret
  8949   000FDC                     __end_of_init_i2c:
  8950                           	callstack 0
  8951                           
  8952 ;; *************** function _init_ds1307 *****************
  8953 ;; Defined at:
  8954 ;;		line 12 in file "ds1370.c"
  8955 ;; Parameters:    Size  Location     Type
  8956 ;;		None
  8957 ;; Auto vars:     Size  Location     Type
  8958 ;;  dummy           1   10[COMRAM] unsigned char 
  8959 ;; Return value:  Size  Location     Type
  8960 ;;                  1    wreg      void 
  8961 ;; Registers used:
  8962 ;;		wreg, status,2, status,0, cstack
  8963 ;; Tracked objects:
  8964 ;;		On entry : 0/0
  8965 ;;		On exit  : 0/0
  8966 ;;		Unchanged: 0/0
  8967 ;; Data sizes:     COMRAM   BANK0   BANK1   BANK2   BANK3   BANK4   BANK5
  8968 ;;      Params:         0       0       0       0       0       0       0
  8969 ;;      Locals:         1       0       0       0       0       0       0
  8970 ;;      Temps:          0       0       0       0       0       0       0
  8971 ;;      Totals:         1       0       0       0       0       0       0
  8972 ;;Total ram usage:        1 bytes
  8973 ;; Hardware stack levels used: 1
  8974 ;; Hardware stack levels required when called: 4
  8975 ;; This function calls:
  8976 ;;		_read_ds1307
  8977 ;;		_write_ds1307
  8978 ;; This function is called by:
  8979 ;;		_init_config
  8980 ;; This function uses a non-reentrant model
  8981 ;;
  8982                           
  8983                           	psect	text19
  8984   0011EA                     __ptext19:
  8985                           	callstack 0
  8986   0011EA                     _init_ds1307:
  8987                           	callstack 25
  8988   0011EA                     
  8989                           ;ds1370.c: 14:  unsigned char dummy;;ds1370.c: 17:  dummy = read_ds1307(0x00);
  8990   0011EA  0E00               	movlw	0
  8991   0011EC  EC48  F008         	call	_read_ds1307
  8992   0011F0  6E0B               	movwf	init_ds1307@dummy^0,c
  8993   0011F2                     
  8994                           ;ds1370.c: 18:  write_ds1307(0x00, dummy | 0x80);
  8995   0011F2  500B               	movf	init_ds1307@dummy^0,w,c
  8996   0011F4  0980               	iorlw	128
  8997   0011F6  6E09               	movwf	write_ds1307@data^0,c
  8998   0011F8  0E00               	movlw	0
  8999   0011FA  EC14  F008         	call	_write_ds1307
  9000   0011FE                     
  9001                           ;ds1370.c: 21:  dummy = read_ds1307(0x02);
  9002   0011FE  0E02               	movlw	2
  9003   001200  EC48  F008         	call	_read_ds1307
  9004   001204  6E0B               	movwf	init_ds1307@dummy^0,c
  9005                           
  9006                           ;ds1370.c: 22:  write_ds1307(0x02, dummy | 0x40);
  9007   001206  500B               	movf	init_ds1307@dummy^0,w,c
  9008   001208  0940               	iorlw	64
  9009   00120A  6E09               	movwf	write_ds1307@data^0,c
  9010   00120C  0E02               	movlw	2
  9011   00120E  EC14  F008         	call	_write_ds1307
  9012   001212                     
  9013                           ;ds1370.c: 37:  write_ds1307(0x07, 0x93);
  9014   001212  0E93               	movlw	147
  9015   001214  6E09               	movwf	write_ds1307@data^0,c
  9016   001216  0E07               	movlw	7
  9017   001218  EC14  F008         	call	_write_ds1307
  9018   00121C                     
  9019                           ;ds1370.c: 40:  dummy = read_ds1307(0x00);
  9020   00121C  0E00               	movlw	0
  9021   00121E  EC48  F008         	call	_read_ds1307
  9022   001222  6E0B               	movwf	init_ds1307@dummy^0,c
  9023                           
  9024                           ;ds1370.c: 41:  write_ds1307(0x00, dummy & 0x7F);
  9025   001224  500B               	movf	init_ds1307@dummy^0,w,c
  9026   001226  0B7F               	andlw	127
  9027   001228  6E09               	movwf	write_ds1307@data^0,c
  9028   00122A  0E00               	movlw	0
  9029   00122C  EC14  F008         	call	_write_ds1307
  9030   001230  0012               	return		;funcret
  9031   001232                     __end_of_init_ds1307:
  9032                           	callstack 0
  9033                           
  9034 ;; *************** function _write_ds1307 *****************
  9035 ;; Defined at:
  9036 ;;		line 45 in file "ds1370.c"
  9037 ;; Parameters:    Size  Location     Type
  9038 ;;  address         1    wreg     unsigned char 
  9039 ;;  data            1    8[COMRAM] unsigned char 
  9040 ;; Auto vars:     Size  Location     Type
  9041 ;;  address         1    9[COMRAM] unsigned char 
  9042 ;; Return value:  Size  Location     Type
  9043 ;;                  1    wreg      void 
  9044 ;; Registers used:
  9045 ;;		wreg, status,2, cstack
  9046 ;; Tracked objects:
  9047 ;;		On entry : 0/0
  9048 ;;		On exit  : 0/0
  9049 ;;		Unchanged: 0/0
  9050 ;; Data sizes:     COMRAM   BANK0   BANK1   BANK2   BANK3   BANK4   BANK5
  9051 ;;      Params:         1       0       0       0       0       0       0
  9052 ;;      Locals:         1       0       0       0       0       0       0
  9053 ;;      Temps:          0       0       0       0       0       0       0
  9054 ;;      Totals:         2       0       0       0       0       0       0
  9055 ;;Total ram usage:        2 bytes
  9056 ;; Hardware stack levels used: 1
  9057 ;; Hardware stack levels required when called: 2
  9058 ;; This function calls:
  9059 ;;		_i2c_start
  9060 ;;		_i2c_stop
  9061 ;;		_i2c_write
  9062 ;; This function is called by:
  9063 ;;		_set_time
  9064 ;;		_init_ds1307
  9065 ;; This function uses a non-reentrant model
  9066 ;;
  9067                           
  9068                           	psect	text20
  9069   001028                     __ptext20:
  9070                           	callstack 0
  9071   001028                     _write_ds1307:
  9072                           	callstack 27
  9073                           
  9074                           ;incstack = 0
  9075                           ;write_ds1307@address stored from wreg
  9076   001028  6E0A               	movwf	write_ds1307@address^0,c
  9077   00102A                     
  9078                           ;ds1370.c: 45: void write_ds1307(unsigned char address, unsigned char data);ds1370.c: 46
      +                          : {;ds1370.c: 47:  i2c_start();
  9079   00102A  ECBD  F007         	call	_i2c_start	;wreg free
  9080   00102E                     
  9081                           ;ds1370.c: 48:  i2c_write(0xD0);
  9082   00102E  0ED0               	movlw	208
  9083   001030  ECCB  F007         	call	_i2c_write
  9084   001034                     
  9085                           ;ds1370.c: 49:  i2c_write(address);
  9086   001034  500A               	movf	write_ds1307@address^0,w,c
  9087   001036  ECCB  F007         	call	_i2c_write
  9088   00103A                     
  9089                           ;ds1370.c: 50:  i2c_write(data);
  9090   00103A  5009               	movf	write_ds1307@data^0,w,c
  9091   00103C  ECCB  F007         	call	_i2c_write
  9092   001040                     
  9093                           ;ds1370.c: 51:  i2c_stop();
  9094   001040  ECC1  F007         	call	_i2c_stop	;wreg free
  9095   001044  0012               	return		;funcret
  9096   001046                     __end_of_write_ds1307:
  9097                           	callstack 0
  9098                           
  9099 ;; *************** function _read_ds1307 *****************
  9100 ;; Defined at:
  9101 ;;		line 54 in file "ds1370.c"
  9102 ;; Parameters:    Size  Location     Type
  9103 ;;  address         1    wreg     unsigned char 
  9104 ;; Auto vars:     Size  Location     Type
  9105 ;;  address         1    1[COMRAM] unsigned char 
  9106 ;;  data            1    2[COMRAM] unsigned char 
  9107 ;; Return value:  Size  Location     Type
  9108 ;;                  1    wreg      unsigned char 
  9109 ;; Registers used:
  9110 ;;		wreg, status,2, cstack
  9111 ;; Tracked objects:
  9112 ;;		On entry : 0/0
  9113 ;;		On exit  : 0/0
  9114 ;;		Unchanged: 0/0
  9115 ;; Data sizes:     COMRAM   BANK0   BANK1   BANK2   BANK3   BANK4   BANK5
  9116 ;;      Params:         0       0       0       0       0       0       0
  9117 ;;      Locals:         2       0       0       0       0       0       0
  9118 ;;      Temps:          0       0       0       0       0       0       0
  9119 ;;      Totals:         2       0       0       0       0       0       0
  9120 ;;Total ram usage:        2 bytes
  9121 ;; Hardware stack levels used: 1
  9122 ;; Hardware stack levels required when called: 3
  9123 ;; This function calls:
  9124 ;;		_i2c_read
  9125 ;;		_i2c_rep_start
  9126 ;;		_i2c_start
  9127 ;;		_i2c_stop
  9128 ;;		_i2c_write
  9129 ;; This function is called by:
  9130 ;;		_init_ds1307
  9131 ;;		_get_time
  9132 ;; This function uses a non-reentrant model
  9133 ;;
  9134                           
  9135                           	psect	text21
  9136   001090                     __ptext21:
  9137                           	callstack 0
  9138   001090                     _read_ds1307:
  9139                           	callstack 25
  9140                           
  9141                           ;incstack = 0
  9142                           ;read_ds1307@address stored from wreg
  9143   001090  6E02               	movwf	read_ds1307@address^0,c
  9144   001092                     
  9145                           ;ds1370.c: 54: unsigned char read_ds1307(unsigned char address);ds1370.c: 55: {;ds1370.c
      +                          : 56:  unsigned char data;;ds1370.c: 58:  i2c_start();
  9146   001092  ECBD  F007         	call	_i2c_start	;wreg free
  9147   001096                     
  9148                           ;ds1370.c: 59:  i2c_write(0xD0);
  9149   001096  0ED0               	movlw	208
  9150   001098  ECCB  F007         	call	_i2c_write
  9151   00109C                     
  9152                           ;ds1370.c: 60:  i2c_write(address);
  9153   00109C  5002               	movf	read_ds1307@address^0,w,c
  9154   00109E  ECCB  F007         	call	_i2c_write
  9155   0010A2                     
  9156                           ;ds1370.c: 61:  i2c_rep_start();
  9157   0010A2  ECB9  F007         	call	_i2c_rep_start	;wreg free
  9158   0010A6                     
  9159                           ;ds1370.c: 62:  i2c_write(0xD1);
  9160   0010A6  0ED1               	movlw	209
  9161   0010A8  ECCB  F007         	call	_i2c_write
  9162                           
  9163                           ;ds1370.c: 63:  data = i2c_read();
  9164   0010AC  ECC5  F007         	call	_i2c_read	;wreg free
  9165   0010B0  6E03               	movwf	read_ds1307@data^0,c
  9166   0010B2                     
  9167                           ;ds1370.c: 64:  i2c_stop();
  9168   0010B2  ECC1  F007         	call	_i2c_stop	;wreg free
  9169                           
  9170                           ;ds1370.c: 66:  return data;
  9171   0010B6  5003               	movf	read_ds1307@data^0,w,c
  9172   0010B8  0012               	return		;funcret
  9173   0010BA                     __end_of_read_ds1307:
  9174                           	callstack 0
  9175                           
  9176 ;; *************** function _init_clcd *****************
  9177 ;; Defined at:
  9178 ;;		line 27 in file "clcd.c"
  9179 ;; Parameters:    Size  Location     Type
  9180 ;;		None
  9181 ;; Auto vars:     Size  Location     Type
  9182 ;;		None
  9183 ;; Return value:  Size  Location     Type
  9184 ;;                  1    wreg      void 
  9185 ;; Registers used:
  9186 ;;		wreg, status,2, status,0, cstack
  9187 ;; Tracked objects:
  9188 ;;		On entry : 0/0
  9189 ;;		On exit  : 0/0
  9190 ;;		Unchanged: 0/0
  9191 ;; Data sizes:     COMRAM   BANK0   BANK1   BANK2   BANK3   BANK4   BANK5
  9192 ;;      Params:         0       0       0       0       0       0       0
  9193 ;;      Locals:         0       0       0       0       0       0       0
  9194 ;;      Temps:          0       0       0       0       0       0       0
  9195 ;;      Totals:         0       0       0       0       0       0       0
  9196 ;;Total ram usage:        0 bytes
  9197 ;; Hardware stack levels used: 1
  9198 ;; Hardware stack levels required when called: 1
  9199 ;; This function calls:
  9200 ;;		_clcd_write
  9201 ;; This function is called by:
  9202 ;;		_init_config
  9203 ;; This function uses a non-reentrant model
  9204 ;;
  9205                           
  9206                           	psect	text22
  9207   0010BA                     __ptext22:
  9208                           	callstack 0
  9209   0010BA                     _init_clcd:
  9210                           	callstack 28
  9211   0010BA                     
  9212                           ;clcd.c: 30:  TRISD = 0x00;
  9213   0010BA  6A95               	clrf	149,c	;volatile
  9214   0010BC                     
  9215                           ;clcd.c: 32:  TRISC = TRISC & 0xF8;
  9216   0010BC  5094               	movf	148,w,c	;volatile
  9217   0010BE  0BF8               	andlw	248
  9218   0010C0  6E94               	movwf	148,c	;volatile
  9219   0010C2                     
  9220                           ;clcd.c: 34:  RC0 = 0;
  9221   0010C2  9082               	bcf	3970,0,c	;volatile
  9222   0010C4                     
  9223                           ;clcd.c: 36:  clcd_write(0x02, 0);
  9224   0010C4  0E00               	movlw	0
  9225   0010C6  6E01               	movwf	clcd_write@control_bit^0,c
  9226   0010C8  0E02               	movlw	2
  9227   0010CA  EC77  F008         	call	_clcd_write
  9228   0010CE                     
  9229                           ;clcd.c: 37:  clcd_write(0x38, 0);
  9230   0010CE  0E00               	movlw	0
  9231   0010D0  6E01               	movwf	clcd_write@control_bit^0,c
  9232   0010D2  0E38               	movlw	56
  9233   0010D4  EC77  F008         	call	_clcd_write
  9234   0010D8                     
  9235                           ;clcd.c: 38:  clcd_write(0x0C, 0);
  9236   0010D8  0E00               	movlw	0
  9237   0010DA  6E01               	movwf	clcd_write@control_bit^0,c
  9238   0010DC  0E0C               	movlw	12
  9239   0010DE  EC77  F008         	call	_clcd_write
  9240   0010E2                     
  9241                           ;clcd.c: 39:  clcd_write(0x01, 0);
  9242   0010E2  0E00               	movlw	0
  9243   0010E4  6E01               	movwf	clcd_write@control_bit^0,c
  9244   0010E6  0E01               	movlw	1
  9245   0010E8  EC77  F008         	call	_clcd_write
  9246   0010EC  0012               	return		;funcret
  9247   0010EE                     __end_of_init_clcd:
  9248                           	callstack 0
  9249                           
  9250 ;; *************** function _init_adc *****************
  9251 ;; Defined at:
  9252 ;;		line 4 in file "adc.c"
  9253 ;; Parameters:    Size  Location     Type
  9254 ;;		None
  9255 ;; Auto vars:     Size  Location     Type
  9256 ;;		None
  9257 ;; Return value:  Size  Location     Type
  9258 ;;                  1    wreg      void 
  9259 ;; Registers used:
  9260 ;;		None
  9261 ;; Tracked objects:
  9262 ;;		On entry : 0/0
  9263 ;;		On exit  : 0/0
  9264 ;;		Unchanged: 0/0
  9265 ;; Data sizes:     COMRAM   BANK0   BANK1   BANK2   BANK3   BANK4   BANK5
  9266 ;;      Params:         0       0       0       0       0       0       0
  9267 ;;      Locals:         0       0       0       0       0       0       0
  9268 ;;      Temps:          0       0       0       0       0       0       0
  9269 ;;      Totals:         0       0       0       0       0       0       0
  9270 ;;Total ram usage:        0 bytes
  9271 ;; Hardware stack levels used: 1
  9272 ;; This function calls:
  9273 ;;		Nothing
  9274 ;; This function is called by:
  9275 ;;		_init_config
  9276 ;; This function uses a non-reentrant model
  9277 ;;
  9278                           
  9279                           	psect	text23
  9280   00100C                     __ptext23:
  9281                           	callstack 0
  9282   00100C                     _init_adc:
  9283                           	callstack 29
  9284   00100C                     
  9285                           ;adc.c: 7:  ADFM = 1;
  9286   00100C  8EC0               	bsf	4032,7,c	;volatile
  9287                           
  9288                           ;adc.c: 13:  ACQT2 = 1;
  9289   00100E  8AC0               	bsf	4032,5,c	;volatile
  9290                           
  9291                           ;adc.c: 14:  ACQT1 = 0;
  9292   001010  98C0               	bcf	4032,4,c	;volatile
  9293                           
  9294                           ;adc.c: 15:  ACQT0 = 0;
  9295   001012  96C0               	bcf	4032,3,c	;volatile
  9296                           
  9297                           ;adc.c: 21:  ADCS0 = 0;
  9298   001014  90C0               	bcf	4032,0,c	;volatile
  9299                           
  9300                           ;adc.c: 22:  ADCS1 = 1;
  9301   001016  82C0               	bsf	4032,1,c	;volatile
  9302                           
  9303                           ;adc.c: 23:  ADCS2 = 0;
  9304   001018  94C0               	bcf	4032,2,c	;volatile
  9305                           
  9306                           ;adc.c: 26:  GODONE = 0;
  9307   00101A  92C2               	bcf	4034,1,c	;volatile
  9308                           
  9309                           ;adc.c: 31:  VCFG1 = 0;
  9310   00101C  9AC1               	bcf	4033,5,c	;volatile
  9311                           
  9312                           ;adc.c: 33:  VCFG0 = 0;
  9313   00101E  98C1               	bcf	4033,4,c	;volatile
  9314                           
  9315                           ;adc.c: 36:  ADRESH = 0;
  9316   001020  6AC4               	clrf	196,c	;volatile
  9317                           
  9318                           ;adc.c: 37:  ADRESL = 0;
  9319   001022  6AC3               	clrf	195,c	;volatile
  9320                           
  9321                           ;adc.c: 40:  ADON = 1;
  9322   001024  80C2               	bsf	4034,0,c	;volatile
  9323   001026  0012               	return		;funcret
  9324   001028                     __end_of_init_adc:
  9325                           	callstack 0
  9326                           
  9327 ;; *************** function _download_log *****************
  9328 ;; Defined at:
  9329 ;;		line 277 in file "car_black_box.c"
  9330 ;; Parameters:    Size  Location     Type
  9331 ;;		None
  9332 ;; Auto vars:     Size  Location     Type
  9333 ;;  x               2   16[COMRAM] int 
  9334 ;; Return value:  Size  Location     Type
  9335 ;;                  1    wreg      void 
  9336 ;; Registers used:
  9337 ;;		wreg, fsr1l, fsr1h, fsr2l, fsr2h, status,2, status,0, tblptrl, tblptrh, tblptru, prodl, prodh, cstack
  9338 ;; Tracked objects:
  9339 ;;		On entry : 0/0
  9340 ;;		On exit  : 0/0
  9341 ;;		Unchanged: 0/0
  9342 ;; Data sizes:     COMRAM   BANK0   BANK1   BANK2   BANK3   BANK4   BANK5
  9343 ;;      Params:         0       0       0       0       0       0       0
  9344 ;;      Locals:         2       0       0       0       0       0       0
  9345 ;;      Temps:          3       0       0       0       0       0       0
  9346 ;;      Totals:         5       0       0       0       0       0       0
  9347 ;;Total ram usage:        5 bytes
  9348 ;; Hardware stack levels used: 1
  9349 ;; Hardware stack levels required when called: 5
  9350 ;; This function calls:
  9351 ;;		_clcd_print
  9352 ;;		_clcd_write
  9353 ;;		_event_read
  9354 ;;		_event_store
  9355 ;;		_putch
  9356 ;;		_puts
  9357 ;; This function is called by:
  9358 ;;		_main
  9359 ;; This function uses a non-reentrant model
  9360 ;;
  9361                           
  9362                           	psect	text24
  9363   001B26                     __ptext24:
  9364                           	callstack 0
  9365   001B26                     _download_log:
  9366                           	callstack 25
  9367   001B26                     
  9368                           ;car_black_box.c: 279:     i = 10;
  9369   001B26  0E00               	movlw	0
  9370   001B28  6E4C               	movwf	(_i+1)^0,c
  9371   001B2A  0E0A               	movlw	10
  9372   001B2C  6E4B               	movwf	_i^0,c
  9373   001B2E                     
  9374                           ;car_black_box.c: 280:     event_store();
  9375   001B2E  EC42  F009         	call	_event_store	;wreg free
  9376   001B32                     
  9377                           ;car_black_box.c: 282:     write_add = 0x00;
  9378   001B32  6A53               	clrf	_write_add^0,c
  9379   001B34                     
  9380                           ;car_black_box.c: 283:     puts("# TIME    EV  SP");
  9381   001B34  0E82               	movlw	low STR_26
  9382   001B36  6E02               	movwf	puts@s^0,c
  9383   001B38  0E2F               	movlw	high STR_26
  9384   001B3A  6E03               	movwf	(puts@s+1)^0,c
  9385   001B3C  EC71  F009         	call	_puts	;wreg free
  9386   001B40                     
  9387                           ;car_black_box.c: 284:     puts("\n\r");
  9388   001B40  0E19               	movlw	low (STR_31+26)
  9389   001B42  6E02               	movwf	puts@s^0,c
  9390   001B44  0E2F               	movlw	high (STR_31+26)
  9391   001B46  6E03               	movwf	(puts@s+1)^0,c
  9392   001B48  EC71  F009         	call	_puts	;wreg free
  9393   001B4C                     
  9394                           ;car_black_box.c: 286:     if (event_count == 0)
  9395   001B4C  5041               	movf	_event_count^0,w,c
  9396   001B4E  1042               	iorwf	(_event_count+1)^0,w,c
  9397   001B50  A4D8               	btfss	status,2,c
  9398   001B52  EFAD  F00D         	goto	u2631
  9399   001B56  EFAF  F00D         	goto	u2630
  9400   001B5A                     u2631:
  9401   001B5A  EFBE  F00D         	goto	l3515
  9402   001B5E                     u2630:
  9403   001B5E                     
  9404                           ;car_black_box.c: 287:     {;car_black_box.c: 288:         clcd_write(0x01, 0);
  9405   001B5E  0E00               	movlw	0
  9406   001B60  6E01               	movwf	clcd_write@control_bit^0,c
  9407   001B62  0E01               	movlw	1
  9408   001B64  EC77  F008         	call	_clcd_write
  9409   001B68                     
  9410                           ;car_black_box.c: 289:         puts("no events\n\r");
  9411   001B68  0EC0               	movlw	low STR_28
  9412   001B6A  6E02               	movwf	puts@s^0,c
  9413   001B6C  0E2F               	movlw	high STR_28
  9414   001B6E  6E03               	movwf	(puts@s+1)^0,c
  9415   001B70  EC71  F009         	call	_puts	;wreg free
  9416   001B74                     
  9417                           ;car_black_box.c: 290:         state = e_main_menu;
  9418   001B74  0E01               	movlw	1
  9419   001B76  6E54               	movwf	_state^0,c
  9420   001B78  EF2B  F00E         	goto	l417
  9421   001B7C                     l3515:
  9422                           
  9423                           ;car_black_box.c: 293:     putch(event_count+48);
  9424   001B7C  5041               	movf	_event_count^0,w,c
  9425   001B7E  0F30               	addlw	48
  9426   001B80  ECEE  F007         	call	_putch
  9427   001B84                     
  9428                           ;car_black_box.c: 294:     event_read();
  9429   001B84  EC06  F00F         	call	_event_read	;wreg free
  9430   001B88                     
  9431                           ;car_black_box.c: 295:     puts("\n\r");
  9432   001B88  0E19               	movlw	low (STR_31+26)
  9433   001B8A  6E02               	movwf	puts@s^0,c
  9434   001B8C  0E2F               	movlw	high (STR_31+26)
  9435   001B8E  6E03               	movwf	(puts@s+1)^0,c
  9436   001B90  EC71  F009         	call	_puts	;wreg free
  9437   001B94                     
  9438                           ;car_black_box.c: 296:     for (int x = 0; x < event_count-1; x++) {
  9439   001B94  0E00               	movlw	0
  9440   001B96  6E12               	movwf	(download_log@x+1)^0,c
  9441   001B98  0E00               	movlw	0
  9442   001B9A  6E11               	movwf	download_log@x^0,c
  9443   001B9C  EFE9  F00D         	goto	l3529
  9444   001BA0                     l3523:
  9445                           
  9446                           ;car_black_box.c: 297:         puts(data[x]);
  9447   001BA0  0E11               	movlw	17
  9448   001BA2  0211               	mulwf	download_log@x^0,c
  9449   001BA4  CFF3 F00E          	movff	prodl,??_download_log
  9450   001BA8  CFF4 F00F          	movff	prodh,??_download_log+1
  9451   001BAC  0212               	mulwf	(download_log@x+1)^0,c
  9452   001BAE  50F3               	movf	prodl,w,c
  9453   001BB0  260F               	addwf	(??_download_log+1)^0,f,c
  9454   001BB2  0E00               	movlw	low _data
  9455   001BB4  240E               	addwf	??_download_log^0,w,c
  9456   001BB6  6E02               	movwf	puts@s^0,c
  9457   001BB8  0E01               	movlw	high _data
  9458   001BBA  200F               	addwfc	(??_download_log+1)^0,w,c
  9459   001BBC  6E03               	movwf	(puts@s+1)^0,c
  9460   001BBE  EC71  F009         	call	_puts	;wreg free
  9461   001BC2                     
  9462                           ;car_black_box.c: 313:         puts("\n\r");
  9463   001BC2  0E19               	movlw	low (STR_31+26)
  9464   001BC4  6E02               	movwf	puts@s^0,c
  9465   001BC6  0E2F               	movlw	high (STR_31+26)
  9466   001BC8  6E03               	movwf	(puts@s+1)^0,c
  9467   001BCA  EC71  F009         	call	_puts	;wreg free
  9468   001BCE                     
  9469                           ;car_black_box.c: 314:     }
  9470   001BCE  4A11               	infsnz	download_log@x^0,f,c
  9471   001BD0  2A12               	incf	(download_log@x+1)^0,f,c
  9472   001BD2                     l3529:
  9473   001BD2  0EFF               	movlw	255
  9474   001BD4  2441               	addwf	_event_count^0,w,c
  9475   001BD6  6E0E               	movwf	??_download_log^0,c
  9476   001BD8  0EFF               	movlw	255
  9477   001BDA  2042               	addwfc	(_event_count+1)^0,w,c
  9478   001BDC  6E0F               	movwf	(??_download_log+1)^0,c
  9479   001BDE  500E               	movf	??_download_log^0,w,c
  9480   001BE0  5C11               	subwf	download_log@x^0,w,c
  9481   001BE2  5012               	movf	(download_log@x+1)^0,w,c
  9482   001BE4  0A80               	xorlw	128
  9483   001BE6  6E10               	movwf	(??_download_log+2)^0,c
  9484   001BE8  500F               	movf	(??_download_log+1)^0,w,c
  9485   001BEA  0A80               	xorlw	128
  9486   001BEC  5810               	subwfb	(??_download_log+2)^0,w,c
  9487   001BEE  A0D8               	btfss	status,0,c
  9488   001BF0  EFFC  F00D         	goto	u2641
  9489   001BF4  EFFE  F00D         	goto	u2640
  9490   001BF8                     u2641:
  9491   001BF8  EFD0  F00D         	goto	l3523
  9492   001BFC                     u2640:
  9493   001BFC                     
  9494                           ;car_black_box.c: 315:     puts("DOWNLOADED SUCCESSFULLY...\n\r");
  9495   001BFC  0EFF               	movlw	low STR_31
  9496   001BFE  6E02               	movwf	puts@s^0,c
  9497   001C00  0E2E               	movlw	high STR_31
  9498   001C02  6E03               	movwf	(puts@s+1)^0,c
  9499   001C04  EC71  F009         	call	_puts	;wreg free
  9500                           
  9501                           ;car_black_box.c: 318:     clcd_print("   DOWNLOADED   ", (0x80 + (0)));
  9502   001C08  0E2D               	movlw	low STR_32
  9503   001C0A  6E03               	movwf	clcd_print@data^0,c
  9504   001C0C  0E2F               	movlw	high STR_32
  9505   001C0E  6E04               	movwf	(clcd_print@data+1)^0,c
  9506   001C10  0E80               	movlw	128
  9507   001C12  6E05               	movwf	clcd_print@addr^0,c
  9508   001C14  ECD0  F009         	call	_clcd_print	;wreg free
  9509                           
  9510                           ;car_black_box.c: 319:     clcd_print("  SUCCESSFULLY  ", (0xC0 + (0)));
  9511   001C18  0E3E               	movlw	low STR_33
  9512   001C1A  6E03               	movwf	clcd_print@data^0,c
  9513   001C1C  0E2F               	movlw	high STR_33
  9514   001C1E  6E04               	movwf	(clcd_print@data+1)^0,c
  9515   001C20  0EC0               	movlw	192
  9516   001C22  6E05               	movwf	clcd_print@addr^0,c
  9517   001C24  ECD0  F009         	call	_clcd_print	;wreg free
  9518   001C28                     
  9519                           ;car_black_box.c: 320:     _delay((unsigned long)((2000)*(20000000/4000.0)));
  9520   001C28  0E33               	movlw	51
  9521   001C2A  6E0F               	movwf	(??_download_log+1)^0,c
  9522   001C2C  0EBB               	movlw	187
  9523   001C2E  6E0E               	movwf	??_download_log^0,c
  9524   001C30  0EE0               	movlw	224
  9525   001C32                     u2847:
  9526   001C32  2EE8               	decfsz	wreg,f,c
  9527   001C34  D7FE               	bra	u2847
  9528   001C36  2E0E               	decfsz	??_download_log^0,f,c
  9529   001C38  D7FC               	bra	u2847
  9530   001C3A  2E0F               	decfsz	(??_download_log+1)^0,f,c
  9531   001C3C  D7FA               	bra	u2847
  9532   001C3E                     
  9533                           ;car_black_box.c: 322:     flag = 0;
  9534   001C3E  0E00               	movlw	0
  9535   001C40  0100               	movlb	0	; () banked
  9536   001C42  6FE0               	movwf	(_flag+1)& (0+255),b
  9537   001C44  0E00               	movlw	0
  9538   001C46  6FDF               	movwf	_flag& (0+255),b
  9539   001C48                     
  9540                           ; BSR set to: 0
  9541                           ;car_black_box.c: 323:     state = e_main_menu;
  9542   001C48  0E01               	movlw	1
  9543   001C4A  6E54               	movwf	_state^0,c
  9544   001C4C                     
  9545                           ; BSR set to: 0
  9546                           ;car_black_box.c: 324:     clcd_write(0x01, 0);
  9547   001C4C  0E00               	movlw	0
  9548   001C4E  6E01               	movwf	clcd_write@control_bit^0,c
  9549   001C50  0E01               	movlw	1
  9550   001C52  EC77  F008         	call	_clcd_write
  9551   001C56                     l417:
  9552   001C56  0012               	return		;funcret
  9553   001C58                     __end_of_download_log:
  9554                           	callstack 0
  9555                           
  9556 ;; *************** function _puts *****************
  9557 ;; Defined at:
  9558 ;;		line 70 in file "uart.c"
  9559 ;; Parameters:    Size  Location     Type
  9560 ;;  s               2    1[COMRAM] PTR const unsigned char 
  9561 ;;		 -> STR_31(29), STR_30(3), STR_29(3), STR_28(12), 
  9562 ;;		 -> STR_27(3), STR_26(17), data(170), 
  9563 ;; Auto vars:     Size  Location     Type
  9564 ;;		None
  9565 ;; Return value:  Size  Location     Type
  9566 ;;                  2    1[COMRAM] int 
  9567 ;; Registers used:
  9568 ;;		wreg, fsr1l, fsr1h, status,2, status,0, tblptrl, tblptrh, tblptru, cstack
  9569 ;; Tracked objects:
  9570 ;;		On entry : 0/0
  9571 ;;		On exit  : 0/0
  9572 ;;		Unchanged: 0/0
  9573 ;; Data sizes:     COMRAM   BANK0   BANK1   BANK2   BANK3   BANK4   BANK5
  9574 ;;      Params:         2       0       0       0       0       0       0
  9575 ;;      Locals:         0       0       0       0       0       0       0
  9576 ;;      Temps:          0       0       0       0       0       0       0
  9577 ;;      Totals:         2       0       0       0       0       0       0
  9578 ;;Total ram usage:        2 bytes
  9579 ;; Hardware stack levels used: 1
  9580 ;; Hardware stack levels required when called: 1
  9581 ;; This function calls:
  9582 ;;		_putch
  9583 ;; This function is called by:
  9584 ;;		_download_log
  9585 ;; This function uses a non-reentrant model
  9586 ;;
  9587                           
  9588                           	psect	text25
  9589   0012E2                     __ptext25:
  9590                           	callstack 0
  9591   0012E2                     _puts:
  9592                           	callstack 28
  9593   0012E2                     
  9594                           ;uart.c: 70: int puts(const char *s);uart.c: 71: {;uart.c: 72:  while(*s)
  9595   0012E2  EF87  F009         	goto	l3035
  9596   0012E6                     l3031:
  9597                           
  9598                           ;uart.c: 73:  {;uart.c: 74:   putch(*s++);
  9599   0012E6  C002  FFF6         	movff	puts@s,tblptrl
  9600   0012EA  C003  FFF7         	movff	puts@s+1,tblptrh
  9601   0012EE  6AF8               	clrf	tblptru,c
  9602   0012F0  0E05               	movlw	(high __ramtop+-1)
  9603   0012F2  64F7               	cpfsgt	tblptrh,c
  9604   0012F4  D003               	bra	u1887
  9605   0012F6  0008               	tblrd		*
  9606   0012F8  50F5               	movf	tablat,w,c
  9607   0012FA  D005               	bra	u1880
  9608   0012FC                     u1887:
  9609   0012FC  CFF6 FFE1          	movff	tblptrl,fsr1l
  9610   001300  CFF7 FFE2          	movff	tblptrh,fsr1h
  9611   001304  50E7               	movf	indf1,w,c
  9612   001306                     u1880:
  9613   001306  ECEE  F007         	call	_putch
  9614   00130A  4A02               	infsnz	puts@s^0,f,c
  9615   00130C  2A03               	incf	(puts@s+1)^0,f,c
  9616   00130E                     l3035:
  9617                           
  9618                           ;uart.c: 72:  while(*s)
  9619   00130E  C002  FFF6         	movff	puts@s,tblptrl
  9620   001312  C003  FFF7         	movff	puts@s+1,tblptrh
  9621   001316  6AF8               	clrf	tblptru,c
  9622   001318  0E05               	movlw	(high __ramtop+-1)
  9623   00131A  64F7               	cpfsgt	tblptrh,c
  9624   00131C  D003               	bra	u1897
  9625   00131E  0008               	tblrd		*
  9626   001320  50F5               	movf	tablat,w,c
  9627   001322  D005               	bra	u1890
  9628   001324                     u1897:
  9629   001324  CFF6 FFE1          	movff	tblptrl,fsr1l
  9630   001328  CFF7 FFE2          	movff	tblptrh,fsr1h
  9631   00132C  50E7               	movf	indf1,w,c
  9632   00132E                     u1890:
  9633   00132E  0900               	iorlw	0
  9634   001330  A4D8               	btfss	status,2,c
  9635   001332  EF9D  F009         	goto	u1901
  9636   001336  EF9F  F009         	goto	u1900
  9637   00133A                     u1901:
  9638   00133A  EF73  F009         	goto	l3031
  9639   00133E                     u1900:
  9640   00133E  0012               	return		;funcret
  9641   001340                     __end_of_puts:
  9642                           	callstack 0
  9643                           
  9644 ;; *************** function _putch *****************
  9645 ;; Defined at:
  9646 ;;		line 58 in file "uart.c"
  9647 ;; Parameters:    Size  Location     Type
  9648 ;;  byte            1    wreg     unsigned char 
  9649 ;; Auto vars:     Size  Location     Type
  9650 ;;  byte            1    0[COMRAM] unsigned char 
  9651 ;; Return value:  Size  Location     Type
  9652 ;;                  1    wreg      void 
  9653 ;; Registers used:
  9654 ;;		wreg
  9655 ;; Tracked objects:
  9656 ;;		On entry : 0/0
  9657 ;;		On exit  : 0/0
  9658 ;;		Unchanged: 0/0
  9659 ;; Data sizes:     COMRAM   BANK0   BANK1   BANK2   BANK3   BANK4   BANK5
  9660 ;;      Params:         0       0       0       0       0       0       0
  9661 ;;      Locals:         1       0       0       0       0       0       0
  9662 ;;      Temps:          0       0       0       0       0       0       0
  9663 ;;      Totals:         1       0       0       0       0       0       0
  9664 ;;Total ram usage:        1 bytes
  9665 ;; Hardware stack levels used: 1
  9666 ;; This function calls:
  9667 ;;		Nothing
  9668 ;; This function is called by:
  9669 ;;		_download_log
  9670 ;;		_puts
  9671 ;;		_getche
  9672 ;; This function uses a non-reentrant model
  9673 ;;
  9674                           
  9675                           	psect	text26
  9676   000FDC                     __ptext26:
  9677                           	callstack 0
  9678   000FDC                     _putch:
  9679                           	callstack 28
  9680                           
  9681                           ;incstack = 0
  9682                           ;putch@byte stored from wreg
  9683   000FDC  6E01               	movwf	putch@byte^0,c
  9684   000FDE                     l683:
  9685                           
  9686                           ;uart.c: 62:  while(!TXIF)
  9687   000FDE  A89E               	btfss	3998,4,c	;volatile
  9688   000FE0  EFF4  F007         	goto	u1601
  9689   000FE4  EFF6  F007         	goto	u1600
  9690   000FE8                     u1601:
  9691   000FE8  EFEF  F007         	goto	l683
  9692   000FEC                     u1600:
  9693   000FEC                     
  9694                           ;uart.c: 66:  TXIF = 0;
  9695   000FEC  989E               	bcf	3998,4,c	;volatile
  9696   000FEE                     
  9697                           ;uart.c: 67:  TXREG = byte;
  9698   000FEE  C001  FFAD         	movff	putch@byte,4013	;volatile
  9699   000FF2  0012               	return		;funcret
  9700   000FF4                     __end_of_putch:
  9701                           	callstack 0
  9702                           
  9703 ;; *************** function _event_read *****************
  9704 ;; Defined at:
  9705 ;;		line 176 in file "car_black_box.c"
  9706 ;; Parameters:    Size  Location     Type
  9707 ;;		None
  9708 ;; Auto vars:     Size  Location     Type
  9709 ;;  j               2   10[COMRAM] int 
  9710 ;;  i               2    8[COMRAM] int 
  9711 ;;  read_addr       1    7[COMRAM] unsigned char 
  9712 ;; Return value:  Size  Location     Type
  9713 ;;                  1    wreg      void 
  9714 ;; Registers used:
  9715 ;;		wreg, fsr2l, fsr2h, status,2, status,0, prodl, prodh, cstack
  9716 ;; Tracked objects:
  9717 ;;		On entry : 0/0
  9718 ;;		On exit  : 0/0
  9719 ;;		Unchanged: 0/0
  9720 ;; Data sizes:     COMRAM   BANK0   BANK1   BANK2   BANK3   BANK4   BANK5
  9721 ;;      Params:         0       0       0       0       0       0       0
  9722 ;;      Locals:         5       0       0       0       0       0       0
  9723 ;;      Temps:          4       0       0       0       0       0       0
  9724 ;;      Totals:         9       0       0       0       0       0       0
  9725 ;;Total ram usage:        9 bytes
  9726 ;; Hardware stack levels used: 1
  9727 ;; Hardware stack levels required when called: 4
  9728 ;; This function calls:
  9729 ;;		_read_external_eeprom
  9730 ;; This function is called by:
  9731 ;;		_download_log
  9732 ;; This function uses a non-reentrant model
  9733 ;;
  9734                           
  9735                           	psect	text27
  9736   001E0C                     __ptext27:
  9737                           	callstack 0
  9738   001E0C                     _event_read:
  9739                           	callstack 25
  9740   001E0C                     
  9741                           ;car_black_box.c: 177:     unsigned char read_addr = 0x00;
  9742   001E0C  6A08               	clrf	event_read@read_addr^0,c
  9743   001E0E                     
  9744                           ;car_black_box.c: 179:     for (int i = 0; i < event_count; i++) {
  9745   001E0E  0E00               	movlw	0
  9746   001E10  6E0A               	movwf	(event_read@i+1)^0,c
  9747   001E12  0E00               	movlw	0
  9748   001E14  6E09               	movwf	event_read@i^0,c
  9749   001E16  EFD3  F00F         	goto	l3027
  9750   001E1A                     l2991:
  9751                           
  9752                           ;car_black_box.c: 180:         for (int j = 0; j < 16; j++) {
  9753   001E1A  0E00               	movlw	0
  9754   001E1C  6E0C               	movwf	(event_read@j+1)^0,c
  9755   001E1E  0E00               	movlw	0
  9756   001E20  6E0B               	movwf	event_read@j^0,c
  9757   001E22                     l2997:
  9758                           
  9759                           ;car_black_box.c: 181:             if (j == 13 || j == 10 || j == 1) {
  9760   001E22  0E0D               	movlw	13
  9761   001E24  180B               	xorwf	event_read@j^0,w,c
  9762   001E26  100C               	iorwf	(event_read@j+1)^0,w,c
  9763   001E28  B4D8               	btfsc	status,2,c
  9764   001E2A  EF19  F00F         	goto	u1801
  9765   001E2E  EF1B  F00F         	goto	u1800
  9766   001E32                     u1801:
  9767   001E32  EF2E  F00F         	goto	l3003
  9768   001E36                     u1800:
  9769   001E36  0E0A               	movlw	10
  9770   001E38  180B               	xorwf	event_read@j^0,w,c
  9771   001E3A  100C               	iorwf	(event_read@j+1)^0,w,c
  9772   001E3C  B4D8               	btfsc	status,2,c
  9773   001E3E  EF23  F00F         	goto	u1811
  9774   001E42  EF25  F00F         	goto	u1810
  9775   001E46                     u1811:
  9776   001E46  EF2E  F00F         	goto	l3003
  9777   001E4A                     u1810:
  9778   001E4A  040B               	decf	event_read@j^0,w,c
  9779   001E4C  100C               	iorwf	(event_read@j+1)^0,w,c
  9780   001E4E  A4D8               	btfss	status,2,c
  9781   001E50  EF2C  F00F         	goto	u1821
  9782   001E54  EF2E  F00F         	goto	u1820
  9783   001E58                     u1821:
  9784   001E58  EF47  F00F         	goto	l3005
  9785   001E5C                     u1820:
  9786   001E5C                     l3003:
  9787                           
  9788                           ;car_black_box.c: 182:                 data[i][j] = ' ';
  9789   001E5C  0E11               	movlw	17
  9790   001E5E  0209               	mulwf	event_read@i^0,c
  9791   001E60  CFF3 F004          	movff	prodl,??_event_read
  9792   001E64  CFF4 F005          	movff	prodh,??_event_read+1
  9793   001E68  020A               	mulwf	(event_read@i+1)^0,c
  9794   001E6A  50F3               	movf	prodl,w,c
  9795   001E6C  2605               	addwf	(??_event_read+1)^0,f,c
  9796   001E6E  0E00               	movlw	low _data
  9797   001E70  2404               	addwf	??_event_read^0,w,c
  9798   001E72  6E06               	movwf	(??_event_read+2)^0,c
  9799   001E74  0E01               	movlw	high _data
  9800   001E76  2005               	addwfc	(??_event_read+1)^0,w,c
  9801   001E78  6E07               	movwf	(??_event_read+3)^0,c
  9802   001E7A  500B               	movf	event_read@j^0,w,c
  9803   001E7C  2406               	addwf	(??_event_read+2)^0,w,c
  9804   001E7E  6ED9               	movwf	fsr2l,c
  9805   001E80  500C               	movf	(event_read@j+1)^0,w,c
  9806   001E82  2007               	addwfc	(??_event_read+3)^0,w,c
  9807   001E84  6EDA               	movwf	fsr2h,c
  9808   001E86  0E20               	movlw	32
  9809   001E88  6EDF               	movwf	indf2,c
  9810                           
  9811                           ;car_black_box.c: 183:             } else if (j == 0) {
  9812   001E8A  EFB1  F00F         	goto	l3019
  9813   001E8E                     l3005:
  9814   001E8E  500B               	movf	event_read@j^0,w,c
  9815   001E90  100C               	iorwf	(event_read@j+1)^0,w,c
  9816   001E92  A4D8               	btfss	status,2,c
  9817   001E94  EF4E  F00F         	goto	u1831
  9818   001E98  EF50  F00F         	goto	u1830
  9819   001E9C                     u1831:
  9820   001E9C  EF6A  F00F         	goto	l3009
  9821   001EA0                     u1830:
  9822   001EA0                     
  9823                           ;car_black_box.c: 184:                 data[i][j] = i + '0';
  9824   001EA0  0E11               	movlw	17
  9825   001EA2  0209               	mulwf	event_read@i^0,c
  9826   001EA4  CFF3 F004          	movff	prodl,??_event_read
  9827   001EA8  CFF4 F005          	movff	prodh,??_event_read+1
  9828   001EAC  020A               	mulwf	(event_read@i+1)^0,c
  9829   001EAE  50F3               	movf	prodl,w,c
  9830   001EB0  2605               	addwf	(??_event_read+1)^0,f,c
  9831   001EB2  0E00               	movlw	low _data
  9832   001EB4  2404               	addwf	??_event_read^0,w,c
  9833   001EB6  6E06               	movwf	(??_event_read+2)^0,c
  9834   001EB8  0E01               	movlw	high _data
  9835   001EBA  2005               	addwfc	(??_event_read+1)^0,w,c
  9836   001EBC  6E07               	movwf	(??_event_read+3)^0,c
  9837   001EBE  500B               	movf	event_read@j^0,w,c
  9838   001EC0  2406               	addwf	(??_event_read+2)^0,w,c
  9839   001EC2  6ED9               	movwf	fsr2l,c
  9840   001EC4  500C               	movf	(event_read@j+1)^0,w,c
  9841   001EC6  2007               	addwfc	(??_event_read+3)^0,w,c
  9842   001EC8  6EDA               	movwf	fsr2h,c
  9843   001ECA  5009               	movf	event_read@i^0,w,c
  9844   001ECC  0F30               	addlw	48
  9845   001ECE  6EDF               	movwf	indf2,c
  9846                           
  9847                           ;car_black_box.c: 185:             } else if (j == 4 || j == 7) {
  9848   001ED0  EFB1  F00F         	goto	l3019
  9849   001ED4                     l3009:
  9850   001ED4  0E04               	movlw	4
  9851   001ED6  180B               	xorwf	event_read@j^0,w,c
  9852   001ED8  100C               	iorwf	(event_read@j+1)^0,w,c
  9853   001EDA  B4D8               	btfsc	status,2,c
  9854   001EDC  EF72  F00F         	goto	u1841
  9855   001EE0  EF74  F00F         	goto	u1840
  9856   001EE4                     u1841:
  9857   001EE4  EF7E  F00F         	goto	l3013
  9858   001EE8                     u1840:
  9859   001EE8  0E07               	movlw	7
  9860   001EEA  180B               	xorwf	event_read@j^0,w,c
  9861   001EEC  100C               	iorwf	(event_read@j+1)^0,w,c
  9862   001EEE  A4D8               	btfss	status,2,c
  9863   001EF0  EF7C  F00F         	goto	u1851
  9864   001EF4  EF7E  F00F         	goto	u1850
  9865   001EF8                     u1851:
  9866   001EF8  EF97  F00F         	goto	l3015
  9867   001EFC                     u1850:
  9868   001EFC                     l3013:
  9869                           
  9870                           ;car_black_box.c: 186:                 data[i][j] = ':';
  9871   001EFC  0E11               	movlw	17
  9872   001EFE  0209               	mulwf	event_read@i^0,c
  9873   001F00  CFF3 F004          	movff	prodl,??_event_read
  9874   001F04  CFF4 F005          	movff	prodh,??_event_read+1
  9875   001F08  020A               	mulwf	(event_read@i+1)^0,c
  9876   001F0A  50F3               	movf	prodl,w,c
  9877   001F0C  2605               	addwf	(??_event_read+1)^0,f,c
  9878   001F0E  0E00               	movlw	low _data
  9879   001F10  2404               	addwf	??_event_read^0,w,c
  9880   001F12  6E06               	movwf	(??_event_read+2)^0,c
  9881   001F14  0E01               	movlw	high _data
  9882   001F16  2005               	addwfc	(??_event_read+1)^0,w,c
  9883   001F18  6E07               	movwf	(??_event_read+3)^0,c
  9884   001F1A  500B               	movf	event_read@j^0,w,c
  9885   001F1C  2406               	addwf	(??_event_read+2)^0,w,c
  9886   001F1E  6ED9               	movwf	fsr2l,c
  9887   001F20  500C               	movf	(event_read@j+1)^0,w,c
  9888   001F22  2007               	addwfc	(??_event_read+3)^0,w,c
  9889   001F24  6EDA               	movwf	fsr2h,c
  9890   001F26  0E3A               	movlw	58
  9891   001F28  6EDF               	movwf	indf2,c
  9892                           
  9893                           ;car_black_box.c: 187:             } else {
  9894   001F2A  EFB1  F00F         	goto	l3019
  9895   001F2E                     l3015:
  9896                           
  9897                           ;car_black_box.c: 188:                 data[i][j] = read_external_eeprom(read_addr++);
  9898   001F2E  0E11               	movlw	17
  9899   001F30  0209               	mulwf	event_read@i^0,c
  9900   001F32  CFF3 F004          	movff	prodl,??_event_read
  9901   001F36  CFF4 F005          	movff	prodh,??_event_read+1
  9902   001F3A  020A               	mulwf	(event_read@i+1)^0,c
  9903   001F3C  50F3               	movf	prodl,w,c
  9904   001F3E  2605               	addwf	(??_event_read+1)^0,f,c
  9905   001F40  0E00               	movlw	low _data
  9906   001F42  2404               	addwf	??_event_read^0,w,c
  9907   001F44  6E06               	movwf	(??_event_read+2)^0,c
  9908   001F46  0E01               	movlw	high _data
  9909   001F48  2005               	addwfc	(??_event_read+1)^0,w,c
  9910   001F4A  6E07               	movwf	(??_event_read+3)^0,c
  9911   001F4C  500B               	movf	event_read@j^0,w,c
  9912   001F4E  2406               	addwf	(??_event_read+2)^0,w,c
  9913   001F50  6ED9               	movwf	fsr2l,c
  9914   001F52  500C               	movf	(event_read@j+1)^0,w,c
  9915   001F54  2007               	addwfc	(??_event_read+3)^0,w,c
  9916   001F56  6EDA               	movwf	fsr2h,c
  9917   001F58  5008               	movf	event_read@read_addr^0,w,c
  9918   001F5A  EC33  F008         	call	_read_external_eeprom
  9919   001F5E  6EDF               	movwf	indf2,c
  9920   001F60  2A08               	incf	event_read@read_addr^0,f,c
  9921   001F62                     l3019:
  9922                           
  9923                           ;car_black_box.c: 190:         }
  9924   001F62  4A0B               	infsnz	event_read@j^0,f,c
  9925   001F64  2A0C               	incf	(event_read@j+1)^0,f,c
  9926   001F66  BE0C               	btfsc	(event_read@j+1)^0,7,c
  9927   001F68  EFBF  F00F         	goto	u1861
  9928   001F6C  500C               	movf	(event_read@j+1)^0,w,c
  9929   001F6E  E109               	bnz	u1860
  9930   001F70  0E10               	movlw	16
  9931   001F72  5C0B               	subwf	event_read@j^0,w,c
  9932   001F74  A0D8               	btfss	status,0,c
  9933   001F76  EFBF  F00F         	goto	u1861
  9934   001F7A  EFC1  F00F         	goto	u1860
  9935   001F7E                     u1861:
  9936   001F7E  EF11  F00F         	goto	l2997
  9937   001F82                     u1860:
  9938   001F82                     
  9939                           ;car_black_box.c: 192:         data[i][16] = '\0';
  9940   001F82  0E11               	movlw	17
  9941   001F84  0209               	mulwf	event_read@i^0,c
  9942   001F86  CFF3 F004          	movff	prodl,??_event_read
  9943   001F8A  CFF4 F005          	movff	prodh,??_event_read+1
  9944   001F8E  020A               	mulwf	(event_read@i+1)^0,c
  9945   001F90  50F3               	movf	prodl,w,c
  9946   001F92  2605               	addwf	(??_event_read+1)^0,f,c
  9947   001F94  0E10               	movlw	low (_data+16)
  9948   001F96  2404               	addwf	??_event_read^0,w,c
  9949   001F98  6ED9               	movwf	fsr2l,c
  9950   001F9A  0E01               	movlw	high (_data+16)
  9951   001F9C  2005               	addwfc	(??_event_read+1)^0,w,c
  9952   001F9E  6EDA               	movwf	fsr2h,c
  9953   001FA0  6ADF               	clrf	indf2,c
  9954   001FA2                     
  9955                           ;car_black_box.c: 193:     }
  9956   001FA2  4A09               	infsnz	event_read@i^0,f,c
  9957   001FA4  2A0A               	incf	(event_read@i+1)^0,f,c
  9958   001FA6                     l3027:
  9959   001FA6  5041               	movf	_event_count^0,w,c
  9960   001FA8  5C09               	subwf	event_read@i^0,w,c
  9961   001FAA  500A               	movf	(event_read@i+1)^0,w,c
  9962   001FAC  0A80               	xorlw	128
  9963   001FAE  6E04               	movwf	??_event_read^0,c
  9964   001FB0  5042               	movf	(_event_count+1)^0,w,c
  9965   001FB2  0A80               	xorlw	128
  9966   001FB4  5804               	subwfb	??_event_read^0,w,c
  9967   001FB6  A0D8               	btfss	status,0,c
  9968   001FB8  EFE0  F00F         	goto	u1871
  9969   001FBC  EFE2  F00F         	goto	u1870
  9970   001FC0                     u1871:
  9971   001FC0  EF0D  F00F         	goto	l2991
  9972   001FC4                     u1870:
  9973   001FC4  0012               	return		;funcret
  9974   001FC6                     __end_of_event_read:
  9975                           	callstack 0
  9976                           
  9977 ;; *************** function _display_main_menu *****************
  9978 ;; Defined at:
  9979 ;;		line 112 in file "car_black_box.c"
  9980 ;; Parameters:    Size  Location     Type
  9981 ;;		None
  9982 ;; Auto vars:     Size  Location     Type
  9983 ;;		None
  9984 ;; Return value:  Size  Location     Type
  9985 ;;                  1    wreg      void 
  9986 ;; Registers used:
  9987 ;;		wreg, fsr1l, fsr1h, status,2, status,0, tblptrl, tblptrh, tblptru, prodl, prodh, cstack
  9988 ;; Tracked objects:
  9989 ;;		On entry : 0/0
  9990 ;;		On exit  : 0/0
  9991 ;;		Unchanged: 0/0
  9992 ;; Data sizes:     COMRAM   BANK0   BANK1   BANK2   BANK3   BANK4   BANK5
  9993 ;;      Params:         0       0       0       0       0       0       0
  9994 ;;      Locals:         0       0       0       0       0       0       0
  9995 ;;      Temps:          1       0       0       0       0       0       0
  9996 ;;      Totals:         1       0       0       0       0       0       0
  9997 ;;Total ram usage:        1 bytes
  9998 ;; Hardware stack levels used: 1
  9999 ;; Hardware stack levels required when called: 2
 10000 ;; This function calls:
 10001 ;;		_clcd_print
 10002 ;;		_clcd_write
 10003 ;; This function is called by:
 10004 ;;		_main
 10005 ;; This function uses a non-reentrant model
 10006 ;;
 10007                           
 10008                           	psect	text28
 10009   0021A8                     __ptext28:
 10010                           	callstack 0
 10011   0021A8                     _display_main_menu:
 10012                           	callstack 28
 10013   0021A8                     
 10014                           ;car_black_box.c: 115:     clcd_print(menu[j], (0x80 + (2)));
 10015   0021A8  5047               	movf	_j^0,w,c
 10016   0021AA  0D11               	mullw	17
 10017   0021AC  50F3               	movf	243,w,c
 10018   0021AE  0F7C               	addlw	low _menu
 10019   0021B0  6E06               	movwf	??_display_main_menu^0,c
 10020   0021B2  C006  F003         	movff	??_display_main_menu,clcd_print@data
 10021   0021B6  6A04               	clrf	(clcd_print@data+1)^0,c
 10022   0021B8  0E82               	movlw	130
 10023   0021BA  6E05               	movwf	clcd_print@addr^0,c
 10024   0021BC  ECD0  F009         	call	_clcd_print	;wreg free
 10025                           
 10026                           ;car_black_box.c: 116:     clcd_print(menu[j + 1], (0xC0 + (2)));
 10027   0021C0  5047               	movf	_j^0,w,c
 10028   0021C2  0D11               	mullw	17
 10029   0021C4  50F3               	movf	243,w,c
 10030   0021C6  0F8D               	addlw	low (_menu+17)
 10031   0021C8  6E06               	movwf	??_display_main_menu^0,c
 10032   0021CA  C006  F003         	movff	??_display_main_menu,clcd_print@data
 10033   0021CE  6A04               	clrf	(clcd_print@data+1)^0,c
 10034   0021D0  0EC2               	movlw	194
 10035   0021D2  6E05               	movwf	clcd_print@addr^0,c
 10036   0021D4  ECD0  F009         	call	_clcd_print	;wreg free
 10037   0021D8                     
 10038                           ;car_black_box.c: 118:     if (scroll == 0) {
 10039   0021D8  5045               	movf	_scroll^0,w,c
 10040   0021DA  1046               	iorwf	(_scroll+1)^0,w,c
 10041   0021DC  A4D8               	btfss	status,2,c
 10042   0021DE  EFF3  F010         	goto	u2431
 10043   0021E2  EFF5  F010         	goto	u2430
 10044   0021E6                     u2431:
 10045   0021E6  EF0B  F011         	goto	l3347
 10046   0021EA                     u2430:
 10047   0021EA                     
 10048                           ;car_black_box.c: 119:         clcd_print("*", (0x80 + (0)));
 10049   0021EA  0EF8               	movlw	low STR_18
 10050   0021EC  6E03               	movwf	clcd_print@data^0,c
 10051   0021EE  0E2F               	movlw	high STR_18
 10052   0021F0  6E04               	movwf	(clcd_print@data+1)^0,c
 10053   0021F2  0E80               	movlw	128
 10054   0021F4  6E05               	movwf	clcd_print@addr^0,c
 10055   0021F6  ECD0  F009         	call	_clcd_print	;wreg free
 10056                           
 10057                           ;car_black_box.c: 120:         clcd_print(" ", (0xC0 + (0)));
 10058   0021FA  0E2B               	movlw	low (STR_24+15)
 10059   0021FC  6E03               	movwf	clcd_print@data^0,c
 10060   0021FE  0E2F               	movlw	high (STR_24+15)
 10061   002200  6E04               	movwf	(clcd_print@data+1)^0,c
 10062   002202  0EC0               	movlw	192
 10063   002204  6E05               	movwf	clcd_print@addr^0,c
 10064   002206  ECD0  F009         	call	_clcd_print	;wreg free
 10065   00220A                     
 10066                           ;car_black_box.c: 121:         k = j;
 10067   00220A  C047  F049         	movff	_j,_k
 10068   00220E  C048  F04A         	movff	_j+1,_k+1
 10069                           
 10070                           ;car_black_box.c: 123:     } else {
 10071   002212  EF21  F011         	goto	l3351
 10072   002216                     l3347:
 10073                           
 10074                           ;car_black_box.c: 124:         clcd_print(" ", (0x80 + (0)));
 10075   002216  0E2B               	movlw	low (STR_24+15)
 10076   002218  6E03               	movwf	clcd_print@data^0,c
 10077   00221A  0E2F               	movlw	high (STR_24+15)
 10078   00221C  6E04               	movwf	(clcd_print@data+1)^0,c
 10079   00221E  0E80               	movlw	128
 10080   002220  6E05               	movwf	clcd_print@addr^0,c
 10081   002222  ECD0  F009         	call	_clcd_print	;wreg free
 10082                           
 10083                           ;car_black_box.c: 125:         clcd_print("*", (0xC0 + (0)));
 10084   002226  0EF8               	movlw	low STR_18
 10085   002228  6E03               	movwf	clcd_print@data^0,c
 10086   00222A  0E2F               	movlw	high STR_18
 10087   00222C  6E04               	movwf	(clcd_print@data+1)^0,c
 10088   00222E  0EC0               	movlw	192
 10089   002230  6E05               	movwf	clcd_print@addr^0,c
 10090   002232  ECD0  F009         	call	_clcd_print	;wreg free
 10091   002236                     
 10092                           ;car_black_box.c: 126:         k = j + 1;
 10093   002236  0E01               	movlw	1
 10094   002238  2447               	addwf	_j^0,w,c
 10095   00223A  6E49               	movwf	_k^0,c
 10096   00223C  0E00               	movlw	0
 10097   00223E  2048               	addwfc	(_j+1)^0,w,c
 10098   002240  6E4A               	movwf	(_k+1)^0,c
 10099   002242                     l3351:
 10100                           
 10101                           ;car_black_box.c: 128:     if (key == 1) {
 10102   002242  0459               	decf	_key^0,w,c
 10103   002244  A4D8               	btfss	status,2,c
 10104   002246  EF27  F011         	goto	u2441
 10105   00224A  EF29  F011         	goto	u2440
 10106   00224E                     u2441:
 10107   00224E  EF58  F011         	goto	l3363
 10108   002252                     u2440:
 10109   002252                     
 10110                           ;car_black_box.c: 129:         if (scroll == 1)
 10111   002252  0445               	decf	_scroll^0,w,c
 10112   002254  1046               	iorwf	(_scroll+1)^0,w,c
 10113   002256  A4D8               	btfss	status,2,c
 10114   002258  EF30  F011         	goto	u2451
 10115   00225C  EF32  F011         	goto	u2450
 10116   002260                     u2451:
 10117   002260  EF38  F011         	goto	l3357
 10118   002264                     u2450:
 10119   002264                     l3355:
 10120                           
 10121                           ;car_black_box.c: 130:             scroll = 0;
 10122   002264  0E00               	movlw	0
 10123   002266  6E46               	movwf	(_scroll+1)^0,c
 10124   002268  0E00               	movlw	0
 10125   00226A  6E45               	movwf	_scroll^0,c
 10126   00226C  EFA3  F011         	goto	l3387
 10127   002270                     l3357:
 10128   002270  BE48               	btfsc	(_j+1)^0,7,c
 10129   002272  EF43  F011         	goto	u2461
 10130   002276  5048               	movf	(_j+1)^0,w,c
 10131   002278  E108               	bnz	u2460
 10132   00227A  0447               	decf	_j^0,w,c
 10133   00227C  A0D8               	btfss	status,0,c
 10134   00227E  EF43  F011         	goto	u2461
 10135   002282  EF45  F011         	goto	u2460
 10136   002286                     u2461:
 10137   002286  EFA3  F011         	goto	l3387
 10138   00228A                     u2460:
 10139   00228A  BE48               	btfsc	(_j+1)^0,7,c
 10140   00228C  EF53  F011         	goto	u2470
 10141   002290  5048               	movf	(_j+1)^0,w,c
 10142   002292  E107               	bnz	u2471
 10143   002294  0E03               	movlw	3
 10144   002296  5C47               	subwf	_j^0,w,c
 10145   002298  B0D8               	btfsc	status,0,c
 10146   00229A  EF51  F011         	goto	u2471
 10147   00229E  EF53  F011         	goto	u2470
 10148   0022A2                     u2471:
 10149   0022A2  EFA3  F011         	goto	l3387
 10150   0022A6                     u2470:
 10151   0022A6                     
 10152                           ;car_black_box.c: 132:             j--;
 10153   0022A6  0647               	decf	_j^0,f,c
 10154   0022A8  A0D8               	btfss	status,0,c
 10155   0022AA  0648               	decf	(_j+1)^0,f,c
 10156   0022AC  EFA3  F011         	goto	l3387
 10157   0022B0                     l3363:
 10158   0022B0  0E02               	movlw	2
 10159   0022B2  1859               	xorwf	_key^0,w,c
 10160   0022B4  A4D8               	btfss	status,2,c
 10161   0022B6  EF5F  F011         	goto	u2481
 10162   0022BA  EF61  F011         	goto	u2480
 10163   0022BE                     u2481:
 10164   0022BE  EF89  F011         	goto	l3375
 10165   0022C2                     u2480:
 10166   0022C2                     
 10167                           ;car_black_box.c: 134:         if (scroll == 0)
 10168   0022C2  5045               	movf	_scroll^0,w,c
 10169   0022C4  1046               	iorwf	(_scroll+1)^0,w,c
 10170   0022C6  A4D8               	btfss	status,2,c
 10171   0022C8  EF68  F011         	goto	u2491
 10172   0022CC  EF6A  F011         	goto	u2490
 10173   0022D0                     u2491:
 10174   0022D0  EF70  F011         	goto	l3369
 10175   0022D4                     u2490:
 10176   0022D4                     
 10177                           ;car_black_box.c: 135:             scroll = 1;
 10178   0022D4  0E00               	movlw	0
 10179   0022D6  6E46               	movwf	(_scroll+1)^0,c
 10180   0022D8  0E01               	movlw	1
 10181   0022DA  6E45               	movwf	_scroll^0,c
 10182   0022DC  EFA3  F011         	goto	l3387
 10183   0022E0                     l3369:
 10184   0022E0  BE48               	btfsc	(_j+1)^0,7,c
 10185   0022E2  EF7E  F011         	goto	u2500
 10186   0022E6  5048               	movf	(_j+1)^0,w,c
 10187   0022E8  E107               	bnz	u2501
 10188   0022EA  0E02               	movlw	2
 10189   0022EC  5C47               	subwf	_j^0,w,c
 10190   0022EE  B0D8               	btfsc	status,0,c
 10191   0022F0  EF7C  F011         	goto	u2501
 10192   0022F4  EF7E  F011         	goto	u2500
 10193   0022F8                     u2501:
 10194   0022F8  EFA3  F011         	goto	l3387
 10195   0022FC                     u2500:
 10196   0022FC  BE48               	btfsc	(_j+1)^0,7,c
 10197   0022FE  EF83  F011         	goto	u2511
 10198   002302  EF85  F011         	goto	u2510
 10199   002306                     u2511:
 10200   002306  EFA3  F011         	goto	l3387
 10201   00230A                     u2510:
 10202   00230A                     
 10203                           ;car_black_box.c: 137:             j++;
 10204   00230A  4A47               	infsnz	_j^0,f,c
 10205   00230C  2A48               	incf	(_j+1)^0,f,c
 10206   00230E  EFA3  F011         	goto	l3387
 10207   002312                     l3375:
 10208   002312  0E0C               	movlw	12
 10209   002314  1859               	xorwf	_key^0,w,c
 10210   002316  A4D8               	btfss	status,2,c
 10211   002318  EF90  F011         	goto	u2521
 10212   00231C  EF92  F011         	goto	u2520
 10213   002320                     u2521:
 10214   002320  EFA3  F011         	goto	l3387
 10215   002324                     u2520:
 10216   002324                     
 10217                           ;car_black_box.c: 139:         flag = 0;
 10218   002324  0E00               	movlw	0
 10219   002326  0100               	movlb	0	; () banked
 10220   002328  6FE0               	movwf	(_flag+1)& (0+255),b
 10221   00232A  0E00               	movlw	0
 10222   00232C  6FDF               	movwf	_flag& (0+255),b
 10223   00232E                     
 10224                           ; BSR set to: 0
 10225                           ;car_black_box.c: 140:         state = e_dashboard;
 10226   00232E  6A54               	clrf	_state^0,c
 10227   002330                     
 10228                           ; BSR set to: 0
 10229                           ;car_black_box.c: 141:         clcd_write(0x01, 0);
 10230   002330  0E00               	movlw	0
 10231   002332  6E01               	movwf	clcd_write@control_bit^0,c
 10232   002334  0E01               	movlw	1
 10233   002336  EC77  F008         	call	_clcd_write
 10234   00233A                     
 10235                           ;car_black_box.c: 143:         j = 0;
 10236   00233A  0E00               	movlw	0
 10237   00233C  6E48               	movwf	(_j+1)^0,c
 10238   00233E  0E00               	movlw	0
 10239   002340  6E47               	movwf	_j^0,c
 10240   002342  EF32  F011         	goto	l3355
 10241   002346                     l3387:
 10242                           
 10243                           ;car_black_box.c: 146:     if (key == 11)
 10244   002346  0E0B               	movlw	11
 10245   002348  1859               	xorwf	_key^0,w,c
 10246   00234A  A4D8               	btfss	status,2,c
 10247   00234C  EFAA  F011         	goto	u2531
 10248   002350  EFAC  F011         	goto	u2530
 10249   002354                     u2531:
 10250   002354  EFC6  F011         	goto	l378
 10251   002358                     u2530:
 10252   002358                     
 10253                           ;car_black_box.c: 147:     {;car_black_box.c: 148:         state = j + scroll + 2;
 10254   002358  5047               	movf	_j^0,w,c
 10255   00235A  2445               	addwf	_scroll^0,w,c
 10256   00235C  0F02               	addlw	2
 10257   00235E  6E54               	movwf	_state^0,c
 10258                           
 10259                           ;car_black_box.c: 149:         if(state == e_view_log)
 10260   002360  0E02               	movlw	2
 10261   002362  1854               	xorwf	_state^0,w,c
 10262   002364  A4D8               	btfss	status,2,c
 10263   002366  EFB7  F011         	goto	u2541
 10264   00236A  EFB9  F011         	goto	u2540
 10265   00236E                     u2541:
 10266   00236E  EFC1  F011         	goto	l3393
 10267   002372                     u2540:
 10268   002372                     
 10269                           ;car_black_box.c: 150:         {;car_black_box.c: 151:             data_index = 0;
 10270   002372  0E00               	movlw	0
 10271   002374  6E38               	movwf	(_data_index@main$F324+1)^0,c
 10272   002376  0E00               	movlw	0
 10273   002378  6E37               	movwf	_data_index@main$F324^0,c
 10274                           
 10275                           ;car_black_box.c: 152:             event_number = 0;
 10276   00237A  0E00               	movlw	0
 10277   00237C  6E44               	movwf	(_event_number+1)^0,c
 10278   00237E  0E00               	movlw	0
 10279   002380  6E43               	movwf	_event_number^0,c
 10280   002382                     l3393:
 10281                           
 10282                           ;car_black_box.c: 154:         clcd_write(0x01, 0);
 10283   002382  0E00               	movlw	0
 10284   002384  6E01               	movwf	clcd_write@control_bit^0,c
 10285   002386  0E01               	movlw	1
 10286   002388  EC77  F008         	call	_clcd_write
 10287   00238C                     l378:
 10288   00238C  0012               	return		;funcret
 10289   00238E                     __end_of_display_main_menu:
 10290                           	callstack 0
 10291                           
 10292 ;; *************** function _clear_log *****************
 10293 ;; Defined at:
 10294 ;;		line 253 in file "car_black_box.c"
 10295 ;; Parameters:    Size  Location     Type
 10296 ;;		None
 10297 ;; Auto vars:     Size  Location     Type
 10298 ;;  j               2   15[COMRAM] int 
 10299 ;; Return value:  Size  Location     Type
 10300 ;;                  1    wreg      void 
 10301 ;; Registers used:
 10302 ;;		wreg, fsr1l, fsr1h, fsr2l, fsr2h, status,2, status,0, tblptrl, tblptrh, tblptru, prodl, prodh, cstack
 10303 ;; Tracked objects:
 10304 ;;		On entry : 0/0
 10305 ;;		On exit  : 0/0
 10306 ;;		Unchanged: 0/0
 10307 ;; Data sizes:     COMRAM   BANK0   BANK1   BANK2   BANK3   BANK4   BANK5
 10308 ;;      Params:         0       0       0       0       0       0       0
 10309 ;;      Locals:         2       0       0       0       0       0       0
 10310 ;;      Temps:          2       0       0       0       0       0       0
 10311 ;;      Totals:         4       0       0       0       0       0       0
 10312 ;;Total ram usage:        4 bytes
 10313 ;; Hardware stack levels used: 1
 10314 ;; Hardware stack levels required when called: 5
 10315 ;; This function calls:
 10316 ;;		_clcd_print
 10317 ;;		_clcd_write
 10318 ;;		_event_store
 10319 ;;		_write_external_eeprom
 10320 ;; This function is called by:
 10321 ;;		_main
 10322 ;; This function uses a non-reentrant model
 10323 ;;
 10324                           
 10325                           	psect	text29
 10326   00156E                     __ptext29:
 10327                           	callstack 0
 10328   00156E                     _clear_log:
 10329                           	callstack 25
 10330   00156E                     
 10331                           ;car_black_box.c: 255:    event_count = 0;
 10332   00156E  0E00               	movlw	0
 10333   001570  6E42               	movwf	(_event_count+1)^0,c
 10334   001572  0E00               	movlw	0
 10335   001574  6E41               	movwf	_event_count^0,c
 10336   001576                     
 10337                           ;car_black_box.c: 256:     write_add = 0x00; event_number = 0;
 10338   001576  6A53               	clrf	_write_add^0,c
 10339   001578  0E00               	movlw	0
 10340   00157A  6E44               	movwf	(_event_number+1)^0,c
 10341   00157C  0E00               	movlw	0
 10342   00157E  6E43               	movwf	_event_number^0,c
 10343                           
 10344                           ;car_black_box.c: 257:     for (int j = 0; j < 100; j++) {
 10345   001580  0E00               	movlw	0
 10346   001582  6E11               	movwf	(clear_log@j+1)^0,c
 10347   001584  0E00               	movlw	0
 10348   001586  6E10               	movwf	clear_log@j^0,c
 10349   001588                     l3469:
 10350                           
 10351                           ;car_black_box.c: 258:         write_external_eeprom(write_add++, ' ');
 10352   001588  0E20               	movlw	32
 10353   00158A  6E04               	movwf	write_external_eeprom@data^0,c
 10354   00158C  5053               	movf	_write_add^0,w,c
 10355   00158E  ECB2  F008         	call	_write_external_eeprom
 10356   001592  2A53               	incf	_write_add^0,f,c
 10357   001594                     
 10358                           ;car_black_box.c: 259:     }
 10359   001594  4A10               	infsnz	clear_log@j^0,f,c
 10360   001596  2A11               	incf	(clear_log@j+1)^0,f,c
 10361   001598  BE11               	btfsc	(clear_log@j+1)^0,7,c
 10362   00159A  EFD8  F00A         	goto	u2621
 10363   00159E  5011               	movf	(clear_log@j+1)^0,w,c
 10364   0015A0  E109               	bnz	u2620
 10365   0015A2  0E64               	movlw	100
 10366   0015A4  5C10               	subwf	clear_log@j^0,w,c
 10367   0015A6  A0D8               	btfss	status,0,c
 10368   0015A8  EFD8  F00A         	goto	u2621
 10369   0015AC  EFDA  F00A         	goto	u2620
 10370   0015B0                     u2621:
 10371   0015B0  EFC4  F00A         	goto	l3469
 10372   0015B4                     u2620:
 10373   0015B4                     
 10374                           ;car_black_box.c: 261:     clcd_print("    CLEAN       ", (0x80 + (0)));
 10375   0015B4  0E1C               	movlw	low STR_24
 10376   0015B6  6E03               	movwf	clcd_print@data^0,c
 10377   0015B8  0E2F               	movlw	high STR_24
 10378   0015BA  6E04               	movwf	(clcd_print@data+1)^0,c
 10379   0015BC  0E80               	movlw	128
 10380   0015BE  6E05               	movwf	clcd_print@addr^0,c
 10381   0015C0  ECD0  F009         	call	_clcd_print	;wreg free
 10382                           
 10383                           ;car_black_box.c: 262:     clcd_print("   SUCCESSFULLY ", (0xC0 + (0)));
 10384   0015C4  0E4F               	movlw	low STR_25
 10385   0015C6  6E03               	movwf	clcd_print@data^0,c
 10386   0015C8  0E2F               	movlw	high STR_25
 10387   0015CA  6E04               	movwf	(clcd_print@data+1)^0,c
 10388   0015CC  0EC0               	movlw	192
 10389   0015CE  6E05               	movwf	clcd_print@addr^0,c
 10390   0015D0  ECD0  F009         	call	_clcd_print	;wreg free
 10391   0015D4                     
 10392                           ;car_black_box.c: 264:     _delay((unsigned long)((2000)*(20000000/4000.0)));
 10393   0015D4  0E33               	movlw	51
 10394   0015D6  6E0F               	movwf	(??_clear_log+1)^0,c
 10395   0015D8  0EBB               	movlw	187
 10396   0015DA  6E0E               	movwf	??_clear_log^0,c
 10397   0015DC  0EE0               	movlw	224
 10398   0015DE                     u2857:
 10399   0015DE  2EE8               	decfsz	wreg,f,c
 10400   0015E0  D7FE               	bra	u2857
 10401   0015E2  2E0E               	decfsz	??_clear_log^0,f,c
 10402   0015E4  D7FC               	bra	u2857
 10403   0015E6  2E0F               	decfsz	(??_clear_log+1)^0,f,c
 10404   0015E8  D7FA               	bra	u2857
 10405   0015EA                     
 10406                           ;car_black_box.c: 267:     i = 10;
 10407   0015EA  0E00               	movlw	0
 10408   0015EC  6E4C               	movwf	(_i+1)^0,c
 10409   0015EE  0E0A               	movlw	10
 10410   0015F0  6E4B               	movwf	_i^0,c
 10411   0015F2                     
 10412                           ;car_black_box.c: 268:     x = 0;
 10413   0015F2  0E00               	movlw	0
 10414   0015F4  0100               	movlb	0	; () banked
 10415   0015F6  6FDC               	movwf	(_x+1)& (0+255),b
 10416   0015F8  0E00               	movlw	0
 10417   0015FA  6FDB               	movwf	_x& (0+255),b
 10418   0015FC                     
 10419                           ; BSR set to: 0
 10420                           ;car_black_box.c: 269:     write_add = 0x00;
 10421   0015FC  6A53               	clrf	_write_add^0,c
 10422   0015FE                     
 10423                           ; BSR set to: 0
 10424                           ;car_black_box.c: 270:     event_store();
 10425   0015FE  EC42  F009         	call	_event_store	;wreg free
 10426   001602                     
 10427                           ;car_black_box.c: 271:     flag = 0;
 10428   001602  0E00               	movlw	0
 10429   001604  0100               	movlb	0	; () banked
 10430   001606  6FE0               	movwf	(_flag+1)& (0+255),b
 10431   001608  0E00               	movlw	0
 10432   00160A  6FDF               	movwf	_flag& (0+255),b
 10433   00160C                     
 10434                           ; BSR set to: 0
 10435                           ;car_black_box.c: 272:     state = e_main_menu;
 10436   00160C  0E01               	movlw	1
 10437   00160E  6E54               	movwf	_state^0,c
 10438   001610                     
 10439                           ; BSR set to: 0
 10440                           ;car_black_box.c: 273:     clcd_write(0x01, 0);
 10441   001610  0E00               	movlw	0
 10442   001612  6E01               	movwf	clcd_write@control_bit^0,c
 10443   001614  0E01               	movlw	1
 10444   001616  EC77  F008         	call	_clcd_write
 10445   00161A  0012               	return		;funcret
 10446   00161C                     __end_of_clear_log:
 10447                           	callstack 0
 10448                           
 10449 ;; *************** function _event_store *****************
 10450 ;; Defined at:
 10451 ;;		line 41 in file "car_black_box.c"
 10452 ;; Parameters:    Size  Location     Type
 10453 ;;		None
 10454 ;; Auto vars:     Size  Location     Type
 10455 ;;  i               2   11[COMRAM] int 
 10456 ;; Return value:  Size  Location     Type
 10457 ;;                  1    wreg      void 
 10458 ;; Registers used:
 10459 ;;		wreg, fsr2l, fsr2h, status,2, status,0, tblptrl, tblptrh, tblptru, prodl, prodh, cstack
 10460 ;; Tracked objects:
 10461 ;;		On entry : 0/0
 10462 ;;		On exit  : 0/0
 10463 ;;		Unchanged: 0/0
 10464 ;; Data sizes:     COMRAM   BANK0   BANK1   BANK2   BANK3   BANK4   BANK5
 10465 ;;      Params:         0       0       0       0       0       0       0
 10466 ;;      Locals:         2       0       0       0       0       0       0
 10467 ;;      Temps:          0       0       0       0       0       0       0
 10468 ;;      Totals:         2       0       0       0       0       0       0
 10469 ;;Total ram usage:        2 bytes
 10470 ;; Hardware stack levels used: 1
 10471 ;; Hardware stack levels required when called: 4
 10472 ;; This function calls:
 10473 ;;		_read_external_eeprom
 10474 ;;		_store_event
 10475 ;;		_write_external_eeprom
 10476 ;; This function is called by:
 10477 ;;		_view_dashboard
 10478 ;;		_clear_log
 10479 ;;		_download_log
 10480 ;;		_set_time
 10481 ;; This function uses a non-reentrant model
 10482 ;;
 10483                           
 10484                           	psect	text30
 10485   001284                     __ptext30:
 10486                           	callstack 0
 10487   001284                     _event_store:
 10488                           	callstack 25
 10489   001284                     
 10490                           ;car_black_box.c: 42:     if (write_add >= 100) {
 10491   001284  0E63               	movlw	99
 10492   001286  6453               	cpfsgt	_write_add^0,c
 10493   001288  EF48  F009         	goto	u1771
 10494   00128C  EF4A  F009         	goto	u1770
 10495   001290                     u1771:
 10496   001290  EF6C  F009         	goto	l2965
 10497   001294                     u1770:
 10498   001294                     
 10499                           ;car_black_box.c: 43:         for (int i = 0; i < 90; i++) {
 10500   001294  0E00               	movlw	0
 10501   001296  6E0D               	movwf	(event_store@i+1)^0,c
 10502   001298  0E00               	movlw	0
 10503   00129A  6E0C               	movwf	event_store@i^0,c
 10504   00129C                     l2957:
 10505                           
 10506                           ;car_black_box.c: 44:             write_external_eeprom(i, read_external_eeprom(i + 10))
      +                          ;
 10507   00129C  500C               	movf	event_store@i^0,w,c
 10508   00129E  0F0A               	addlw	10
 10509   0012A0  EC33  F008         	call	_read_external_eeprom
 10510   0012A4  6E04               	movwf	write_external_eeprom@data^0,c
 10511   0012A6  500C               	movf	event_store@i^0,w,c
 10512   0012A8  ECB2  F008         	call	_write_external_eeprom
 10513   0012AC                     
 10514                           ;car_black_box.c: 45:         }
 10515   0012AC  4A0C               	infsnz	event_store@i^0,f,c
 10516   0012AE  2A0D               	incf	(event_store@i+1)^0,f,c
 10517   0012B0  BE0D               	btfsc	(event_store@i+1)^0,7,c
 10518   0012B2  EF64  F009         	goto	u1781
 10519   0012B6  500D               	movf	(event_store@i+1)^0,w,c
 10520   0012B8  E109               	bnz	u1780
 10521   0012BA  0E5A               	movlw	90
 10522   0012BC  5C0C               	subwf	event_store@i^0,w,c
 10523   0012BE  A0D8               	btfss	status,0,c
 10524   0012C0  EF64  F009         	goto	u1781
 10525   0012C4  EF66  F009         	goto	u1780
 10526   0012C8                     u1781:
 10527   0012C8  EF4E  F009         	goto	l2957
 10528   0012CC                     u1780:
 10529   0012CC                     
 10530                           ;car_black_box.c: 46:         write_add = 90;
 10531   0012CC  0E5A               	movlw	90
 10532   0012CE  6E53               	movwf	_write_add^0,c
 10533                           
 10534                           ;car_black_box.c: 47:         event_count = 9;
 10535   0012D0  0E00               	movlw	0
 10536   0012D2  6E42               	movwf	(_event_count+1)^0,c
 10537   0012D4  0E09               	movlw	9
 10538   0012D6  6E41               	movwf	_event_count^0,c
 10539   0012D8                     l2965:
 10540                           
 10541                           ;car_black_box.c: 50:     store_event();
 10542   0012D8  ECC6  F00B         	call	_store_event	;wreg free
 10543   0012DC                     
 10544                           ;car_black_box.c: 51:     event_count++;
 10545   0012DC  4A41               	infsnz	_event_count^0,f,c
 10546   0012DE  2A42               	incf	(_event_count+1)^0,f,c
 10547   0012E0  0012               	return		;funcret
 10548   0012E2                     __end_of_event_store:
 10549                           	callstack 0
 10550                           
 10551 ;; *************** function _store_event *****************
 10552 ;; Defined at:
 10553 ;;		line 25 in file "car_black_box.c"
 10554 ;; Parameters:    Size  Location     Type
 10555 ;;		None
 10556 ;; Auto vars:     Size  Location     Type
 10557 ;;  i               2    9[COMRAM] int 
 10558 ;; Return value:  Size  Location     Type
 10559 ;;                  1    wreg      void 
 10560 ;; Registers used:
 10561 ;;		wreg, fsr2l, fsr2h, status,2, status,0, tblptrl, tblptrh, tblptru, prodl, prodh, cstack
 10562 ;; Tracked objects:
 10563 ;;		On entry : 0/0
 10564 ;;		On exit  : 0/0
 10565 ;;		Unchanged: 0/0
 10566 ;; Data sizes:     COMRAM   BANK0   BANK1   BANK2   BANK3   BANK4   BANK5
 10567 ;;      Params:         0       0       0       0       0       0       0
 10568 ;;      Locals:         2       0       0       0       0       0       0
 10569 ;;      Temps:          2       0       0       0       0       0       0
 10570 ;;      Totals:         4       0       0       0       0       0       0
 10571 ;;Total ram usage:        4 bytes
 10572 ;; Hardware stack levels used: 1
 10573 ;; Hardware stack levels required when called: 3
 10574 ;; This function calls:
 10575 ;;		_write_external_eeprom
 10576 ;; This function is called by:
 10577 ;;		_event_store
 10578 ;; This function uses a non-reentrant model
 10579 ;;
 10580                           
 10581                           	psect	text31
 10582   00178C                     __ptext31:
 10583                           	callstack 0
 10584   00178C                     _store_event:
 10585                           	callstack 25
 10586   00178C                     
 10587                           ;car_black_box.c: 26:     for (int i = 0; i < 8; i++) {
 10588   00178C  0E00               	movlw	0
 10589   00178E  6E0B               	movwf	(store_event@i+1)^0,c
 10590   001790  0E00               	movlw	0
 10591   001792  6E0A               	movwf	store_event@i^0,c
 10592   001794                     l2771:
 10593                           
 10594                           ;car_black_box.c: 27:         if (time[i] != ':')
 10595   001794  500A               	movf	store_event@i^0,w,c
 10596   001796  0FE1               	addlw	low _time
 10597   001798  6ED9               	movwf	fsr2l,c
 10598   00179A  6ADA               	clrf	fsr2h,c
 10599   00179C  0E3A               	movlw	58
 10600   00179E  18DE               	xorwf	postinc2,w,c
 10601   0017A0  B4D8               	btfsc	status,2,c
 10602   0017A2  EFD5  F00B         	goto	u1581
 10603   0017A6  EFD7  F00B         	goto	u1580
 10604   0017AA                     u1581:
 10605   0017AA  EFE1  F00B         	goto	l2777
 10606   0017AE                     u1580:
 10607   0017AE                     
 10608                           ;car_black_box.c: 28:             write_external_eeprom(write_add++, time[i]);
 10609   0017AE  500A               	movf	store_event@i^0,w,c
 10610   0017B0  0FE1               	addlw	low _time
 10611   0017B2  6ED9               	movwf	fsr2l,c
 10612   0017B4  6ADA               	clrf	fsr2h,c
 10613   0017B6  50DF               	movf	indf2,w,c
 10614   0017B8  6E04               	movwf	write_external_eeprom@data^0,c
 10615   0017BA  5053               	movf	_write_add^0,w,c
 10616   0017BC  ECB2  F008         	call	_write_external_eeprom
 10617   0017C0  2A53               	incf	_write_add^0,f,c
 10618   0017C2                     l2777:
 10619                           
 10620                           ;car_black_box.c: 30:     }
 10621   0017C2  4A0A               	infsnz	store_event@i^0,f,c
 10622   0017C4  2A0B               	incf	(store_event@i+1)^0,f,c
 10623   0017C6  BE0B               	btfsc	(store_event@i+1)^0,7,c
 10624   0017C8  EFEF  F00B         	goto	u1591
 10625   0017CC  500B               	movf	(store_event@i+1)^0,w,c
 10626   0017CE  E109               	bnz	u1590
 10627   0017D0  0E08               	movlw	8
 10628   0017D2  5C0A               	subwf	store_event@i^0,w,c
 10629   0017D4  A0D8               	btfss	status,0,c
 10630   0017D6  EFEF  F00B         	goto	u1591
 10631   0017DA  EFF1  F00B         	goto	u1590
 10632   0017DE                     u1591:
 10633   0017DE  EFCA  F00B         	goto	l2771
 10634   0017E2                     u1590:
 10635   0017E2                     
 10636                           ;car_black_box.c: 32:     write_external_eeprom(write_add++, arr[index_val][0]);
 10637   0017E2  504F               	movf	_index_val^0,w,c
 10638   0017E4  0D02               	mullw	2
 10639   0017E6  50F3               	movf	243,w,c
 10640   0017E8  0F60               	addlw	low _arr
 10641   0017EA  6ED9               	movwf	fsr2l,c
 10642   0017EC  6ADA               	clrf	fsr2h,c
 10643   0017EE  CFDE FFF6          	movff	postinc2,tblptrl
 10644   0017F2  CFDD FFF7          	movff	postdec2,tblptrh
 10645   0017F6                     	if	0	;tblptru may be non-zero
 10646   0017F6                     	endif
 10647   0017F6                     	if	0	;tblptru may be non-zero
 10648   0017F6                     	endif
 10649   0017F6  0008               	tblrd		*
 10650   0017F8  CFF5 F004          	movff	tablat,write_external_eeprom@data
 10651   0017FC  5053               	movf	_write_add^0,w,c
 10652   0017FE  ECB2  F008         	call	_write_external_eeprom
 10653   001802  2A53               	incf	_write_add^0,f,c
 10654   001804                     
 10655                           ;car_black_box.c: 33:     write_external_eeprom(write_add++, arr[index_val][1]);
 10656   001804  504F               	movf	_index_val^0,w,c
 10657   001806  0D02               	mullw	2
 10658   001808  50F3               	movf	243,w,c
 10659   00180A  0F60               	addlw	low _arr
 10660   00180C  6ED9               	movwf	fsr2l,c
 10661   00180E  6ADA               	clrf	fsr2h,c
 10662   001810  CFDE F008          	movff	postinc2,??_store_event
 10663   001814  CFDD F009          	movff	postdec2,??_store_event+1
 10664   001818  0E01               	movlw	1
 10665   00181A  2608               	addwf	??_store_event^0,f,c
 10666   00181C  0E00               	movlw	0
 10667   00181E  2209               	addwfc	(??_store_event+1)^0,f,c
 10668   001820  C008  FFF6         	movff	??_store_event,tblptrl
 10669   001824  C009  FFF7         	movff	??_store_event+1,tblptrh
 10670   001828                     	if	0	;tblptru may be non-zero
 10671   001828                     	endif
 10672   001828                     	if	0	;tblptru may be non-zero
 10673   001828                     	endif
 10674   001828  0008               	tblrd		*
 10675   00182A  CFF5 F004          	movff	tablat,write_external_eeprom@data
 10676   00182E  5053               	movf	_write_add^0,w,c
 10677   001830  ECB2  F008         	call	_write_external_eeprom
 10678   001834  2A53               	incf	_write_add^0,f,c
 10679   001836                     
 10680                           ;car_black_box.c: 35:     write_external_eeprom(write_add++, (speed_str[0]));
 10681   001836  C05B  F004         	movff	_speed_str,write_external_eeprom@data
 10682   00183A  5053               	movf	_write_add^0,w,c
 10683   00183C  ECB2  F008         	call	_write_external_eeprom
 10684   001840  2A53               	incf	_write_add^0,f,c
 10685                           
 10686                           ;car_black_box.c: 36:     write_external_eeprom(write_add++, (speed_str[1]));
 10687   001842  C05C  F004         	movff	_speed_str+1,write_external_eeprom@data
 10688   001846  5053               	movf	_write_add^0,w,c
 10689   001848  ECB2  F008         	call	_write_external_eeprom
 10690   00184C  2A53               	incf	_write_add^0,f,c
 10691   00184E  0012               	return		;funcret
 10692   001850                     __end_of_store_event:
 10693                           	callstack 0
 10694                           
 10695 ;; *************** function _write_external_eeprom *****************
 10696 ;; Defined at:
 10697 ;;		line 15 in file "external_eeprom.c"
 10698 ;; Parameters:    Size  Location     Type
 10699 ;;  address         1    wreg     unsigned char 
 10700 ;;  data            1    3[COMRAM] unsigned char 
 10701 ;; Auto vars:     Size  Location     Type
 10702 ;;  address         1    6[COMRAM] unsigned char 
 10703 ;;  k               2    4[COMRAM] int 
 10704 ;; Return value:  Size  Location     Type
 10705 ;;                  1    wreg      void 
 10706 ;; Registers used:
 10707 ;;		wreg, status,2, status,0, cstack
 10708 ;; Tracked objects:
 10709 ;;		On entry : 0/0
 10710 ;;		On exit  : 0/0
 10711 ;;		Unchanged: 0/0
 10712 ;; Data sizes:     COMRAM   BANK0   BANK1   BANK2   BANK3   BANK4   BANK5
 10713 ;;      Params:         1       0       0       0       0       0       0
 10714 ;;      Locals:         3       0       0       0       0       0       0
 10715 ;;      Temps:          0       0       0       0       0       0       0
 10716 ;;      Totals:         4       0       0       0       0       0       0
 10717 ;;Total ram usage:        4 bytes
 10718 ;; Hardware stack levels used: 1
 10719 ;; Hardware stack levels required when called: 2
 10720 ;; This function calls:
 10721 ;;		_i2c_start
 10722 ;;		_i2c_stop
 10723 ;;		_i2c_write
 10724 ;; This function is called by:
 10725 ;;		_init_config
 10726 ;;		_store_event
 10727 ;;		_event_store
 10728 ;;		_clear_log
 10729 ;; This function uses a non-reentrant model
 10730 ;;
 10731                           
 10732                           	psect	text32
 10733   001164                     __ptext32:
 10734                           	callstack 0
 10735   001164                     _write_external_eeprom:
 10736                           	callstack 26
 10737                           
 10738                           ;incstack = 0
 10739                           ;write_external_eeprom@address stored from wreg
 10740   001164  6E07               	movwf	write_external_eeprom@address^0,c
 10741   001166                     
 10742                           ;external_eeprom.c: 15: void write_external_eeprom(unsigned char address, unsigned char 
      +                          data);external_eeprom.c: 16: {;external_eeprom.c: 17:  i2c_start();
 10743   001166  ECBD  F007         	call	_i2c_start	;wreg free
 10744   00116A                     
 10745                           ;external_eeprom.c: 18:  i2c_write(0xA0);
 10746   00116A  0EA0               	movlw	160
 10747   00116C  ECCB  F007         	call	_i2c_write
 10748   001170                     
 10749                           ;external_eeprom.c: 19:  i2c_write(address);
 10750   001170  5007               	movf	write_external_eeprom@address^0,w,c
 10751   001172  ECCB  F007         	call	_i2c_write
 10752   001176                     
 10753                           ;external_eeprom.c: 20:  i2c_write(data);
 10754   001176  5004               	movf	write_external_eeprom@data^0,w,c
 10755   001178  ECCB  F007         	call	_i2c_write
 10756   00117C                     
 10757                           ;external_eeprom.c: 21:  i2c_stop();
 10758   00117C  ECC1  F007         	call	_i2c_stop	;wreg free
 10759   001180                     
 10760                           ;external_eeprom.c: 22:     for(int k=1500;k--;);
 10761   001180  0E05               	movlw	5
 10762   001182  6E06               	movwf	(write_external_eeprom@k+1)^0,c
 10763   001184  0EDC               	movlw	220
 10764   001186  6E05               	movwf	write_external_eeprom@k^0,c
 10765   001188                     l2719:
 10766   001188  0605               	decf	write_external_eeprom@k^0,f,c
 10767   00118A  A0D8               	btfss	status,0,c
 10768   00118C  0606               	decf	(write_external_eeprom@k+1)^0,f,c
 10769   00118E  2805               	incf	write_external_eeprom@k^0,w,c
 10770   001190  E106               	bnz	u1541
 10771   001192  2806               	incf	(write_external_eeprom@k+1)^0,w,c
 10772   001194  A4D8               	btfss	status,2,c
 10773   001196  EFCF  F008         	goto	u1541
 10774   00119A  EFD1  F008         	goto	u1540
 10775   00119E                     u1541:
 10776   00119E  EFC4  F008         	goto	l2719
 10777   0011A2                     u1540:
 10778   0011A2  0012               	return		;funcret
 10779   0011A4                     __end_of_write_external_eeprom:
 10780                           	callstack 0
 10781                           
 10782 ;; *************** function _read_external_eeprom *****************
 10783 ;; Defined at:
 10784 ;;		line 25 in file "external_eeprom.c"
 10785 ;; Parameters:    Size  Location     Type
 10786 ;;  address         1    wreg     unsigned char 
 10787 ;; Auto vars:     Size  Location     Type
 10788 ;;  address         1    1[COMRAM] unsigned char 
 10789 ;;  data            1    2[COMRAM] unsigned char 
 10790 ;; Return value:  Size  Location     Type
 10791 ;;                  1    wreg      unsigned char 
 10792 ;; Registers used:
 10793 ;;		wreg, status,2, cstack
 10794 ;; Tracked objects:
 10795 ;;		On entry : 0/0
 10796 ;;		On exit  : 0/0
 10797 ;;		Unchanged: 0/0
 10798 ;; Data sizes:     COMRAM   BANK0   BANK1   BANK2   BANK3   BANK4   BANK5
 10799 ;;      Params:         0       0       0       0       0       0       0
 10800 ;;      Locals:         2       0       0       0       0       0       0
 10801 ;;      Temps:          0       0       0       0       0       0       0
 10802 ;;      Totals:         2       0       0       0       0       0       0
 10803 ;;Total ram usage:        2 bytes
 10804 ;; Hardware stack levels used: 1
 10805 ;; Hardware stack levels required when called: 3
 10806 ;; This function calls:
 10807 ;;		_i2c_read
 10808 ;;		_i2c_rep_start
 10809 ;;		_i2c_start
 10810 ;;		_i2c_stop
 10811 ;;		_i2c_write
 10812 ;; This function is called by:
 10813 ;;		_init_config
 10814 ;;		_event_store
 10815 ;;		_event_read
 10816 ;;		_view_log
 10817 ;; This function uses a non-reentrant model
 10818 ;;
 10819                           
 10820                           	psect	text33
 10821   001066                     __ptext33:
 10822                           	callstack 0
 10823   001066                     _read_external_eeprom:
 10824                           	callstack 26
 10825                           
 10826                           ;incstack = 0
 10827                           ;read_external_eeprom@address stored from wreg
 10828   001066  6E02               	movwf	read_external_eeprom@address^0,c
 10829   001068                     
 10830                           ;external_eeprom.c: 25: unsigned char read_external_eeprom(unsigned char address);extern
      +                          al_eeprom.c: 26: {;external_eeprom.c: 27:  unsigned char data;;external_eeprom.c: 29:  i
      +                          2c_start();
 10831   001068  ECBD  F007         	call	_i2c_start	;wreg free
 10832   00106C                     
 10833                           ;external_eeprom.c: 30:  i2c_write(0xA0);
 10834   00106C  0EA0               	movlw	160
 10835   00106E  ECCB  F007         	call	_i2c_write
 10836   001072                     
 10837                           ;external_eeprom.c: 31:  i2c_write(address);
 10838   001072  5002               	movf	read_external_eeprom@address^0,w,c
 10839   001074  ECCB  F007         	call	_i2c_write
 10840   001078                     
 10841                           ;external_eeprom.c: 32:  i2c_rep_start();
 10842   001078  ECB9  F007         	call	_i2c_rep_start	;wreg free
 10843   00107C                     
 10844                           ;external_eeprom.c: 33:  i2c_write(0xA1);
 10845   00107C  0EA1               	movlw	161
 10846   00107E  ECCB  F007         	call	_i2c_write
 10847                           
 10848                           ;external_eeprom.c: 34:  data = i2c_read();
 10849   001082  ECC5  F007         	call	_i2c_read	;wreg free
 10850   001086  6E03               	movwf	read_external_eeprom@data^0,c
 10851   001088                     
 10852                           ;external_eeprom.c: 35:  i2c_stop();
 10853   001088  ECC1  F007         	call	_i2c_stop	;wreg free
 10854                           
 10855                           ;external_eeprom.c: 36:  return data;
 10856   00108C  5003               	movf	read_external_eeprom@data^0,w,c
 10857   00108E  0012               	return		;funcret
 10858   001090                     __end_of_read_external_eeprom:
 10859                           	callstack 0
 10860                           
 10861 ;; *************** function _i2c_write *****************
 10862 ;; Defined at:
 10863 ;;		line 55 in file "i2c.c"
 10864 ;; Parameters:    Size  Location     Type
 10865 ;;  data            1    wreg     unsigned char 
 10866 ;; Auto vars:     Size  Location     Type
 10867 ;;  data            1    0[COMRAM] unsigned char 
 10868 ;; Return value:  Size  Location     Type
 10869 ;;                  1    wreg      void 
 10870 ;; Registers used:
 10871 ;;		wreg, cstack
 10872 ;; Tracked objects:
 10873 ;;		On entry : 0/0
 10874 ;;		On exit  : 0/0
 10875 ;;		Unchanged: 0/0
 10876 ;; Data sizes:     COMRAM   BANK0   BANK1   BANK2   BANK3   BANK4   BANK5
 10877 ;;      Params:         0       0       0       0       0       0       0
 10878 ;;      Locals:         1       0       0       0       0       0       0
 10879 ;;      Temps:          0       0       0       0       0       0       0
 10880 ;;      Totals:         1       0       0       0       0       0       0
 10881 ;;Total ram usage:        1 bytes
 10882 ;; Hardware stack levels used: 1
 10883 ;; Hardware stack levels required when called: 1
 10884 ;; This function calls:
 10885 ;;		_i2c_idle
 10886 ;; This function is called by:
 10887 ;;		_write_ds1307
 10888 ;;		_read_ds1307
 10889 ;;		_write_external_eeprom
 10890 ;;		_read_external_eeprom
 10891 ;; This function uses a non-reentrant model
 10892 ;;
 10893                           
 10894                           	psect	text34
 10895   000F96                     __ptext34:
 10896                           	callstack 0
 10897   000F96                     _i2c_write:
 10898                           	callstack 27
 10899                           
 10900                           ;incstack = 0
 10901                           ;i2c_write@data stored from wreg
 10902   000F96  6E01               	movwf	i2c_write@data^0,c
 10903   000F98                     
 10904                           ;i2c.c: 55: void i2c_write(unsigned char data);i2c.c: 56: {;i2c.c: 57:  SSPBUF = data;
 10905   000F98  C001  FFC9         	movff	i2c_write@data,4041	;volatile
 10906   000F9C                     
 10907                           ;i2c.c: 58:  i2c_idle();
 10908   000F9C  ECD1  F007         	call	_i2c_idle	;wreg free
 10909   000FA0  0012               	return		;funcret
 10910   000FA2                     __end_of_i2c_write:
 10911                           	callstack 0
 10912                           
 10913 ;; *************** function _i2c_stop *****************
 10914 ;; Defined at:
 10915 ;;		line 43 in file "i2c.c"
 10916 ;; Parameters:    Size  Location     Type
 10917 ;;		None
 10918 ;; Auto vars:     Size  Location     Type
 10919 ;;		None
 10920 ;; Return value:  Size  Location     Type
 10921 ;;                  1    wreg      void 
 10922 ;; Registers used:
 10923 ;;		cstack
 10924 ;; Tracked objects:
 10925 ;;		On entry : 0/0
 10926 ;;		On exit  : 0/0
 10927 ;;		Unchanged: 0/0
 10928 ;; Data sizes:     COMRAM   BANK0   BANK1   BANK2   BANK3   BANK4   BANK5
 10929 ;;      Params:         0       0       0       0       0       0       0
 10930 ;;      Locals:         0       0       0       0       0       0       0
 10931 ;;      Temps:          0       0       0       0       0       0       0
 10932 ;;      Totals:         0       0       0       0       0       0       0
 10933 ;;Total ram usage:        0 bytes
 10934 ;; Hardware stack levels used: 1
 10935 ;; Hardware stack levels required when called: 1
 10936 ;; This function calls:
 10937 ;;		_i2c_idle
 10938 ;; This function is called by:
 10939 ;;		_write_ds1307
 10940 ;;		_read_ds1307
 10941 ;;		_write_external_eeprom
 10942 ;;		_read_external_eeprom
 10943 ;; This function uses a non-reentrant model
 10944 ;;
 10945                           
 10946                           	psect	text35
 10947   000F82                     __ptext35:
 10948                           	callstack 0
 10949   000F82                     _i2c_stop:
 10950                           	callstack 27
 10951   000F82                     
 10952                           ;i2c.c: 45:  PEN = 1;
 10953   000F82  84C5               	bsf	4037,2,c	;volatile
 10954   000F84                     
 10955                           ;i2c.c: 46:  i2c_idle();
 10956   000F84  ECD1  F007         	call	_i2c_idle	;wreg free
 10957   000F88  0012               	return		;funcret
 10958   000F8A                     __end_of_i2c_stop:
 10959                           	callstack 0
 10960                           
 10961 ;; *************** function _i2c_start *****************
 10962 ;; Defined at:
 10963 ;;		line 37 in file "i2c.c"
 10964 ;; Parameters:    Size  Location     Type
 10965 ;;		None
 10966 ;; Auto vars:     Size  Location     Type
 10967 ;;		None
 10968 ;; Return value:  Size  Location     Type
 10969 ;;                  1    wreg      void 
 10970 ;; Registers used:
 10971 ;;		cstack
 10972 ;; Tracked objects:
 10973 ;;		On entry : 0/0
 10974 ;;		On exit  : 0/0
 10975 ;;		Unchanged: 0/0
 10976 ;; Data sizes:     COMRAM   BANK0   BANK1   BANK2   BANK3   BANK4   BANK5
 10977 ;;      Params:         0       0       0       0       0       0       0
 10978 ;;      Locals:         0       0       0       0       0       0       0
 10979 ;;      Temps:          0       0       0       0       0       0       0
 10980 ;;      Totals:         0       0       0       0       0       0       0
 10981 ;;Total ram usage:        0 bytes
 10982 ;; Hardware stack levels used: 1
 10983 ;; Hardware stack levels required when called: 1
 10984 ;; This function calls:
 10985 ;;		_i2c_idle
 10986 ;; This function is called by:
 10987 ;;		_write_ds1307
 10988 ;;		_read_ds1307
 10989 ;;		_write_external_eeprom
 10990 ;;		_read_external_eeprom
 10991 ;; This function uses a non-reentrant model
 10992 ;;
 10993                           
 10994                           	psect	text36
 10995   000F7A                     __ptext36:
 10996                           	callstack 0
 10997   000F7A                     _i2c_start:
 10998                           	callstack 27
 10999   000F7A                     
 11000                           ;i2c.c: 39:  SEN = 1;
 11001   000F7A  80C5               	bsf	4037,0,c	;volatile
 11002   000F7C                     
 11003                           ;i2c.c: 40:  i2c_idle();
 11004   000F7C  ECD1  F007         	call	_i2c_idle	;wreg free
 11005   000F80  0012               	return		;funcret
 11006   000F82                     __end_of_i2c_start:
 11007                           	callstack 0
 11008                           
 11009 ;; *************** function _i2c_rep_start *****************
 11010 ;; Defined at:
 11011 ;;		line 49 in file "i2c.c"
 11012 ;; Parameters:    Size  Location     Type
 11013 ;;		None
 11014 ;; Auto vars:     Size  Location     Type
 11015 ;;		None
 11016 ;; Return value:  Size  Location     Type
 11017 ;;                  1    wreg      void 
 11018 ;; Registers used:
 11019 ;;		cstack
 11020 ;; Tracked objects:
 11021 ;;		On entry : 0/0
 11022 ;;		On exit  : 0/0
 11023 ;;		Unchanged: 0/0
 11024 ;; Data sizes:     COMRAM   BANK0   BANK1   BANK2   BANK3   BANK4   BANK5
 11025 ;;      Params:         0       0       0       0       0       0       0
 11026 ;;      Locals:         0       0       0       0       0       0       0
 11027 ;;      Temps:          0       0       0       0       0       0       0
 11028 ;;      Totals:         0       0       0       0       0       0       0
 11029 ;;Total ram usage:        0 bytes
 11030 ;; Hardware stack levels used: 1
 11031 ;; Hardware stack levels required when called: 1
 11032 ;; This function calls:
 11033 ;;		_i2c_idle
 11034 ;; This function is called by:
 11035 ;;		_read_ds1307
 11036 ;;		_read_external_eeprom
 11037 ;; This function uses a non-reentrant model
 11038 ;;
 11039                           
 11040                           	psect	text37
 11041   000F72                     __ptext37:
 11042                           	callstack 0
 11043   000F72                     _i2c_rep_start:
 11044                           	callstack 27
 11045   000F72                     
 11046                           ;i2c.c: 51:  RSEN = 1;
 11047   000F72  82C5               	bsf	4037,1,c	;volatile
 11048   000F74                     
 11049                           ;i2c.c: 52:  i2c_idle();
 11050   000F74  ECD1  F007         	call	_i2c_idle	;wreg free
 11051   000F78  0012               	return		;funcret
 11052   000F7A                     __end_of_i2c_rep_start:
 11053                           	callstack 0
 11054                           
 11055 ;; *************** function _i2c_read *****************
 11056 ;; Defined at:
 11057 ;;		line 73 in file "i2c.c"
 11058 ;; Parameters:    Size  Location     Type
 11059 ;;		None
 11060 ;; Auto vars:     Size  Location     Type
 11061 ;;		None
 11062 ;; Return value:  Size  Location     Type
 11063 ;;                  1    wreg      unsigned char 
 11064 ;; Registers used:
 11065 ;;		wreg, status,2, cstack
 11066 ;; Tracked objects:
 11067 ;;		On entry : 0/0
 11068 ;;		On exit  : 0/0
 11069 ;;		Unchanged: 0/0
 11070 ;; Data sizes:     COMRAM   BANK0   BANK1   BANK2   BANK3   BANK4   BANK5
 11071 ;;      Params:         0       0       0       0       0       0       0
 11072 ;;      Locals:         0       0       0       0       0       0       0
 11073 ;;      Temps:          0       0       0       0       0       0       0
 11074 ;;      Totals:         0       0       0       0       0       0       0
 11075 ;;Total ram usage:        0 bytes
 11076 ;; Hardware stack levels used: 1
 11077 ;; Hardware stack levels required when called: 2
 11078 ;; This function calls:
 11079 ;;		_i2c_no_ack
 11080 ;;		_i2c_rx_mode
 11081 ;; This function is called by:
 11082 ;;		_read_ds1307
 11083 ;;		_read_external_eeprom
 11084 ;; This function uses a non-reentrant model
 11085 ;;
 11086                           
 11087                           	psect	text38
 11088   000F8A                     __ptext38:
 11089                           	callstack 0
 11090   000F8A                     _i2c_read:
 11091                           	callstack 26
 11092   000F8A                     
 11093                           ;i2c.c: 75:  i2c_rx_mode();
 11094   000F8A  ECB5  F007         	call	_i2c_rx_mode	;wreg free
 11095                           
 11096                           ;i2c.c: 76:  i2c_no_ack();
 11097   000F8E  ECB2  F007         	call	_i2c_no_ack	;wreg free
 11098   000F92                     
 11099                           ;i2c.c: 78:  return SSPBUF;
 11100   000F92  50C9               	movf	201,w,c	;volatile
 11101   000F94  0012               	return		;funcret
 11102   000F96                     __end_of_i2c_read:
 11103                           	callstack 0
 11104                           
 11105 ;; *************** function _i2c_rx_mode *****************
 11106 ;; Defined at:
 11107 ;;		line 61 in file "i2c.c"
 11108 ;; Parameters:    Size  Location     Type
 11109 ;;		None
 11110 ;; Auto vars:     Size  Location     Type
 11111 ;;		None
 11112 ;; Return value:  Size  Location     Type
 11113 ;;                  1    wreg      void 
 11114 ;; Registers used:
 11115 ;;		cstack
 11116 ;; Tracked objects:
 11117 ;;		On entry : 0/0
 11118 ;;		On exit  : 0/0
 11119 ;;		Unchanged: 0/0
 11120 ;; Data sizes:     COMRAM   BANK0   BANK1   BANK2   BANK3   BANK4   BANK5
 11121 ;;      Params:         0       0       0       0       0       0       0
 11122 ;;      Locals:         0       0       0       0       0       0       0
 11123 ;;      Temps:          0       0       0       0       0       0       0
 11124 ;;      Totals:         0       0       0       0       0       0       0
 11125 ;;Total ram usage:        0 bytes
 11126 ;; Hardware stack levels used: 1
 11127 ;; Hardware stack levels required when called: 1
 11128 ;; This function calls:
 11129 ;;		_i2c_idle
 11130 ;; This function is called by:
 11131 ;;		_i2c_read
 11132 ;; This function uses a non-reentrant model
 11133 ;;
 11134                           
 11135                           	psect	text39
 11136   000F6A                     __ptext39:
 11137                           	callstack 0
 11138   000F6A                     _i2c_rx_mode:
 11139                           	callstack 26
 11140   000F6A                     
 11141                           ;i2c.c: 63:  RCEN = 1;
 11142   000F6A  86C5               	bsf	4037,3,c	;volatile
 11143   000F6C                     
 11144                           ;i2c.c: 64:  i2c_idle();
 11145   000F6C  ECD1  F007         	call	_i2c_idle	;wreg free
 11146   000F70  0012               	return		;funcret
 11147   000F72                     __end_of_i2c_rx_mode:
 11148                           	callstack 0
 11149                           
 11150 ;; *************** function _i2c_idle *****************
 11151 ;; Defined at:
 11152 ;;		line 23 in file "i2c.c"
 11153 ;; Parameters:    Size  Location     Type
 11154 ;;		None
 11155 ;; Auto vars:     Size  Location     Type
 11156 ;;		None
 11157 ;; Return value:  Size  Location     Type
 11158 ;;                  1    wreg      void 
 11159 ;; Registers used:
 11160 ;;		None
 11161 ;; Tracked objects:
 11162 ;;		On entry : 0/0
 11163 ;;		On exit  : 0/0
 11164 ;;		Unchanged: 0/0
 11165 ;; Data sizes:     COMRAM   BANK0   BANK1   BANK2   BANK3   BANK4   BANK5
 11166 ;;      Params:         0       0       0       0       0       0       0
 11167 ;;      Locals:         0       0       0       0       0       0       0
 11168 ;;      Temps:          0       0       0       0       0       0       0
 11169 ;;      Totals:         0       0       0       0       0       0       0
 11170 ;;Total ram usage:        0 bytes
 11171 ;; Hardware stack levels used: 1
 11172 ;; This function calls:
 11173 ;;		Nothing
 11174 ;; This function is called by:
 11175 ;;		_i2c_start
 11176 ;;		_i2c_stop
 11177 ;;		_i2c_rep_start
 11178 ;;		_i2c_write
 11179 ;;		_i2c_rx_mode
 11180 ;; This function uses a non-reentrant model
 11181 ;;
 11182                           
 11183                           	psect	text40
 11184   000FA2                     __ptext40:
 11185                           	callstack 0
 11186   000FA2                     _i2c_idle:
 11187                           	callstack 27
 11188   000FA2                     l486:
 11189   000FA2  A69E               	btfss	3998,3,c	;volatile
 11190   000FA4  EFD6  F007         	goto	u1531
 11191   000FA8  EFD8  F007         	goto	u1530
 11192   000FAC                     u1531:
 11193   000FAC  EFD1  F007         	goto	l486
 11194   000FB0                     u1530:
 11195   000FB0                     
 11196                           ;i2c.c: 26:  SSPIF = 0;
 11197   000FB0  969E               	bcf	3998,3,c	;volatile
 11198   000FB2  0012               	return		;funcret
 11199   000FB4                     __end_of_i2c_idle:
 11200                           	callstack 0
 11201                           
 11202 ;; *************** function _i2c_no_ack *****************
 11203 ;; Defined at:
 11204 ;;		line 67 in file "i2c.c"
 11205 ;; Parameters:    Size  Location     Type
 11206 ;;		None
 11207 ;; Auto vars:     Size  Location     Type
 11208 ;;		None
 11209 ;; Return value:  Size  Location     Type
 11210 ;;                  1    wreg      void 
 11211 ;; Registers used:
 11212 ;;		None
 11213 ;; Tracked objects:
 11214 ;;		On entry : 0/0
 11215 ;;		On exit  : 0/0
 11216 ;;		Unchanged: 0/0
 11217 ;; Data sizes:     COMRAM   BANK0   BANK1   BANK2   BANK3   BANK4   BANK5
 11218 ;;      Params:         0       0       0       0       0       0       0
 11219 ;;      Locals:         0       0       0       0       0       0       0
 11220 ;;      Temps:          0       0       0       0       0       0       0
 11221 ;;      Totals:         0       0       0       0       0       0       0
 11222 ;;Total ram usage:        0 bytes
 11223 ;; Hardware stack levels used: 1
 11224 ;; This function calls:
 11225 ;;		Nothing
 11226 ;; This function is called by:
 11227 ;;		_i2c_read
 11228 ;; This function uses a non-reentrant model
 11229 ;;
 11230                           
 11231                           	psect	text41
 11232   000F64                     __ptext41:
 11233                           	callstack 0
 11234   000F64                     _i2c_no_ack:
 11235                           	callstack 27
 11236   000F64                     
 11237                           ;i2c.c: 69:  ACKDT = 1;
 11238   000F64  8AC5               	bsf	4037,5,c	;volatile
 11239                           
 11240                           ;i2c.c: 70:  ACKEN = 1;
 11241   000F66  88C5               	bsf	4037,4,c	;volatile
 11242   000F68  0012               	return		;funcret
 11243   000F6A                     __end_of_i2c_no_ack:
 11244                           	callstack 0
 11245                           
 11246 ;; *************** function _clcd_print *****************
 11247 ;; Defined at:
 11248 ;;		line 42 in file "clcd.c"
 11249 ;; Parameters:    Size  Location     Type
 11250 ;;  data            2    2[COMRAM] PTR const unsigned char 
 11251 ;;		 -> STR_73(3), STR_72(3), STR_71(3), STR_70(3), 
 11252 ;;		 -> STR_69(3), STR_68(3), STR_67(3), STR_66(3), 
 11253 ;;		 -> STR_65(3), STR_64(3), STR_63(3), STR_62(3), 
 11254 ;;		 -> STR_61(3), STR_60(3), STR_59(3), STR_58(3), 
 11255 ;;		 -> STR_57(3), STR_56(3), STR_55(3), STR_54(3), 
 11256 ;;		 -> STR_53(3), STR_52(3), STR_51(3), STR_50(3), 
 11257 ;;		 -> STR_49(3), STR_48(3), STR_47(3), STR_46(3), 
 11258 ;;		 -> STR_45(3), STR_44(3), STR_43(3), STR_42(3), 
 11259 ;;		 -> STR_41(13), STR_40(15), STR_39(13), STR_38(11), 
 11260 ;;		 -> STR_37(3), STR_36(3), STR_35(3), STR_34(9), 
 11261 ;;		 -> STR_33(17), STR_32(17), STR_25(17), STR_24(17), 
 11262 ;;		 -> STR_23(17), STR_22(17), STR_21(2), STR_20(2), 
 11263 ;;		 -> STR_19(2), STR_18(2), menu(68), STR_17(17), 
 11264 ;;		 -> speed_str(3), time(9), STR_16(3), STR_15(3), 
 11265 ;;		 -> STR_14(3), STR_13(3), STR_12(3), STR_11(3), 
 11266 ;;		 -> STR_10(3), STR_9(3), STR_8(3), STR_7(3), 
 11267 ;;		 -> STR_6(3), STR_5(3), STR_4(3), STR_3(3), 
 11268 ;;		 -> STR_2(3), STR_1(3), 
 11269 ;;  addr            1    4[COMRAM] unsigned char 
 11270 ;; Auto vars:     Size  Location     Type
 11271 ;;		None
 11272 ;; Return value:  Size  Location     Type
 11273 ;;                  1    wreg      void 
 11274 ;; Registers used:
 11275 ;;		wreg, fsr1l, fsr1h, status,2, status,0, tblptrl, tblptrh, tblptru, cstack
 11276 ;; Tracked objects:
 11277 ;;		On entry : 0/0
 11278 ;;		On exit  : 0/0
 11279 ;;		Unchanged: 0/0
 11280 ;; Data sizes:     COMRAM   BANK0   BANK1   BANK2   BANK3   BANK4   BANK5
 11281 ;;      Params:         3       0       0       0       0       0       0
 11282 ;;      Locals:         0       0       0       0       0       0       0
 11283 ;;      Temps:          0       0       0       0       0       0       0
 11284 ;;      Totals:         3       0       0       0       0       0       0
 11285 ;;Total ram usage:        3 bytes
 11286 ;; Hardware stack levels used: 1
 11287 ;; Hardware stack levels required when called: 1
 11288 ;; This function calls:
 11289 ;;		_clcd_write
 11290 ;; This function is called by:
 11291 ;;		_view_dashboard
 11292 ;;		_display_main_menu
 11293 ;;		_view_log
 11294 ;;		_clear_log
 11295 ;;		_download_log
 11296 ;;		_set_time
 11297 ;; This function uses a non-reentrant model
 11298 ;;
 11299                           
 11300                           	psect	text42
 11301   0013A0                     __ptext42:
 11302                           	callstack 0
 11303   0013A0                     _clcd_print:
 11304                           	callstack 28
 11305   0013A0                     
 11306                           ;clcd.c: 42: void clcd_print(const unsigned char *data, unsigned char addr);clcd.c: 43: 
      +                          {;clcd.c: 44:  clcd_write(addr, 0);
 11307   0013A0  0E00               	movlw	0
 11308   0013A2  6E01               	movwf	clcd_write@control_bit^0,c
 11309   0013A4  5005               	movf	clcd_print@addr^0,w,c
 11310   0013A6  EC77  F008         	call	_clcd_write
 11311                           
 11312                           ;clcd.c: 45:  while (*data != '\0')
 11313   0013AA  EFED  F009         	goto	l2921
 11314   0013AE                     l2917:
 11315                           
 11316                           ;clcd.c: 46:  {;clcd.c: 47:   clcd_write(*data++, 1);
 11317   0013AE  0E01               	movlw	1
 11318   0013B0  6E01               	movwf	clcd_write@control_bit^0,c
 11319   0013B2  C003  FFF6         	movff	clcd_print@data,tblptrl
 11320   0013B6  C004  FFF7         	movff	clcd_print@data+1,tblptrh
 11321   0013BA  6AF8               	clrf	tblptru,c
 11322   0013BC  0E05               	movlw	(high __ramtop+-1)
 11323   0013BE  64F7               	cpfsgt	tblptrh,c
 11324   0013C0  D003               	bra	u1737
 11325   0013C2  0008               	tblrd		*
 11326   0013C4  50F5               	movf	tablat,w,c
 11327   0013C6  D005               	bra	u1730
 11328   0013C8                     u1737:
 11329   0013C8  CFF6 FFE1          	movff	tblptrl,fsr1l
 11330   0013CC  CFF7 FFE2          	movff	tblptrh,fsr1h
 11331   0013D0  50E7               	movf	indf1,w,c
 11332   0013D2                     u1730:
 11333   0013D2  EC77  F008         	call	_clcd_write
 11334   0013D6  4A03               	infsnz	clcd_print@data^0,f,c
 11335   0013D8  2A04               	incf	(clcd_print@data+1)^0,f,c
 11336   0013DA                     l2921:
 11337                           
 11338                           ;clcd.c: 45:  while (*data != '\0')
 11339   0013DA  C003  FFF6         	movff	clcd_print@data,tblptrl
 11340   0013DE  C004  FFF7         	movff	clcd_print@data+1,tblptrh
 11341   0013E2  6AF8               	clrf	tblptru,c
 11342   0013E4  0E05               	movlw	(high __ramtop+-1)
 11343   0013E6  64F7               	cpfsgt	tblptrh,c
 11344   0013E8  D003               	bra	u1747
 11345   0013EA  0008               	tblrd		*
 11346   0013EC  50F5               	movf	tablat,w,c
 11347   0013EE  D005               	bra	u1740
 11348   0013F0                     u1747:
 11349   0013F0  CFF6 FFE1          	movff	tblptrl,fsr1l
 11350   0013F4  CFF7 FFE2          	movff	tblptrh,fsr1h
 11351   0013F8  50E7               	movf	indf1,w,c
 11352   0013FA                     u1740:
 11353   0013FA  0900               	iorlw	0
 11354   0013FC  A4D8               	btfss	status,2,c
 11355   0013FE  EF03  F00A         	goto	u1751
 11356   001402  EF05  F00A         	goto	u1750
 11357   001406                     u1751:
 11358   001406  EFD7  F009         	goto	l2917
 11359   00140A                     u1750:
 11360   00140A  0012               	return		;funcret
 11361   00140C                     __end_of_clcd_print:
 11362                           	callstack 0
 11363                           
 11364 ;; *************** function _clcd_write *****************
 11365 ;; Defined at:
 11366 ;;		line 4 in file "clcd.c"
 11367 ;; Parameters:    Size  Location     Type
 11368 ;;  byte            1    wreg     unsigned char 
 11369 ;;  control_bit     1    0[COMRAM] unsigned char 
 11370 ;; Auto vars:     Size  Location     Type
 11371 ;;  byte            1    1[COMRAM] unsigned char 
 11372 ;; Return value:  Size  Location     Type
 11373 ;;                  1    wreg      void 
 11374 ;; Registers used:
 11375 ;;		wreg
 11376 ;; Tracked objects:
 11377 ;;		On entry : 0/0
 11378 ;;		On exit  : 0/0
 11379 ;;		Unchanged: 0/0
 11380 ;; Data sizes:     COMRAM   BANK0   BANK1   BANK2   BANK3   BANK4   BANK5
 11381 ;;      Params:         1       0       0       0       0       0       0
 11382 ;;      Locals:         1       0       0       0       0       0       0
 11383 ;;      Temps:          0       0       0       0       0       0       0
 11384 ;;      Totals:         2       0       0       0       0       0       0
 11385 ;;Total ram usage:        2 bytes
 11386 ;; Hardware stack levels used: 1
 11387 ;; This function calls:
 11388 ;;		Nothing
 11389 ;; This function is called by:
 11390 ;;		_init_clcd
 11391 ;;		_clcd_print
 11392 ;;		_clcd_putch
 11393 ;;		_main
 11394 ;;		_view_dashboard
 11395 ;;		_display_main_menu
 11396 ;;		_view_log
 11397 ;;		_clear_log
 11398 ;;		_download_log
 11399 ;;		_set_time
 11400 ;; This function uses a non-reentrant model
 11401 ;;
 11402                           
 11403                           	psect	text43
 11404   0010EE                     __ptext43:
 11405                           	callstack 0
 11406   0010EE                     _clcd_write:
 11407                           	callstack 29
 11408                           
 11409                           ;incstack = 0
 11410                           ;clcd_write@byte stored from wreg
 11411   0010EE  6E02               	movwf	clcd_write@byte^0,c
 11412   0010F0                     
 11413                           ;clcd.c: 4: void clcd_write(unsigned char byte, unsigned char control_bit);clcd.c: 5: {;
      +                          clcd.c: 6:  RC1 = control_bit;
 11414   0010F0  B001               	btfsc	clcd_write@control_bit^0,0,c
 11415   0010F2  EF7D  F008         	goto	u1551
 11416   0010F6  EF80  F008         	goto	u1550
 11417   0010FA                     u1551:
 11418   0010FA  8282               	bsf	3970,1,c	;volatile
 11419   0010FC  EF81  F008         	goto	u1565
 11420   001100                     u1550:
 11421   001100  9282               	bcf	3970,1,c	;volatile
 11422   001102                     u1565:
 11423   001102                     
 11424                           ;clcd.c: 7:  PORTD = byte;
 11425   001102  C002  FF83         	movff	clcd_write@byte,3971	;volatile
 11426   001106                     
 11427                           ;clcd.c: 10:  RC2 = 1;
 11428   001106  8482               	bsf	3970,2,c	;volatile
 11429   001108                     
 11430                           ;clcd.c: 11:  RC2 = 0;
 11431   001108  9482               	bcf	3970,2,c	;volatile
 11432   00110A                     
 11433                           ;clcd.c: 13:  TRISD7 = 0xFF;
 11434   00110A  8E95               	bsf	3989,7,c	;volatile
 11435   00110C                     
 11436                           ;clcd.c: 14:  RC0 = 1;
 11437   00110C  8082               	bsf	3970,0,c	;volatile
 11438   00110E                     
 11439                           ;clcd.c: 15:  RC1 = 0;
 11440   00110E  9282               	bcf	3970,1,c	;volatile
 11441   001110                     l2745:
 11442                           
 11443                           ;clcd.c: 18:  {;clcd.c: 19:   RC2 = 1;
 11444   001110  8482               	bsf	3970,2,c	;volatile
 11445   001112                     
 11446                           ;clcd.c: 20:   RC2 = 0;
 11447   001112  9482               	bcf	3970,2,c	;volatile
 11448   001114                     
 11449                           ;clcd.c: 21:  } while (RD7);
 11450   001114  BE83               	btfsc	3971,7,c	;volatile
 11451   001116  EF8F  F008         	goto	u1571
 11452   00111A  EF91  F008         	goto	u1570
 11453   00111E                     u1571:
 11454   00111E  EF88  F008         	goto	l2745
 11455   001122                     u1570:
 11456   001122                     
 11457                           ;clcd.c: 23:  RC0 = 0;
 11458   001122  9082               	bcf	3970,0,c	;volatile
 11459                           
 11460                           ;clcd.c: 24:  TRISD7 = 0x00;
 11461   001124  9E95               	bcf	3989,7,c	;volatile
 11462   001126  0012               	return		;funcret
 11463   001128                     __end_of_clcd_write:
 11464                           	callstack 0
 11465                           
 11466                           	psect	rparam
 11467   000001                     ___rparam_used  equ	1
 11468   000000                     ___param_bank   equ	0
 11469   000000                     __Lparam        equ	__Lrparam
 11470   000000                     __Hparam        equ	__Hrparam
 11471                           
 11472                           	psect	idloc
 11473                           
 11474                           ;Config register IDLOC0 @ 0x200000
 11475                           ;	unspecified, using default values
 11476   200000                     	org	2097152
 11477   200000  FF                 	db	255
 11478                           
 11479                           ;Config register IDLOC1 @ 0x200001
 11480                           ;	unspecified, using default values
 11481   200001                     	org	2097153
 11482   200001  FF                 	db	255
 11483                           
 11484                           ;Config register IDLOC2 @ 0x200002
 11485                           ;	unspecified, using default values
 11486   200002                     	org	2097154
 11487   200002  FF                 	db	255
 11488                           
 11489                           ;Config register IDLOC3 @ 0x200003
 11490                           ;	unspecified, using default values
 11491   200003                     	org	2097155
 11492   200003  FF                 	db	255
 11493                           
 11494                           ;Config register IDLOC4 @ 0x200004
 11495                           ;	unspecified, using default values
 11496   200004                     	org	2097156
 11497   200004  FF                 	db	255
 11498                           
 11499                           ;Config register IDLOC5 @ 0x200005
 11500                           ;	unspecified, using default values
 11501   200005                     	org	2097157
 11502   200005  FF                 	db	255
 11503                           
 11504                           ;Config register IDLOC6 @ 0x200006
 11505                           ;	unspecified, using default values
 11506   200006                     	org	2097158
 11507   200006  FF                 	db	255
 11508                           
 11509                           ;Config register IDLOC7 @ 0x200007
 11510                           ;	unspecified, using default values
 11511   200007                     	org	2097159
 11512   200007  FF                 	db	255
 11513                           
 11514                           	psect	config
 11515                           
 11516                           ; Padding undefined space
 11517   300000                     	org	3145728
 11518   300000  FF                 	db	255
 11519                           
 11520                           ;Config register CONFIG1H @ 0x300001
 11521                           ;	unspecified, using default values
 11522                           ;	Oscillator Selection bits
 11523                           ;	OSC = 0x7, unprogrammed default
 11524                           ;	Fail-Safe Clock Monitor Enable bit
 11525                           ;	FCMEN = 0x0, unprogrammed default
 11526                           ;	Internal/External Oscillator Switchover bit
 11527                           ;	IESO = 0x0, unprogrammed default
 11528   300001                     	org	3145729
 11529   300001  07                 	db	7
 11530                           
 11531                           ;Config register CONFIG2L @ 0x300002
 11532                           ;	unspecified, using default values
 11533                           ;	Power-up Timer Enable bit
 11534                           ;	PWRT = 0x1, unprogrammed default
 11535                           ;	Brown-out Reset Enable bits
 11536                           ;	BOREN = 0x3, unprogrammed default
 11537                           ;	Brown-out Reset Voltage bits
 11538                           ;	BORV = 0x3, unprogrammed default
 11539   300002                     	org	3145730
 11540   300002  1F                 	db	31
 11541                           
 11542                           ;Config register CONFIG2H @ 0x300003
 11543                           ;	unspecified, using default values
 11544                           ;	Watchdog Timer Enable bit
 11545                           ;	WDT = 0x1, unprogrammed default
 11546                           ;	Watchdog Timer Postscale Select bits
 11547                           ;	WDTPS = 0xF, unprogrammed default
 11548   300003                     	org	3145731
 11549   300003  1F                 	db	31
 11550                           
 11551                           ; Padding undefined space
 11552   300004                     	org	3145732
 11553   300004  FF                 	db	255
 11554                           
 11555                           ;Config register CONFIG3H @ 0x300005
 11556                           ;	unspecified, using default values
 11557                           ;	PORTB A/D Enable bit
 11558                           ;	PBADEN = 0x1, unprogrammed default
 11559                           ;	Low-Power Timer 1 Oscillator Enable bit
 11560                           ;	LPT1OSC = 0x0, unprogrammed default
 11561                           ;	MCLR Pin Enable bit
 11562                           ;	MCLRE = 0x1, unprogrammed default
 11563   300005                     	org	3145733
 11564   300005  82                 	db	130
 11565                           
 11566                           ;Config register CONFIG4L @ 0x300006
 11567                           ;	unspecified, using default values
 11568                           ;	Stack Full/Underflow Reset Enable bit
 11569                           ;	STVREN = 0x1, unprogrammed default
 11570                           ;	Single-Supply ICSP Enable bit
 11571                           ;	LVP = 0x1, unprogrammed default
 11572                           ;	Boot Block Size Select bit
 11573                           ;	BBSIZ = 0x0, unprogrammed default
 11574                           ;	Extended Instruction Set Enable bit
 11575                           ;	XINST = 0x0, unprogrammed default
 11576                           ;	Background Debugger Enable bit
 11577                           ;	DEBUG = 0x1, unprogrammed default
 11578   300006                     	org	3145734
 11579   300006  85                 	db	133
 11580                           
 11581                           ; Padding undefined space
 11582   300007                     	org	3145735
 11583   300007  FF                 	db	255
 11584                           
 11585                           ;Config register CONFIG5L @ 0x300008
 11586                           ;	unspecified, using default values
 11587                           ;	Code Protection bit
 11588                           ;	CP0 = 0x1, unprogrammed default
 11589                           ;	Code Protection bit
 11590                           ;	CP1 = 0x1, unprogrammed default
 11591                           ;	Code Protection bit
 11592                           ;	CP2 = 0x1, unprogrammed default
 11593                           ;	Code Protection bit
 11594                           ;	CP3 = 0x1, unprogrammed default
 11595   300008                     	org	3145736
 11596   300008  0F                 	db	15
 11597                           
 11598                           ;Config register CONFIG5H @ 0x300009
 11599                           ;	unspecified, using default values
 11600                           ;	Boot Block Code Protection bit
 11601                           ;	CPB = 0x1, unprogrammed default
 11602                           ;	Data EEPROM Code Protection bit
 11603                           ;	CPD = 0x1, unprogrammed default
 11604   300009                     	org	3145737
 11605   300009  C0                 	db	192
 11606                           
 11607                           ;Config register CONFIG6L @ 0x30000A
 11608                           ;	unspecified, using default values
 11609                           ;	Write Protection bit
 11610                           ;	WRT0 = 0x1, unprogrammed default
 11611                           ;	Write Protection bit
 11612                           ;	WRT1 = 0x1, unprogrammed default
 11613                           ;	Write Protection bit
 11614                           ;	WRT2 = 0x1, unprogrammed default
 11615                           ;	Write Protection bit
 11616                           ;	WRT3 = 0x1, unprogrammed default
 11617   30000A                     	org	3145738
 11618   30000A  0F                 	db	15
 11619                           
 11620                           ;Config register CONFIG6H @ 0x30000B
 11621                           ;	unspecified, using default values
 11622                           ;	Configuration Register Write Protection bit
 11623                           ;	WRTC = 0x1, unprogrammed default
 11624                           ;	Boot Block Write Protection bit
 11625                           ;	WRTB = 0x1, unprogrammed default
 11626                           ;	Data EEPROM Write Protection bit
 11627                           ;	WRTD = 0x1, unprogrammed default
 11628   30000B                     	org	3145739
 11629   30000B  E0                 	db	224
 11630                           
 11631                           ;Config register CONFIG7L @ 0x30000C
 11632                           ;	unspecified, using default values
 11633                           ;	Table Read Protection bit
 11634                           ;	EBTR0 = 0x1, unprogrammed default
 11635                           ;	Table Read Protection bit
 11636                           ;	EBTR1 = 0x1, unprogrammed default
 11637                           ;	Table Read Protection bit
 11638                           ;	EBTR2 = 0x1, unprogrammed default
 11639                           ;	Table Read Protection bit
 11640                           ;	EBTR3 = 0x1, unprogrammed default
 11641   30000C                     	org	3145740
 11642   30000C  0F                 	db	15
 11643                           
 11644                           ;Config register CONFIG7H @ 0x30000D
 11645                           ;	unspecified, using default values
 11646                           ;	Boot Block Table Read Protection bit
 11647                           ;	EBTRB = 0x1, unprogrammed default
 11648   30000D                     	org	3145741
 11649   30000D  40                 	db	64
 11650                           tosu	equ	0xFFF
 11651                           tosh	equ	0xFFE
 11652                           tosl	equ	0xFFD
 11653                           stkptr	equ	0xFFC
 11654                           pclatu	equ	0xFFB
 11655                           pclath	equ	0xFFA
 11656                           pcl	equ	0xFF9
 11657                           tblptru	equ	0xFF8
 11658                           tblptrh	equ	0xFF7
 11659                           tblptrl	equ	0xFF6
 11660                           tablat	equ	0xFF5
 11661                           prodh	equ	0xFF4
 11662                           prodl	equ	0xFF3
 11663                           indf0	equ	0xFEF
 11664                           postinc0	equ	0xFEE
 11665                           postdec0	equ	0xFED
 11666                           preinc0	equ	0xFEC
 11667                           plusw0	equ	0xFEB
 11668                           fsr0h	equ	0xFEA
 11669                           fsr0l	equ	0xFE9
 11670                           wreg	equ	0xFE8
 11671                           indf1	equ	0xFE7
 11672                           postinc1	equ	0xFE6
 11673                           postdec1	equ	0xFE5
 11674                           preinc1	equ	0xFE4
 11675                           plusw1	equ	0xFE3
 11676                           fsr1h	equ	0xFE2
 11677                           fsr1l	equ	0xFE1
 11678                           bsr	equ	0xFE0
 11679                           indf2	equ	0xFDF
 11680                           postinc2	equ	0xFDE
 11681                           postdec2	equ	0xFDD
 11682                           preinc2	equ	0xFDC
 11683                           plusw2	equ	0xFDB
 11684                           fsr2h	equ	0xFDA
 11685                           fsr2l	equ	0xFD9
 11686                           status	equ	0xFD8

Data Sizes:
    Strings     251
    Constant    0
    Data        97
    BSS         354
    Persistent  0
    Stack       0

Auto Spaces:
    Space          Size  Autos    Used
    COMRAM           95     51      94
    BANK0           160      0     138
    BANK1           256      0     170
    BANK2           256      0     100
    BANK3           256      0       0
    BANK4           256      0       0
    BANK5           256      0       0

Pointer List with Targets:

    arr	PTR unsigned char [8] size(2) Largest target is 3
		 -> STR_1(CODE[3]), STR_10(CODE[3]), STR_11(CODE[3]), STR_12(CODE[3]), 
		 -> STR_13(CODE[3]), STR_14(CODE[3]), STR_15(CODE[3]), STR_16(CODE[3]), 
		 -> STR_2(CODE[3]), STR_3(CODE[3]), STR_4(CODE[3]), STR_42(CODE[3]), 
		 -> STR_43(CODE[3]), STR_44(CODE[3]), STR_45(CODE[3]), STR_46(CODE[3]), 
		 -> STR_47(CODE[3]), STR_48(CODE[3]), STR_49(CODE[3]), STR_5(CODE[3]), 
		 -> STR_50(CODE[3]), STR_51(CODE[3]), STR_52(CODE[3]), STR_53(CODE[3]), 
		 -> STR_54(CODE[3]), STR_55(CODE[3]), STR_56(CODE[3]), STR_57(CODE[3]), 
		 -> STR_58(CODE[3]), STR_59(CODE[3]), STR_6(CODE[3]), STR_60(CODE[3]), 
		 -> STR_61(CODE[3]), STR_62(CODE[3]), STR_63(CODE[3]), STR_64(CODE[3]), 
		 -> STR_65(CODE[3]), STR_66(CODE[3]), STR_67(CODE[3]), STR_68(CODE[3]), 
		 -> STR_69(CODE[3]), STR_7(CODE[3]), STR_70(CODE[3]), STR_71(CODE[3]), 
		 -> STR_72(CODE[3]), STR_73(CODE[3]), STR_8(CODE[3]), STR_9(CODE[3]), 

    clcd_print@data	PTR const unsigned char  size(2) Largest target is 68
		 -> menu(BANK0[68]), speed_str(COMRAM[3]), STR_1(CODE[3]), STR_10(CODE[3]), 
		 -> STR_11(CODE[3]), STR_12(CODE[3]), STR_13(CODE[3]), STR_14(CODE[3]), 
		 -> STR_15(CODE[3]), STR_16(CODE[3]), STR_17(CODE[17]), STR_18(CODE[2]), 
		 -> STR_19(CODE[2]), STR_2(CODE[3]), STR_20(CODE[2]), STR_21(CODE[2]), 
		 -> STR_22(CODE[17]), STR_23(CODE[17]), STR_24(CODE[17]), STR_25(CODE[17]), 
		 -> STR_3(CODE[3]), STR_32(CODE[17]), STR_33(CODE[17]), STR_34(CODE[9]), 
		 -> STR_35(CODE[3]), STR_36(CODE[3]), STR_37(CODE[3]), STR_38(CODE[11]), 
		 -> STR_39(CODE[13]), STR_4(CODE[3]), STR_40(CODE[15]), STR_41(CODE[13]), 
		 -> STR_42(CODE[3]), STR_43(CODE[3]), STR_44(CODE[3]), STR_45(CODE[3]), 
		 -> STR_46(CODE[3]), STR_47(CODE[3]), STR_48(CODE[3]), STR_49(CODE[3]), 
		 -> STR_5(CODE[3]), STR_50(CODE[3]), STR_51(CODE[3]), STR_52(CODE[3]), 
		 -> STR_53(CODE[3]), STR_54(CODE[3]), STR_55(CODE[3]), STR_56(CODE[3]), 
		 -> STR_57(CODE[3]), STR_58(CODE[3]), STR_59(CODE[3]), STR_6(CODE[3]), 
		 -> STR_60(CODE[3]), STR_61(CODE[3]), STR_62(CODE[3]), STR_63(CODE[3]), 
		 -> STR_64(CODE[3]), STR_65(CODE[3]), STR_66(CODE[3]), STR_67(CODE[3]), 
		 -> STR_68(CODE[3]), STR_69(CODE[3]), STR_7(CODE[3]), STR_70(CODE[3]), 
		 -> STR_71(CODE[3]), STR_72(CODE[3]), STR_73(CODE[3]), STR_8(CODE[3]), 
		 -> STR_9(CODE[3]), time(BANK0[9]), 

    int_to_str@str	PTR unsigned char  size(1) Largest target is 3
		 -> speed_str(COMRAM[3]), 

    puts@s	PTR const unsigned char  size(2) Largest target is 170
		 -> data(BANK1[170]), STR_26(CODE[17]), STR_27(CODE[3]), STR_28(CODE[12]), 
		 -> STR_29(CODE[3]), STR_30(CODE[3]), STR_31(CODE[29]), 


Critical Paths under _main in COMRAM

    _view_log->_clcd_putch
    _view_dashboard->___fltol
    _int_to_str->___awdiv
    _get_time->_read_ds1307
    ___fltol->___fldiv
    ___fldiv->___xxtofl
    _set_time->_event_store
    _clcd_putch->___awdiv
    _init_config->_init_ds1307
    _init_ds1307->_write_ds1307
    _write_ds1307->___awdiv
    _read_ds1307->_i2c_write
    _init_clcd->_clcd_write
    _download_log->_event_store
    _puts->_putch
    _event_read->_read_external_eeprom
    _display_main_menu->_clcd_print
    _clear_log->_event_store
    _event_store->_store_event
    _store_event->_write_external_eeprom
    _write_external_eeprom->_read_external_eeprom
    _read_external_eeprom->_i2c_write
    _clcd_print->_clcd_write

Critical Paths under _main in BANK0

    None.

Critical Paths under _main in BANK1

    None.

Critical Paths under _main in BANK2

    None.

Critical Paths under _main in BANK3

    None.

Critical Paths under _main in BANK4

    None.

Critical Paths under _main in BANK5

    None.

Call Graph Tables:

 ---------------------------------------------------------------------------------
 (Depth) Function   	        Calls       Base Space   Used Autos Params    Refs
 ---------------------------------------------------------------------------------
 (0) _main                                                 2     2      0    8659
                                             49 COMRAM     2     2      0
                         _clcd_write
                          _clear_log
                  _display_main_menu
                       _download_log
                        _init_config
                      _read_switches
                           _set_time
                     _view_dashboard
                           _view_log
 ---------------------------------------------------------------------------------
 (1) _view_log                                             5     5      0     519
                                             10 COMRAM     5     5      0
                         _clcd_print
                         _clcd_putch
                         _clcd_write
               _read_external_eeprom
 ---------------------------------------------------------------------------------
 (1) _view_dashboard                                       0     0      0    3329
                            ___fldiv
                            ___fltol
                           ___xxtofl
                         _clcd_print
                         _clcd_write
                        _event_store
                           _get_time
                         _int_to_str
                           _read_adc
 ---------------------------------------------------------------------------------
 (2) _read_adc                                             7     5      2      52
                                              0 COMRAM     7     5      2
 ---------------------------------------------------------------------------------
 (2) _int_to_str                                           3     0      3     768
                                              8 COMRAM     3     0      3
                            ___awdiv
                            ___awmod
 ---------------------------------------------------------------------------------
 (2) _get_time                                             0     0      0      81
                        _read_ds1307
 ---------------------------------------------------------------------------------
 (2) ___xxtofl                                            14    10      4     337
                                              0 COMRAM    14    10      4
 ---------------------------------------------------------------------------------
 (2) ___fltol                                             10     6      4     230
                                             39 COMRAM    10     6      4
                            ___fldiv (ARG)
                           ___xxtofl (ARG)
 ---------------------------------------------------------------------------------
 (2) ___fldiv                                             25    17      8    1123
                                             14 COMRAM    25    17      8
                           ___xxtofl (ARG)
 ---------------------------------------------------------------------------------
 (1) _set_time                                             2     2      0    1641
                                             13 COMRAM     2     2      0
                            ___awdiv
                            ___awmod
                         _clcd_print
                         _clcd_putch
                         _clcd_write
                        _event_store
                       _write_ds1307
 ---------------------------------------------------------------------------------
 (2) _clcd_putch                                           2     1      1     160
                                              8 COMRAM     2     1      1
                            ___awdiv (ARG)
                            ___awmod (ARG)
                         _clcd_write
               _read_external_eeprom (ARG)
 ---------------------------------------------------------------------------------
 (3) ___awmod                                              6     2      4     330
                                              0 COMRAM     6     2      4
 ---------------------------------------------------------------------------------
 (3) ___awdiv                                              8     4      4     326
                                              0 COMRAM     8     4      4
 ---------------------------------------------------------------------------------
 (1) _read_switches                                        1     1      0      30
                                              0 COMRAM     1     1      0
                           _scan_key
 ---------------------------------------------------------------------------------
 (2) _scan_key                                             0     0      0       0
 ---------------------------------------------------------------------------------
 (1) _init_config                                          0     0      0     499
                           _init_adc
                          _init_clcd
                        _init_ds1307
                           _init_i2c
                 _init_matrix_keypad
                          _init_uart
               _read_external_eeprom
              _write_external_eeprom
 ---------------------------------------------------------------------------------
 (2) _init_uart                                            0     0      0       0
 ---------------------------------------------------------------------------------
 (2) _init_matrix_keypad                                   0     0      0       0
 ---------------------------------------------------------------------------------
 (2) _init_i2c                                             0     0      0       0
 ---------------------------------------------------------------------------------
 (2) _init_ds1307                                          1     1      0     237
                                             10 COMRAM     1     1      0
                        _read_ds1307
                       _write_ds1307
 ---------------------------------------------------------------------------------
 (2) _write_ds1307                                         2     1      1      87
                                              8 COMRAM     2     1      1
                            ___awdiv (ARG)
                            ___awmod (ARG)
                          _i2c_start
                           _i2c_stop
                          _i2c_write
 ---------------------------------------------------------------------------------
 (3) _read_ds1307                                          2     2      0      81
                                              1 COMRAM     2     2      0
                           _i2c_read
                      _i2c_rep_start
                          _i2c_start
                           _i2c_stop
                          _i2c_write
 ---------------------------------------------------------------------------------
 (2) _init_clcd                                            0     0      0      70
                         _clcd_write
 ---------------------------------------------------------------------------------
 (2) _init_adc                                             0     0      0       0
 ---------------------------------------------------------------------------------
 (1) _download_log                                         5     5      0    1421
                                             13 COMRAM     5     5      0
                         _clcd_print
                         _clcd_write
                         _event_read
                        _event_store
                              _putch
                               _puts
 ---------------------------------------------------------------------------------
 (2) _puts                                                 2     0      2      81
                                              1 COMRAM     2     0      2
                              _putch
 ---------------------------------------------------------------------------------
 (3) _putch                                                1     1      0      29
                                              0 COMRAM     1     1      0
 ---------------------------------------------------------------------------------
 (2) _event_read                                           9     9      0     527
                                              3 COMRAM     9     9      0
               _read_external_eeprom
 ---------------------------------------------------------------------------------
 (1) _display_main_menu                                    1     1      0     255
                                              5 COMRAM     1     1      0
                         _clcd_print
                         _clcd_write
 ---------------------------------------------------------------------------------
 (1) _clear_log                                            4     4      0     895
                                             13 COMRAM     4     4      0
                         _clcd_print
                         _clcd_write
                        _event_store
              _write_external_eeprom
 ---------------------------------------------------------------------------------
 (2) _event_store                                          2     2      0     483
                                             11 COMRAM     2     2      0
               _read_external_eeprom
                        _store_event
              _write_external_eeprom
 ---------------------------------------------------------------------------------
 (3) _store_event                                          4     4      0     201
                                              7 COMRAM     4     4      0
              _write_external_eeprom
 ---------------------------------------------------------------------------------
 (3) _write_external_eeprom                                4     3      1     111
                                              3 COMRAM     4     3      1
                          _i2c_start
                           _i2c_stop
                          _i2c_write
               _read_external_eeprom (ARG)
 ---------------------------------------------------------------------------------
 (2) _read_external_eeprom                                 2     2      0      81
                                              1 COMRAM     2     2      0
                           _i2c_read
                      _i2c_rep_start
                          _i2c_start
                           _i2c_stop
                          _i2c_write
 ---------------------------------------------------------------------------------
 (3) _i2c_write                                            1     1      0      29
                                              0 COMRAM     1     1      0
                           _i2c_idle
 ---------------------------------------------------------------------------------
 (3) _i2c_stop                                             0     0      0       0
                           _i2c_idle
 ---------------------------------------------------------------------------------
 (3) _i2c_start                                            0     0      0       0
                           _i2c_idle
 ---------------------------------------------------------------------------------
 (3) _i2c_rep_start                                        0     0      0       0
                           _i2c_idle
 ---------------------------------------------------------------------------------
 (3) _i2c_read                                             0     0      0       0
                         _i2c_no_ack
                        _i2c_rx_mode
 ---------------------------------------------------------------------------------
 (4) _i2c_rx_mode                                          0     0      0       0
                           _i2c_idle
 ---------------------------------------------------------------------------------
 (4) _i2c_idle                                             0     0      0       0
 ---------------------------------------------------------------------------------
 (4) _i2c_no_ack                                           0     0      0       0
 ---------------------------------------------------------------------------------
 (2) _clcd_print                                           3     0      3     185
                                              2 COMRAM     3     0      3
                         _clcd_write
 ---------------------------------------------------------------------------------
 (2) _clcd_write                                           2     1      1      70
                                              0 COMRAM     2     1      1
 ---------------------------------------------------------------------------------
 Estimated maximum stack depth 4
 ---------------------------------------------------------------------------------

 Call Graph Graphs:

 _main (ROOT)
   _clcd_write
   _clear_log
     _clcd_print
       _clcd_write
     _clcd_write
     _event_store
       _read_external_eeprom
         _i2c_read
           _i2c_no_ack
           _i2c_rx_mode
             _i2c_idle
         _i2c_rep_start
           _i2c_idle
         _i2c_start
           _i2c_idle
         _i2c_stop
           _i2c_idle
         _i2c_write
           _i2c_idle
       _store_event
         _write_external_eeprom
           _i2c_start
           _i2c_stop
           _i2c_write
           _read_external_eeprom (ARG)
       _write_external_eeprom
     _write_external_eeprom
   _display_main_menu
     _clcd_print
     _clcd_write
   _download_log
     _clcd_print
     _clcd_write
     _event_read
       _read_external_eeprom
     _event_store
     _putch
     _puts
       _putch
   _init_config
     _init_adc
     _init_clcd
       _clcd_write
     _init_ds1307
       _read_ds1307
         _i2c_read
         _i2c_rep_start
         _i2c_start
         _i2c_stop
         _i2c_write
       _write_ds1307
         ___awdiv (ARG)
         ___awmod (ARG)
         _i2c_start (ARG)
         _i2c_stop (ARG)
         _i2c_write (ARG)
     _init_i2c
     _init_matrix_keypad
     _init_uart
     _read_external_eeprom
     _write_external_eeprom
   _read_switches
     _scan_key
   _set_time
     ___awdiv
     ___awmod
     _clcd_print
     _clcd_putch
       ___awdiv (ARG)
       ___awmod (ARG)
       _clcd_write (ARG)
       _read_external_eeprom (ARG)
     _clcd_write
     _event_store
     _write_ds1307
   _view_dashboard
     ___fldiv
       ___xxtofl (ARG)
     ___fltol
       ___fldiv (ARG)
       ___xxtofl (ARG)
     ___xxtofl
     _clcd_print
     _clcd_write
     _event_store
     _get_time
       _read_ds1307
     _int_to_str
       ___awdiv
       ___awmod
     _read_adc
   _view_log
     _clcd_print
     _clcd_putch
     _clcd_write
     _read_external_eeprom

Address spaces:
Name               Size   Autos  Total    Usage
BIGRAM            1535      0       0      0.0%
BITBIGSFRlll       641      0       0      0.0%
BITBANK5           256      0       0      0.0%
BANK5              256      0       0      0.0%
BITBANK4           256      0       0      0.0%
BANK4              256      0       0      0.0%
BITBANK3           256      0       0      0.0%
BANK3              256      0       0      0.0%
BITBANK2           256      0       0      0.0%
BANK2              256      0     100     39.1%
BITBANK1           256      0       0      0.0%
BANK1              256      0     170     66.4%
BITBANK0           160      0       0      0.0%
BANK0              160      0     138     86.2%
BITCOMRAM           95      0       0      0.0%
COMRAM              95     51      94     98.9%
BITBIGSFRh          82      0       0      0.0%
BITBIGSFRllh        28      0       0      0.0%
BITBIGSFRlh         14      0       0      0.0%
STACK                0      0       0      0.0%
DATA                 0      0     502      0.0%


Microchip Technology PIC18 Macro Assembler V3.00 build 20241204225717 
Symbol Table                                                                                   Thu Mar 20 03:19:28 2025

                 ___fldiv@aexp 0027                   ___fldiv@bexp 0026                              _a 0039  
                            _b 00D9                              _i 004B                              _j 0047  
                            _k 0049                              _x 00DB                   ___fldiv@sign 001F  
        _write_external_eeprom 1164                 clcd_print@addr 0005                 clcd_print@data 0003  
                           l20 1122                             l21 1126                             l30 140A  
                           l24 10EC                             l33 100A                             l50 1B24  
                           l51 1A74                             l52 1A4C                             l61 1AB6  
                           l46 0FC4                             l54 1A60                             l64 1AE6  
                           l57 1A8E                             l49 1A38                             l66 1AFA  
                           l58 1ACA                             l67 1B22                             l59 1AA2  
                           l68 1B0E                             l79 14EA                             _GO 7E11  
                 ___awdiv@sign 0006             _init_matrix_keypad 0FB4                            l230 11BC  
                          l233 11E8                            l227 1026                            l331 1282  
                          l403 21A6                            l180 1854                            l413 161A  
                          l502 0F78                            l511 0F68                            l175 1162  
                          l183 1910                            l360 2576                            l505 0FA0  
                          l345 12E0                            l417 1C56                            l514 0F94  
                          l339 184E                            l443 2ED8                            l508 0F70  
                          l448 2EFC                            l378 238C                            l483 0FDA  
                          l396 1FC4                            l486 0FA2                            l591 10B8  
                          l488 0FB0                            l496 0F80                            l680 1064  
                          l489 0FB2                            l585 1230                            l499 0F88  
                          l683 0FDE                            l836 11A2                            l692 133E  
                          l588 1044                            l685 0FEC                            l686 0FF2  
                          l766 156C                            l839 108E                            _CKE 7E3E  
                          _RC0 7C10                            _RC1 7C11                            _RC2 7C12  
                          _RD7 7C1F                            u300 1AB0                            u301 1AAC  
                          u310 1AC4                            u311 1AC0                            u320 1AE0  
                          u240 1A32                            u321 1ADC                            u241 1A2E  
                          u330 1AF4                            u250 1A46                            u331 1AF0  
                          u251 1A42                            u340 1B08                            u260 1A5A  
                          u341 1B04                            u261 1A56                            u350 1B1C  
                          u270 1A6E                            u351 1B18                            u271 1A6A  
                          u280 1A88                            _PEN 7E2A                            u281 1A84  
                          u290 1A9C                            u291 1A98                            _SEN 7E28  
                          u910 148A                            u911 1486                            u920 14A0  
                          u921 149C                            u930 14B0                            u931 14AC  
                          u940 14C8                            u941 14C4                            u950 14E0  
                          u951 14DC                            _RX9 7D5E                            _SMP 7E3F  
                          _TX9 7D66                            _arr 0060                            _key 0059  
                          _min 0056                            _sec 0055                 clcd_putch@addr 0009  
               clcd_putch@data 000A                   ___awmod@sign 0006                            wreg 0FE8  
          ?_init_matrix_keypad 0001                   ___fltol@exp1 0031                ?_view_dashboard 0001  
                         l3001 1E4A                           l1073 178A                           l3011 1EE8  
                         l3003 1E5C                           l2203 14B8                           l1139 1A1C  
                         l1500 1E0A                           l3021 1F66                           l3013 1EFC  
                         l3005 1E8E                           l2205 14C8                           l2213 14E8  
                         l3101 26E4                           l1086 16C8                           l3023 1F82  
                         l3015 1F2E                           l3007 1EA0                           l3031 12E6  
                         l2207 14D0                           l3111 272C                           l3103 26F4  
                         l1511 1DA2                           l1424 2906                           l1504 1D46  
                         l3025 1FA2                           l3017 1F60                           l3009 1ED4  
                         l3033 130A                           l2209 14E0                           l3121 277A  
                         l3113 2738                           l3105 26FA                           l3041 2592  
                         l1426 276A                           l3019 1F62                           l3027 1FA6  
                         l3035 130E                           l1435 27B0                           l3123 2790  
                         l3131 27C0                           l3115 2756                           l3107 270A  
                         l3051 25C6                           l3043 2594                           l3211 19FC  
                         l1436 27CE                           l3029 12E2                           l3141 2842  
                         l3133 27DE                           l1437 2826                           l3125 2796  
                         l3117 2758                           l1429 272E                           l3109 271E  
                         l3061 25F6                           l3045 25A4                           l3053 25CC  
                         l3037 2578                           l3213 1A0C                           l3205 19D0  
                         l3221 1C78                           l3301 2468                           l1438 2814  
                         l2191 1490                           l3151 28AE                           l3143 2850  
                         l3135 280C                           l3127 27A0                           l3119 2768  
                         l3071 262A                           l3063 25F8                           l3055 25DC  
                         l3047 25B4                           l3039 2584                           l3207 19DC  
                         l3231 1CF0                           l3223 1CBE                           l3311 24C0  
                         l3303 247A                           l1801 1AC4                           l2193 14A0  
                         l3161 28F4                           l3153 28C8                           l3145 287A  
                         l3129 27AE                           l3081 266E                           l3065 2608  
                         l3073 2630                           l3057 25E2                           l3049 25C4  
                         l3209 19EC                           l3241 1D78                           l3233 1CFC  
                         l3225 1CD4                           l3217 1C5A                           l3321 24F6  
                         l3305 248E                           l3401 1FFC                           l1811 1AF4  
                         l2195 14B0                           l2187 147A                           l3163 28FA  
                         l3155 28E0                           l3139 2836                           l3147 287E  
                         l3091 2696                           l3083 2672                           l3075 2640  
                         l3067 2618                           l3059 25E8                           l3251 1DB6  
                         l3243 1D84                           l3235 1D2E                           l3219 1C6A  
                         l3331 2548                           l3323 2512                           l3307 2496  
                         l3315 24C8                           l3411 203A                           l3403 2016  
                         l2701 0F6A                           l3341 21D8                           l3501 1B34  
                         l1805 1AE0                           l2197 14B2                           l2189 148A  
                         l3165 28FC                           l3157 28E2                           l3149 2898  
                         l3077 2656                           l3069 2628                           l3181 196C  
                         l3173 1918                           l3253 1DDA                           l3245 1D92  
                         l3237 1D30                           l3229 1CE8                           l3333 2556  
                         l3317 24DA                           l3309 24A4                           l3421 2080  
                         l3413 2048                           l2703 0F6C                           l2711 1170  
                         l3351 2242                           l3343 21EA                           l3511 1B74  
                         l3503 1B40                           l1831 100C                           l3271 113A  
                         l3263 1128                           l1823 1B1C                           l3159 28E6  
                         l3095 26AA                           l3079 2666                           l3087 2686  
                         l3183 196E                           l3175 192E                           l3255 1DEA  
                         l3247 1DB0                           l3239 1D3C                           l3335 2568  
                         l3319 24EE                           l3327 251C                           l3431 20C4  
                         l3423 208A                           l3415 2056                           l3407 201E  
                         l2705 0F64                           l2721 0F72                           l2713 1176  
                         l3361 22A6                           l3353 2252                           l3345 220A  
                         l3521 1B94                           l3505 1B4C                           l2801 1034  
                         l1841 0FD6                           l1833 0FC6                           l1753 0FB4  
                         l3273 113E                           l3265 112A                           l1817 1B08  
                         l1761 1A32                           l3601 2C52                           l3097 26C4  
                         l3089 2696                           l3185 197E                           l3257 1DF8  
                         l3249 1DB2                           l1497 1CAE                           l3337 256C  
                         l3329 2538                           l3281 239E                           l3441 210E  
                         l3433 20D4                           l3425 209A                           l3417 2060  
                         l3409 202E                           l2731 10F0                           l2723 0F74  
                         l2715 117C                           l2707 1166                           l3371 22FC  
                         l3355 2264                           l3363 22B0                           l3347 2216  
                         l3339 21A8                           l3531 1BFC                           l3523 1BA0  
                         l3507 1B5E                           l3515 1B7C                           l2811 109C  
                         l2803 103A                           l1843 0FD8                           l1835 0FCA  
                         l1755 0FBC                           l3275 1142                           l3267 1132  
                         l1827 1B22                           l3611 2CBA                           l3603 2C62  
                         l3099 26D4                           l3195 19A8                           l3187 1982  
                         l3179 1942                           l3259 1DFA                           l3291 2426  
                         l3283 23A2                           l3451 2176                           l3443 2128  
                         l3435 20DE                           l3427 20AA                           l3419 2070  
                         l2741 110C                           l2733 1102                           l2725 0F8A  
                         l2717 1180                           l2709 116A                           l3461 156E  
                         l3381 2330                           l3373 230A                           l3365 22C2  
                         l3357 2270                           l3349 2236                           l3533 1C28  
                         l3525 1BC2                           l3517 1B84                           l3509 1B68  
                         l2901 10BA                           l2813 10A2                           l2805 1040  
                         l1837 0FD2                           l1757 0FBE                           l1861 1062  
                         l3277 1158                           l3269 1136                           l1773 1A5A  
                         l2821 16CA                           l3613 2CDA                           l3621 2D40  
                         l3605 2C74                           l3541 2908                           l3197 19B2  
                         l3189 1990                           l3293 2434                           l3285 23B0  
                         l3453 217E                           l3445 2130                           l3437 20EE  
                         l3429 20B4                           l2743 110E                           l2735 1106  
                         l2727 0F92                           l2751 1068                           l2719 1188  
                         l3471 1592                           l3463 1576                           l3391 2372  
                         l3383 233A                           l3367 22D4                           l3375 2312  
                         l3359 228A                           l3535 1C3E                           l3527 1BCE  
                         l3519 1B88                           l2911 10D8                           l2903 10BC  
                         l2815 10A6                           l2807 1092                           l1839 0FD4  
                         l1855 1046                           l1783 1A88                           l1767 1A46  
                         l1759 1A1E                           l2831 16F4                           l2823 16CC  
                         l3631 2E36                           l3623 2D52                           l3615 2CEC  
                         l3607 2C98                           l3551 296A                           l3543 2918  
                         l3199 19BC                           l3295 2444                           l3287 2402  
                         l3279 238E                           l3455 2186                           l3447 213A  
                         l3439 20FE                           l2745 1110                           l2737 1108  
                         l2921 13DA                           l2761 1088                           l2753 106C  
                         l3481 15EA                           l3473 1594                           l3393 2382  
                         l3377 2324                           l3369 22E0                           l3537 1C48  
                         l3529 1BD2                           l2913 10E2                           l2905 10C2  
                         l2817 10B2                           l2809 1096                           l1857 105C  
                         l2841 1722                           l2833 16FC                           l2825 16DA  
                         l3633 2E40                           l3625 2E00                           l3641 2E5E  
                         l3617 2D0C                           l3609 2CA8                           l3561 29F6  
                         l3553 29A6                           l3545 292A                           l3297 2458  
                         l3289 241E                           l3457 2198                           l3449 214C  
                         l2747 1112                           l2739 110A                           l2915 13A0  
                         l2691 0F7C                           l2755 1072                           l2771 1794  
                         l3491 160C                           l3483 15F2                           l3475 1598  
                         l3379 232E                           l3387 2346                           l3539 1C4C  
                         l2907 10C4                           l2931 1212                           l1859 1060  
                         l1795 1AB0                           l1779 1A6E                           l2851 175C  
                         l2843 172A                           l2835 1700                           l2827 16E2  
                         l2923 0FF6                           l3651 2EB0                           l3643 2E70  
                         l3635 2E48                           l3627 2E10                           l3619 2D20  
                         l3571 2AAA                           l3563 2A08                           l3555 29B0  
                         l3547 2950                           l3299 2460                           l3459 219C  
                         l3395 1FC6                           l3723 18DA                           l2749 1114  
                         l2917 13AE                           l2693 0F82                           l2757 1078  
                         l2781 17E2                           l2773 17AE                           l2765 178C  
                         l3493 1610                           l3485 15FC                           l3477 15B4  
                         l3469 1588                           l3389 2358                           l2909 10CE  
                         l2933 121C                           l2925 11EA                           l1789 1A9C  
                         l2861 1782                           l2853 175E                           l2845 1738  
                         l2837 1708                           l2829 16E6                           l3653 2EB8  
                         l3645 2E7A                           l3637 2E4C                           l3629 2E20  
                         l3661 2ED8                           l3581 2B0C                           l3573 2AB4  
                         l3565 2A48                           l3557 29CE                           l3549 2958  
                         l2941 11E0                           l3397 1FE0                           l2919 13D6  
                         l2687 0FA2                           l2695 0F84                           l2759 107C  
                         l2791 184C                           l2783 1802                           l2775 17C0  
                         l2951 1294                           l3487 15FE                           l3479 15D4  
                         l3495 1B26                           l2927 11F2                           l2855 1764  
                         l2847 173E                           l2839 171A                           l2871 1634  
                         l3663 2EF0                           l3655 2EBC                           l3647 2E8A  
                         l3639 2E56                           l3591 2BBA                           l3583 2B4C  
                         l3575 2AD2                           l3559 29EC                           l3567 2A5C  
                         l2935 11A6                           l3399 1FEC                           l3671 1868  
                         l2689 0F7A                           l2697 0F98                           l2785 1804  
                         l2777 17C2                           l2961 12B0                           l3489 1602  
                         l2793 0FDE                           l3497 1B2E                           l2929 11FE  
                         l2849 1754                           l2857 176A                           l2881 1668  
                         l2873 1638                           l2865 161C                           l3665 2EF8  
                         l3657 2EC6                           l3649 2E9A                           l3593 2BD8  
                         l3577 2AF0                           l3569 2A6E                           l3585 2B60  
                         l2945 1232                           l2937 11BA                           l3681 1898  
                         l3673 1870                           l2699 0F9C                           l2787 1836  
                         l2779 17C6                           l2963 12CC                           l2795 0FEE  
                         l3499 1B32                           l2859 177A                           l2891 16A2  
                         l2883 1670                           l2875 1646                           l2867 161E  
                         l3659 2ECA                           l3595 2BF6                           l3587 2B74  
                         l3579 2AFA                           l2971 1504                           l2947 1276  
                         l2939 11CA                           l3683 18A8                           l3675 1874  
                         l3667 1850                           l2789 1840                           l2957 129C  
                         l2965 12D8                           l2949 1284                           l2797 102A  
                         l2885 167E                           l2893 16A8                           l2877 164E  
                         l2869 162C                           l3597 2C00                           l3589 2BB0  
                         l2981 154C                           l2973 1512                           l3685 18AE  
                         l3677 1886                           l3669 1860                           l3693 18C6  
                         l2967 12DC                           l2959 12AC                           l2991 1E1A  
                         l2799 102E                           l2895 16B8                           l2887 1694  
                         l2879 1660                           l3599 2C12                           l2983 1554  
                         l2975 152A                           l3687 18B6                           l3679 188A  
                         l2897 16C0                           l2889 169C                           l2985 156A  
                         l2977 153E                           l2969 14EC                           l3689 18BE  
                         l2987 1E0C                           l2979 1542                           l2997 1E22  
                         l2989 1E0E                           l2999 1E36                           _ADFM 7E07  
                         _ADON 7E10                           STR_1 2FEF                           STR_2 2FF2  
                         STR_3 2FEC                           STR_4 2FE0                           STR_5 2FE3  
                         STR_6 2FE6                           STR_7 2FE9                           STR_8 2FF5  
                         _BRGH 7D62                           _CREN 7D5C                           u2000 272C  
                         u2001 2728                           u2010 2756                           u2011 2752  
                         u2100 2850                           u2020 277A                           u2101 284C  
                         u2021 2776                           u2110 2898                           u2030 2790  
                         u2111 2894                           u2031 278C                           u2120 28C8  
                         u2040 27AE                           u2200 19FC                           u2121 28C4  
                         u2041 27AA                           u2201 19F8                           u2130 28F4  
                         u2050 27CE                           u2210 1C6A                           u2131 28F0  
                         u2051 27CA                           u2211 1C66                           u2060 27DE  
                         u2140 192E                           u2300 1DF8                           u2220 1C78  
                         u2061 27DA                           u2141 192A                           u2301 1DF4  
                         u2221 1C74                           u2310 1158                           u2070 280C  
                         u2150 1962                           u2230 1CD4                           u2311 1154  
                         u2071 2808                           u2231 1CD0                           u1600 0FEC  
                         u2080 2822                           u2160 1990                           u2240 1D2A  
                         u2400 24EE                           u2320 241E                           u1601 0FE8  
                         u2081 281E                           u2161 198C                           u2241 1D26  
                         u2401 24EA                           u2321 241A                           u1530 0FB0  
                         u1610 16DA                           u2090 2836                           u2170 19A4  
                         u2250 1D74                           u2410 2512                           u2330 2444  
                         u1531 0FAC                           u1611 16D6                           u2091 2832  
                         u2171 19A0                           u2155 1958                           u2251 1D70  
                         u2411 250E                           u2331 2440                           u1540 11A2  
                         u2500 22FC                           u1620 16F4                           u1700 167E  
                         u2180 19CC                           u2260 1D92                           u2420 2568  
                         u2340 2458                           u1541 119E                           u2501 22F8  
                         u1621 16F0                           u1701 167A                           u2181 19C8  
                         u2261 1D8E                           u2421 2564                           u2341 2454  
                         u1550 1100                           u2510 230A                           u2430 21EA  
                         u1630 171A                           u1710 1694                           u2190 19EC  
                         u2270 1DA2                           u2350 247A                           u1551 10FA  
                         u2511 2306                           u2431 21E6                           u1631 1716  
                         u1711 1690                           u2191 19E8                           u2271 1D9E  
                         u2351 2476                           u2520 2324                           u2440 2252  
                         u1800 1E36                           u1640 1738                           u1720 16B8  
                         u2280 1DB0                           u2360 248E                           u2600 2176  
                         u2521 2320                           u2441 224E                           u1801 1E32  
                         u1641 1734                           u1721 16B4                           u2281 1DAC  
                         u2361 248A                           u2601 2172                           u1570 1122  
                         u1730 13D2                           u2530 2358                           u2450 2264  
                         u1810 1E4A                           u1650 1754                           u2290 1DEA  
                         u2370 24A4                           u2610 2198                           u1571 111E  
                         u2531 2354                           u2451 2260                           u1811 1E46  
                         u1651 1750                           u2291 1DE6                           u2371 24A0  
                         u2611 2194                           u1740 13FA                           u1580 17AE  
                         u2620 15B4                           u2540 2372                           u2460 228A  
                         u1820 1E5C                           u1900 133E                           u1660 177A  
                         u2700 2B74                           u2380 24C0                           u1565 1102  
                         u1581 17AA                           u2621 15B0                           u2541 236E  
                         u2461 2286                           u1821 1E58                           u1901 133A  
                         u1661 1776                           u2701 2B70                           u2381 24BC  
                         u1750 140A                           u1590 17E2                           u2470 22A6  
                         u1830 1EA0                           u2630 1B5E                           u1670 162C  
                         u2710 2C12                           u1910 2592                           u2390 24DA  
                         u2550 1FE0                           u1751 1406                           u1591 17DE  
                         u2471 22A2                           u1831 1E9C                           u2631 1B5A  
                         u1671 1628                           u2711 2C0E                           u1911 258E  
                         u2391 24D6                           u2551 1FDC                           u2480 22C2  
                         u1840 1EE8                           u2640 1BFC                           u1680 1646  
                         u2720 2C74                           u1920 25A4                           u1760 11CA  
                         u2560 2016                           u2800 1886                           u1737 13C8  
                         u2481 22BE                           u1841 1EE4                           u2641 1BF8  
                         u1681 1642                           u2721 2C70                           u1921 25A0  
                         u1761 11C6                           u2561 2012                           u2801 1882  
                         u1770 1294                           u2490 22D4                           u1850 1EFC  
                         u1690 1660                           u2730 2CA8                           u2650 292A  
                         u1930 25B4                           u2570 210E                           u2810 18A8  
        ?_read_external_eeprom 0001                           u1747 13F0                           u1771 1290  
                         u2491 22D0                           u1851 1EF8                           u1691 165C  
                         u2731 2CA4                           u2651 2926                           u1931 25B0  
                         u2571 210A                           u2811 18A4                           u1780 12CC  
                         u1860 1F82                           u2740 2CBA                           u2660 296A  
                         u1940 25F6                           u2580 2128                           u1781 12C8  
                         u1861 1F7E                           u2741 2CB6                           u2661 2966  
                         u1941 25F2                           u2581 2124                           u1870 1FC4  
                         u2750 2CEC                           u2670 2A08                           u1950 2608  
                         u1790 1512                           u2590 214C                           u1871 1FC0  
                         u2751 2CE8                           u2671 2A04                           u1951 2604  
                         u1791 150E                           u2591 2148                           u1880 1306  
                         u2760 2D20                           u2680 2A6E                           u1960 2618  
                         u2761 2D1C                           u2681 2A6A                           u1961 2614  
                         u1890 132E                           u2770 2D52                           u2690 2B0C  
                         u1970 2656                           u2827 2E2A                           u2771 2D4E  
                         u2691 2B08                           u1971 2652                           u2780 2E70  
                         u1980 2696                           u2837 2EA4                           u2781 2E6C  
                         u1981 2692                           u2790 2EF0                           u1990 270A  
                         u1887 12FC                           u2847 1C32                           u2791 2EEC  
                         u1991 2706                           u2857 15DE                           u1897 1324  
                         _RCEN 7E2B                           _RCIF 7CF5                           _RBPU 7F8F  
                         _SPEN 7D5F                           _RSEN 7E29                           _TXEN 7D65  
                         _TXIF 7CF4                           _SYNC 7D64                           _data 0100  
                         _flag 00DF                           _main 1850                           _menu 007C  
                         _hour 0057                           _once 007A                           _time 00E1  
                         fsr1h 0FE2                           fsr2h 0FDA                           indf1 0FE7  
                         indf2 0FDF                           fsr1l 0FE1                           fsr2l 0FD9  
                         _puts 12E2                           prodh 0FF4                           prodl 0FF3  
                         start 2FFC                ___fldiv@new_exp 0020           ??_init_matrix_keypad 0001  
                 ___param_bank 0000                 clcd_write@byte 0002                    _store_event 178C  
                _i2c_rep_start 0F72                  ??_i2c_rx_mode 0001                   ?_init_ds1307 0001  
                 ?_event_store 0001                  ___fltol@sign1 0030                          _ADCS0 7E00  
                        _ADCS1 7E01                          _ADCS2 7E02                          ?_main 0001  
                 ?_read_ds1307 0001                          _ACKEN 7E2C                          _ACKDT 7E2D  
                        _BCLIF 7D0B                __end_of___fldiv 2908                          _ACQT0 7E03  
                        _ACQT1 7E04                          _ACQT2 7E05                __end_of___awdiv 178C  
                        STR_20 2F2B                          STR_21 2FF8                          STR_30 2F19  
                        STR_22 2F60                          STR_23 2F93                          STR_31 2EFF  
                        STR_40 2FA4                          STR_32 2F2D                          STR_24 2F1C  
                        _BRG16 7DC3                          STR_41 2FB3                          STR_17 2F71  
                        STR_25 2F4F                          STR_33 2F3E                          STR_18 2FF8  
                        STR_34 2FD7                          STR_26 2F82                          STR_27 2F19  
                        STR_19 2F2B                          STR_35 2F2A                          STR_36 2F2A  
                        STR_28 2FC0                __end_of___awmod 16CA                          STR_29 2F19  
                        STR_37 2F2A                          STR_38 2FCC                          STR_70 2FE3  
                        STR_39 2FB3                          STR_71 2FE6                          STR_72 2FE9  
                        STR_73 2FF5                          STR_66 2FEF                          STR_67 2FF2  
                        STR_68 2FEC                          STR_69 2FE0                __end_of___fltol 1A1E  
                        ?_puts 0002                ___awdiv@divisor 0003                   ?_init_config 0001  
              ___awdiv@counter 0005                          _VCFG0 7E0C                          _VCFG1 7E0D  
                        _RCREG 0FAE                  int_to_str@num 0009                          _SENDB 7D63  
                int_to_str@str 000B                          _SPBRG 0FAF                          _PORTB 0F81  
                        _PORTD 0F83                          _TRISB 0F93                          _TRISC 0F94  
                        _TRISD 0F95                          _SSPIF 7CF3                          _TXREG 0FAD  
    write_external_eeprom@data 0004                          _delay 003B                          _blink 003F  
                        _field 003D                          _array 00C0                          _count 0058  
                        _speed 004D                          _state 0054                          _putch 0FDC  
                        tablat 0FF5                          puts@s 0002                          status 0FD8  
             init_ds1307@dummy 000B                     _i2c_no_ack 0F64                __initialization 140C  
               ?_i2c_rep_start 0001         ?_write_external_eeprom 0004                   __end_of_main 1918  
                 __end_of_puts 1340               __end_of_i2c_idle 0FB4               __end_of_i2c_read 0F96  
             __end_of_i2c_stop 0F8A                  ?_download_log 0001                         ??_main 0032  
                       ??_puts 0004                  __activetblptr 0002            __end_of_i2c_rx_mode 0F72  
                       _ADCON0 0FC2                         _ADCON1 0FC1               read_switches@key 005A  
       ??_read_external_eeprom 0002                         _ADRESH 0FC4                         _ADRESL 0FC3  
             ___awdiv@dividend 0001                         ?_putch 0001                         _GODONE 7E11  
                 _write_ds1307 1028                         _SSPADD 0FC8                         _TRISC3 7CA3  
                       _TRISC4 7CA4                         _TRISC6 7CA6                         _TRISC7 7CA7  
                       _TRISD7 7CAF                         _SSPBUF 0FC9               __end_of___xxtofl 1E0C  
                  event_read@i 0009                    event_read@j 000B               __end_of_get_time 156E  
                    ??___fldiv 0017                      ??___awdiv 0005                      ??___awmod 0005  
                    ??___fltol 002C               __end_of_init_i2c 0FDC               __end_of_init_adc 1028  
             __end_of_read_adc 11EA                         clear_0 1444                         clear_1 1450  
                       clear_2 145C                         clear_3 1468                 ??_download_log 000E  
             ___awdiv@quotient 0007                  view_log@delay 000E                ___awmod@divisor 0003  
                       _scroll 0045                         isa$std 0001               __end_of_scan_key 1B26  
              ___awmod@counter 0005                         _stored 0200                   __pdataCOMRAM 005E  
             __end_of_set_time 2EFE                   __mediumconst 2EFE                         tblptrh 0FF7  
                       tblptrl 0FF6                         tblptru 0FF8               __end_of_view_log 21A8  
                 ___xxtofl@arg 000B                   ___xxtofl@exp 000A                   ___xxtofl@val 0001  
                   __accesstop 0060        __end_of__initialization 146E                  ___rparam_used 0001  
                   ___fltol@f1 0028                ??_i2c_rep_start 0001                    ?_i2c_no_ack 0001  
               __pcstackCOMRAM 0001                   __pidataBANK0 1340                    _i2c_rx_mode 0F6A  
                __end_of_putch 0FF4              __end_of_i2c_start 0F82              __end_of_i2c_write 0FA2  
             ??_view_dashboard 0032                        ??_putch 0001                     __pbssBANK0 00C0  
                   __pbssBANK1 0100                     __pbssBANK2 0200         write_external_eeprom@k 0005  
                    ?_i2c_idle 0001                      ?_i2c_read 0001                      ?_i2c_stop 0001  
                   _data_index 00DD                     _clcd_print 13A0                     _clcd_putch 0FF4  
                   _clcd_write 10EE   write_external_eeprom@address 0007                   ?_store_event 0001  
              read_ds1307@data 0003              read_switches@once 005E                        _ACKSTAT 7E2E  
                    ?___xxtofl 0001                        _SSPCON1 0FC6                      ?_get_time 0001  
                _read_switches 1478                     ??_i2c_idle 0001                     ??_i2c_read 0001  
                   ??_i2c_stop 0001                      ?_init_i2c 0001           __end_of_download_log 1C58  
                    ?_init_adc 0001                      ?_read_adc 0001              __end_of_clear_log 161C  
                    ?_scan_key 0001        ??_write_external_eeprom 0005                        __Hparam 0000  
                      __Lparam 0000                      ?_set_time 0001                   event_store@i 000C  
                      ___fldiv 2578                        ___awdiv 16CA                     _event_read 1E0C  
                      ___awmod 161C                      ?_view_log 0001                        ___fltol 1918  
                 store_event@i 000A                        __pcinit 140C                        __ramtop 0600  
                      __ptext0 1850                        __ptext1 1FC6                        __ptext2 238E  
                      __ptext3 11A4                        __ptext4 1232                        __ptext5 14EC  
                      __ptext6 1C58                        __ptext7 1918                        __ptext8 2578  
                      __ptext9 2908              __end_of_init_clcd 10EE                     _int_to_str 1232  
                   ??___xxtofl 0005              __end_of_init_uart 1066               ___awmod@dividend 0001  
               ?_read_switches 0001                     ??_get_time 0004           end_of_initialization 146E  
                   clear_log@j 0010                     ??_init_i2c 0001                     ??_init_adc 0001  
                __Lmediumconst 2EFE                     ??_read_adc 0003                     ??_scan_key 0001  
                  ?_clcd_print 0003                    ?_clcd_putch 0009                    ?_clcd_write 0001  
                   ??_set_time 000E                        postdec1 0FE5                        postdec2 0FDD  
                      postinc0 0FEE                        postinc2 0FDE                     ??_view_log 000B  
                    _PORTBbits 0F81                read_adc@channel 0007                  i2c_write@data 0001  
                ___xxtofl@sign 0009                read_adc@reg_val 0005                    ___fldiv@grs 0022  
                  ___fldiv@rem 001B       read_external_eeprom@data 0003                   ??_i2c_no_ack 0001  
                  ?_event_read 0001                   ?_i2c_rx_mode 0001                  __pidataCOMRAM 3000  
                  _adc_reg_val 0051                    ?_int_to_str 0009            start_initialization 140C  
              ??_read_switches 0001                      _i2c_start 0F7A                      _i2c_write 0F96  
           __end_of_i2c_no_ack 0F6A           _data_index@main$F324 0037           _data_index@main$F462 00D7  
         _data_index@main$F527 00D5           _data_index@main$F617 00D1           _data_index@main$F573 00D3  
        __end_of_i2c_rep_start 0F7A                  ??_init_ds1307 000B                    __pdataBANK0 0060  
                ??_event_store 000C                  ??_read_ds1307 0002                   _download_log 1B26  
  read_switches@detection_type 0001                  ??_init_config 000C                      ___fldiv@a 0013  
                    ___fldiv@b 000F                    __pbssCOMRAM 0034                   _event_number 0043  
                   ?_i2c_start 0001                     ?_i2c_write 0001  __end_of_write_external_eeprom 11A4  
                    _clear_log 156E                  __pmediumconst 2EFE                       ?___fldiv 000F  
                     ?___awdiv 0001                       ?___awmod 0001                       ?___fltol 0028  
               _once@main$F325 0078                 _once@main$F463 0076                 _once@main$F528 0074  
               _once@main$F618 0070                 _once@main$F574 0072             read_ds1307@address 0002  
                    _clock_reg 0034                    __smallconst 2EFE            __end_of_init_ds1307 1232  
                    _index_val 004F            __end_of_event_store 12E2            __end_of_read_ds1307 10BA  
            _display_main_menu 21A8                      _init_clcd 10BA            __end_of_init_config 1164  
                    _init_uart 1046             ?_display_main_menu 0001                  ?_write_ds1307 0009  
  read_external_eeprom@address 0002                   ??_clcd_print 0006                   ??_clcd_putch 000A  
   __end_of_init_matrix_keypad 0FC6                   ??_clcd_write 0002            ??_display_main_menu 0006  
                   ?_clear_log 0001                      _speed_str 005B                  download_log@x 0011  
        clcd_write@control_bit 0001      __end_of_display_main_menu 238E                    ??_i2c_start 0001  
           __end_of_clcd_print 140C                    ??_i2c_write 0001             __end_of_clcd_putch 100C  
           __end_of_clcd_write 1128                     ?_init_clcd 0001                      _write_add 0053  
                   ?_init_uart 0001                      copy_data0 1420                 ??_write_ds1307 000A  
                     _i2c_idle 0FA2                       _i2c_read 0F8A                       _i2c_stop 0F82  
                     __Hrparam 0000                       __Lrparam 0000                   ??_event_read 0004  
 __end_of_read_external_eeprom 1090                    _init_ds1307 11EA                    _event_count 0041  
                  _event_store 1284                    _read_ds1307 1090                    _init_config 1128  
                 ??_int_to_str 000C                       ___xxtofl 1C58            write_ds1307@address 000A  
                     __ptext10 0FF4                       __ptext11 161C                       __ptext20 1028  
                     __ptext12 16CA                       __ptext21 1090                       __ptext13 1478  
                     __ptext30 1284                       __ptext22 10BA                       __ptext14 1A1E  
                     __ptext31 178C                       __ptext23 100C                       __ptext15 1128  
                     __ptext40 0FA2                       __ptext32 1164                       __ptext24 1B26  
                     __ptext16 1046                       __ptext41 0F64                       __ptext33 1066  
                     __ptext25 12E2                       __ptext17 0FB4                       __ptext42 13A0  
                     __ptext34 0F96                       __ptext26 0FDC                       __ptext18 0FC6  
                     __ptext43 10EE                       __ptext35 0F82                       __ptext27 1E0C  
                     __ptext19 11EA                       __ptext36 0F7A                       __ptext28 21A8  
                     __ptext37 0F72                       __ptext29 156E                       __ptext38 0F8A  
                     __ptext39 0F6A                       _get_time 14EC             __end_of_event_read 1FC6  
                     _init_i2c 0FC6                       _init_adc 100C                       _read_adc 11A4  
                     _scan_key 1A1E                    ??_clear_log 000E                  ??_store_event 0008  
           __end_of_int_to_str 1284                       _set_time 2908                       isa$xinst 0000  
                     _view_log 1FC6                      putch@byte 0001                    ??_init_clcd 0003  
        __end_of_read_switches 14EC                    ??_init_uart 0001                 _view_dashboard 238E  
         __end_of_write_ds1307 1046            __end_of_store_event 1850         __end_of_view_dashboard 2578  
             write_ds1307@data 0009            event_read@read_addr 0008           _read_external_eeprom 1066  
